name,theorem,replicate,verified,platform_failed,actual_dollars,qualified
aime_1984_p1__selection-medium-1e4aec7dbbe80e7a__gpt-5.6-luna__seed0,aime_1984_p1,0,False,False,0.032781779999999996,False
aime_1984_p1__selection-xhigh-3bfe5109dc462e8c__gpt-5.6-luna__seed0,aime_1984_p1,0,False,False,0.02691505999999999,False
aime_1984_p1__selection-xhigh-68338b80d7121921__gpt-5.6-luna__seed0,aime_1984_p1,0,True,False,0.019002019999999998,True
aime_1988_p3__selection-medium-1e4aec7dbbe80e7a__gpt-5.6-luna__seed0,aime_1988_p3,0,True,False,0.039468159999999995,True
aime_1988_p3__selection-xhigh-3bfe5109dc462e8c__gpt-5.6-luna__seed0,aime_1988_p3,0,False,False,0.027171760000000007,False
aime_1988_p3__selection-xhigh-68338b80d7121921__gpt-5.6-luna__seed0,aime_1988_p3,0,False,False,0.027636859999999996,False
aime_1988_p8__selection-medium-1e4aec7dbbe80e7a__gpt-5.6-luna__seed0,aime_1988_p8,0,True,False,0.011352979999999999,True
aime_1988_p8__selection-xhigh-3bfe5109dc462e8c__gpt-5.6-luna__seed0,aime_1988_p8,0,True,False,0.01087172,True
aime_1988_p8__selection-xhigh-68338b80d7121921__gpt-5.6-luna__seed0,aime_1988_p8,0,True,False,0.00330978,True
aime_1990_p4__selection-medium-1e4aec7dbbe80e7a__gpt-5.6-luna__seed0,aime_1990_p4,0,True,False,0.0077706400000000005,True
aime_1990_p4__selection-xhigh-3bfe5109dc462e8c__gpt-5.6-luna__seed0,aime_1990_p4,0,False,False,0.028588199999999994,False
aime_1990_p4__selection-xhigh-68338b80d7121921__gpt-5.6-luna__seed0,aime_1990_p4,0,True,False,0.01051352,True
algebra_amgm_sum1toneqn_prod1tonleq1__prover-high-1e4aec7dbbe80e7a__gpt-5.6-luna__seed0,algebra_amgm_sum1toneqn_prod1tonleq1,0,False,False,0.026292239999999998,False
algebra_amgm_sum1toneqn_prod1tonleq1__prover-low-1e4aec7dbbe80e7a__gpt-5.6-luna__seed0,algebra_amgm_sum1toneqn_prod1tonleq1,0,False,False,0.032757680000000004,False
algebra_amgm_sum1toneqn_prod1tonleq1__prover-medium-1e4aec7dbbe80e7a__gpt-5.6-luna__seed0,algebra_amgm_sum1toneqn_prod1tonleq1,0,False,False,0.040076360000000005,False
algebra_amgm_sum1toneqn_prod1tonleq1__prover-xhigh-1e4aec7dbbe80e7a__gpt-5.6-luna__seed0,algebra_amgm_sum1toneqn_prod1tonleq1,0,True,False,0.022972339999999997,True
amc12_2000_p1__selection-medium-1e4aec7dbbe80e7a__gpt-5.6-luna__seed0,amc12_2000_p1,0,False,False,0.0385016,False
amc12_2000_p1__selection-xhigh-3bfe5109dc462e8c__gpt-5.6-luna__seed0,amc12_2000_p1,0,True,False,0.019349179999999997,True
amc12_2000_p1__selection-xhigh-68338b80d7121921__gpt-5.6-luna__seed0,amc12_2000_p1,0,False,False,0.04416522,False
amc12_2000_p6__selection-medium-1e4aec7dbbe80e7a__gpt-5.6-luna__seed0,amc12_2000_p6,0,True,False,0.011517859999999998,True
amc12_2000_p6__selection-xhigh-3bfe5109dc462e8c__gpt-5.6-luna__seed0,amc12_2000_p6,0,True,False,0.02558524,True
amc12_2000_p6__selection-xhigh-68338b80d7121921__gpt-5.6-luna__seed0,amc12_2000_p6,0,True,False,0.0134501,True
amc12a_2002_p13__prover-high-1e4aec7dbbe80e7a__gpt-5.6-luna__seed0,amc12a_2002_p13,0,True,False,0.024471899999999998,True
amc12a_2002_p13__prover-low-1e4aec7dbbe80e7a__gpt-5.6-luna__seed0,amc12a_2002_p13,0,False,False,0.03717918,False
amc12a_2002_p13__prover-medium-1e4aec7dbbe80e7a__gpt-5.6-luna__seed0,amc12a_2002_p13,0,True,False,0.02622858,True
amc12a_2002_p13__prover-xhigh-1e4aec7dbbe80e7a__gpt-5.6-luna__seed0,amc12a_2002_p13,0,True,False,0.015000659999999997,True
amc12a_2003_p1__prover-high-1e4aec7dbbe80e7a__gpt-5.6-luna__seed0,amc12a_2003_p1,0,True,False,0.00445122,True
amc12a_2003_p1__prover-low-1e4aec7dbbe80e7a__gpt-5.6-luna__seed0,amc12a_2003_p1,0,True,False,0.006489159999999999,True
amc12a_2003_p1__prover-medium-1e4aec7dbbe80e7a__gpt-5.6-luna__seed0,amc12a_2003_p1,0,True,False,0.0024149799999999997,True
amc12a_2003_p1__prover-xhigh-1e4aec7dbbe80e7a__gpt-5.6-luna__seed0,amc12a_2003_p1,0,True,False,0.00942904,True
amc12a_2013_p7__selection-medium-1e4aec7dbbe80e7a__gpt-5.6-luna__seed0,amc12a_2013_p7,0,True,False,0.00079284,True
amc12a_2013_p7__selection-xhigh-3bfe5109dc462e8c__gpt-5.6-luna__seed0,amc12a_2013_p7,0,True,False,0.00112516,True
amc12a_2013_p7__selection-xhigh-68338b80d7121921__gpt-5.6-luna__seed0,amc12a_2013_p7,0,True,False,0.00116352,True
amc12a_2016_p2__selection-medium-1e4aec7dbbe80e7a__gpt-5.6-luna__seed0,amc12a_2016_p2,0,True,False,0.00283102,True
amc12a_2016_p2__selection-xhigh-3bfe5109dc462e8c__gpt-5.6-luna__seed0,amc12a_2016_p2,0,True,False,0.01088692,True
amc12a_2016_p2__selection-xhigh-68338b80d7121921__gpt-5.6-luna__seed0,amc12a_2016_p2,0,True,False,0.012850519999999999,True
amc12a_2017_p7__prover-high-1e4aec7dbbe80e7a__gpt-5.6-luna__seed0,amc12a_2017_p7,0,True,False,0.02910782,True
amc12a_2017_p7__prover-low-1e4aec7dbbe80e7a__gpt-5.6-luna__seed0,amc12a_2017_p7,0,True,False,0.01206498,True
amc12a_2017_p7__prover-medium-1e4aec7dbbe80e7a__gpt-5.6-luna__seed0,amc12a_2017_p7,0,True,False,0.010614499999999999,True
amc12a_2017_p7__prover-xhigh-1e4aec7dbbe80e7a__gpt-5.6-luna__seed0,amc12a_2017_p7,0,True,False,0.01174164,True
amc12a_2020_p13__selection-medium-1e4aec7dbbe80e7a__gpt-5.6-luna__seed0,amc12a_2020_p13,0,False,False,0.03665764,False
amc12a_2020_p13__selection-xhigh-3bfe5109dc462e8c__gpt-5.6-luna__seed0,amc12a_2020_p13,0,False,False,0.028465960000000002,False
amc12a_2020_p13__selection-xhigh-68338b80d7121921__gpt-5.6-luna__seed0,amc12a_2020_p13,0,False,False,0.027503460000000004,False
amc12b_2002_p11__prover-high-1e4aec7dbbe80e7a__gpt-5.6-luna__seed0,amc12b_2002_p11,0,False,False,0.03242298,False
amc12b_2002_p11__prover-low-1e4aec7dbbe80e7a__gpt-5.6-luna__seed0,amc12b_2002_p11,0,False,False,0.03737478,False
amc12b_2002_p11__prover-medium-1e4aec7dbbe80e7a__gpt-5.6-luna__seed0,amc12b_2002_p11,0,False,False,0.03523288,False
amc12b_2002_p11__prover-medium-3bfe5109dc462e8c__gpt-5.6-luna__seed0,amc12b_2002_p11,0,False,False,0.03467414,False
amc12b_2002_p11__prover-medium-68338b80d7121921__gpt-5.6-luna__seed0,amc12b_2002_p11,0,False,False,0.03776209999999999,False
amc12b_2002_p11__prover-xhigh-10cc02b07a1c6c29__gpt-5.6-luna__seed0,amc12b_2002_p11,0,False,False,0.03641478000000001,False
amc12b_2002_p11__prover-xhigh-125d7332ca106585__gpt-5.6-luna__seed0,amc12b_2002_p11,0,False,False,0.022179519999999994,False
amc12b_2002_p11__prover-xhigh-1e4aec7dbbe80e7a__gpt-5.6-luna__seed0,amc12b_2002_p11,0,False,False,0.032776440000000004,False
amc12b_2002_p11__prover-xhigh-26d7cc1993e76d38__gpt-5.6-luna__seed0,amc12b_2002_p11,0,False,False,0.031010999999999997,False
amc12b_2002_p11__prover-xhigh-2ebdaef5c0d8b7ce__gpt-5.6-luna__seed0,amc12b_2002_p11,0,False,False,0.02843954,False
amc12b_2002_p11__prover-xhigh-32c2336efd904991__gpt-5.6-luna__seed0,amc12b_2002_p11,0,False,False,0.03020034,False
amc12b_2002_p11__prover-xhigh-345f1ee0202d55e3__gpt-5.6-luna__seed0,amc12b_2002_p11,0,False,False,0.03369318,False
amc12b_2002_p11__prover-xhigh-34e051ff5274f9eb__gpt-5.6-luna__seed0,amc12b_2002_p11,0,False,False,0.025186860000000002,False
amc12b_2002_p11__prover-xhigh-38ac3031ca8083bc__gpt-5.6-luna__seed0,amc12b_2002_p11,0,False,False,0.024948099999999997,False
amc12b_2002_p11__prover-xhigh-392a7a2230818467__gpt-5.6-luna__seed0,amc12b_2002_p11,0,False,False,0.03481196,False
amc12b_2002_p11__prover-xhigh-3bfe5109dc462e8c__gpt-5.6-luna__seed0,amc12b_2002_p11,0,False,False,0.023817559999999998,False
amc12b_2002_p11__prover-xhigh-3e6016d332df5347__gpt-5.6-luna__seed0,amc12b_2002_p11,0,False,False,0.02400646,False
amc12b_2002_p11__prover-xhigh-4de2b7bf26816e71__gpt-5.6-luna__seed0,amc12b_2002_p11,0,False,False,0.0255669,False
amc12b_2002_p11__prover-xhigh-68338b80d7121921__gpt-5.6-luna__seed0,amc12b_2002_p11,0,False,False,0.024715160000000003,False
amc12b_2002_p11__prover-xhigh-81b8082cec9164b4__gpt-5.6-luna__seed0,amc12b_2002_p11,0,False,False,0.02449112,False
amc12b_2002_p11__prover-xhigh-8eefc07db15048b1__gpt-5.6-luna__seed0,amc12b_2002_p11,0,False,False,0.02376856,False
amc12b_2002_p11__prover-xhigh-9771a16dde5dd680__gpt-5.6-luna__seed0,amc12b_2002_p11,0,False,False,0.0320539,False
amc12b_2002_p11__prover-xhigh-b439ff17e44fdd2f__gpt-5.6-luna__seed0,amc12b_2002_p11,0,False,False,0.023267419999999997,False
amc12b_2002_p11__prover-xhigh-c42d9ea2fa1215e2__gpt-5.6-luna__seed0,amc12b_2002_p11,0,False,False,0.02533632,False
amc12b_2002_p11__prover-xhigh-c58062708d40c581__gpt-5.6-luna__seed0,amc12b_2002_p11,0,False,False,0.027032019999999993,False
amc12b_2002_p11__prover-xhigh-eded856fb989c1f6__gpt-5.6-luna__seed0,amc12b_2002_p11,0,False,False,0.02545202,False
amc12b_2002_p11__prover-xhigh-f05fbcb501c34473__gpt-5.6-luna__seed0,amc12b_2002_p11,0,False,False,0.025046779999999998,False
amc12b_2002_p11__prover-xhigh-f6dd4886ff6a140b__gpt-5.6-luna__seed0,amc12b_2002_p11,0,False,False,0.022425060000000004,False
amc12b_2002_p11__prover-xhigh-fa6b32f084145e14__gpt-5.6-luna__seed0,amc12b_2002_p11,0,False,False,0.025976239999999998,False
amc12b_2003_p17__prover-high-1e4aec7dbbe80e7a__gpt-5.6-luna__seed0,amc12b_2003_p17,0,True,False,0.0030984399999999996,True
amc12b_2003_p17__prover-low-1e4aec7dbbe80e7a__gpt-5.6-luna__seed0,amc12b_2003_p17,0,True,False,0.00465066,True
amc12b_2003_p17__prover-medium-1e4aec7dbbe80e7a__gpt-5.6-luna__seed0,amc12b_2003_p17,0,True,False,0.01660522,True
amc12b_2003_p17__prover-medium-3bfe5109dc462e8c__gpt-5.6-luna__seed0,amc12b_2003_p17,0,True,False,0.005983840000000001,True
amc12b_2003_p17__prover-medium-68338b80d7121921__gpt-5.6-luna__seed0,amc12b_2003_p17,0,True,False,0.00395356,True
amc12b_2003_p17__prover-xhigh-10cc02b07a1c6c29__gpt-5.6-luna__seed0,amc12b_2003_p17,0,True,False,0.007063999999999999,True
amc12b_2003_p17__prover-xhigh-125d7332ca106585__gpt-5.6-luna__seed0,amc12b_2003_p17,0,True,False,0.0071061,True
amc12b_2003_p17__prover-xhigh-1e4aec7dbbe80e7a__gpt-5.6-luna__seed0,amc12b_2003_p17,0,True,False,0.00697438,True
amc12b_2003_p17__prover-xhigh-26d7cc1993e76d38__gpt-5.6-luna__seed0,amc12b_2003_p17,0,True,False,0.007626600000000001,True
amc12b_2003_p17__prover-xhigh-2ebdaef5c0d8b7ce__gpt-5.6-luna__seed0,amc12b_2003_p17,0,True,False,0.0024476999999999997,True
amc12b_2003_p17__prover-xhigh-32c2336efd904991__gpt-5.6-luna__seed0,amc12b_2003_p17,0,True,False,0.0049479,True
amc12b_2003_p17__prover-xhigh-345f1ee0202d55e3__gpt-5.6-luna__seed0,amc12b_2003_p17,0,True,False,0.0032126999999999998,True
amc12b_2003_p17__prover-xhigh-34e051ff5274f9eb__gpt-5.6-luna__seed0,amc12b_2003_p17,0,True,False,0.00788192,True
amc12b_2003_p17__prover-xhigh-38ac3031ca8083bc__gpt-5.6-luna__seed0,amc12b_2003_p17,0,True,False,0.0027027600000000002,True
amc12b_2003_p17__prover-xhigh-392a7a2230818467__gpt-5.6-luna__seed0,amc12b_2003_p17,0,True,False,0.0046717,True
amc12b_2003_p17__prover-xhigh-3bfe5109dc462e8c__gpt-5.6-luna__seed0,amc12b_2003_p17,0,True,False,0.00332988,True
amc12b_2003_p17__prover-xhigh-3e6016d332df5347__gpt-5.6-luna__seed0,amc12b_2003_p17,0,True,False,0.008554699999999998,True
amc12b_2003_p17__prover-xhigh-4de2b7bf26816e71__gpt-5.6-luna__seed0,amc12b_2003_p17,0,True,False,0.006838099999999999,True
amc12b_2003_p17__prover-xhigh-68338b80d7121921__gpt-5.6-luna__seed0,amc12b_2003_p17,0,True,False,0.00262478,True
amc12b_2003_p17__prover-xhigh-81b8082cec9164b4__gpt-5.6-luna__seed0,amc12b_2003_p17,0,True,False,0.008357159999999999,True
amc12b_2003_p17__prover-xhigh-8eefc07db15048b1__gpt-5.6-luna__seed0,amc12b_2003_p17,0,True,False,0.00570592,True
amc12b_2003_p17__prover-xhigh-9771a16dde5dd680__gpt-5.6-luna__seed0,amc12b_2003_p17,0,True,False,0.004257519999999999,True
amc12b_2003_p17__prover-xhigh-b439ff17e44fdd2f__gpt-5.6-luna__seed0,amc12b_2003_p17,0,True,False,0.018176279999999996,True
amc12b_2003_p17__prover-xhigh-c42d9ea2fa1215e2__gpt-5.6-luna__seed0,amc12b_2003_p17,0,True,False,0.012555680000000001,True
amc12b_2003_p17__prover-xhigh-c58062708d40c581__gpt-5.6-luna__seed0,amc12b_2003_p17,0,True,False,0.014865920000000001,True
amc12b_2003_p17__prover-xhigh-eded856fb989c1f6__gpt-5.6-luna__seed0,amc12b_2003_p17,0,True,False,0.0033652400000000002,True
amc12b_2003_p17__prover-xhigh-f05fbcb501c34473__gpt-5.6-luna__seed0,amc12b_2003_p17,0,True,False,0.0066859,True
amc12b_2003_p17__prover-xhigh-f6dd4886ff6a140b__gpt-5.6-luna__seed0,amc12b_2003_p17,0,True,False,0.0097193,True
amc12b_2003_p17__prover-xhigh-fa6b32f084145e14__gpt-5.6-luna__seed0,amc12b_2003_p17,0,True,False,0.006555839999999999,True
amc12b_2004_p3__prover-high-1e4aec7dbbe80e7a__gpt-5.6-luna__seed0,amc12b_2004_p3,0,False,False,0.027277019999999996,False
amc12b_2004_p3__prover-low-1e4aec7dbbe80e7a__gpt-5.6-luna__seed0,amc12b_2004_p3,0,False,False,0.04223556,False
amc12b_2004_p3__prover-medium-1e4aec7dbbe80e7a__gpt-5.6-luna__seed0,amc12b_2004_p3,0,False,False,0.039440920000000004,False
amc12b_2004_p3__prover-xhigh-1e4aec7dbbe80e7a__gpt-5.6-luna__seed0,amc12b_2004_p3,0,True,False,0.02692762,True
imo_1963_p5__selection-medium-1e4aec7dbbe80e7a__gpt-5.6-luna__seed0,imo_1963_p5,0,True,False,0.019044719999999998,True
imo_1963_p5__selection-xhigh-3bfe5109dc462e8c__gpt-5.6-luna__seed0,imo_1963_p5,0,True,False,0.0288901,True
imo_1963_p5__selection-xhigh-68338b80d7121921__gpt-5.6-luna__seed0,imo_1963_p5,0,True,False,0.03002184,True
imo_1967_p3__selection-medium-1e4aec7dbbe80e7a__gpt-5.6-luna__seed0,imo_1967_p3,0,False,False,0.0318086,False
imo_1967_p3__selection-xhigh-3bfe5109dc462e8c__gpt-5.6-luna__seed0,imo_1967_p3,0,False,False,0.02418322,False
imo_1967_p3__selection-xhigh-68338b80d7121921__gpt-5.6-luna__seed0,imo_1967_p3,0,False,False,0.0241894,False
imo_1968_p5_1__selection-medium-1e4aec7dbbe80e7a__gpt-5.6-luna__seed0,imo_1968_p5_1,0,False,False,0.03879356,False
imo_1968_p5_1__selection-xhigh-3bfe5109dc462e8c__gpt-5.6-luna__seed0,imo_1968_p5_1,0,False,False,0.02782266,False
imo_1968_p5_1__selection-xhigh-68338b80d7121921__gpt-5.6-luna__seed0,imo_1968_p5_1,0,True,False,0.02590236,True
imo_1977_p6__prover-high-1e4aec7dbbe80e7a__gpt-5.6-luna__seed0,imo_1977_p6,0,False,False,0.040330819999999996,False
imo_1977_p6__prover-low-1e4aec7dbbe80e7a__gpt-5.6-luna__seed0,imo_1977_p6,0,False,False,0.042558700000000005,False
imo_1977_p6__prover-medium-1e4aec7dbbe80e7a__gpt-5.6-luna__seed0,imo_1977_p6,0,False,False,0.039424959999999995,False
imo_1977_p6__prover-medium-3bfe5109dc462e8c__gpt-5.6-luna__seed0,imo_1977_p6,0,False,False,0.03424136,False
imo_1977_p6__prover-medium-68338b80d7121921__gpt-5.6-luna__seed0,imo_1977_p6,0,False,False,0.03983718,False
imo_1977_p6__prover-xhigh-10cc02b07a1c6c29__gpt-5.6-luna__seed0,imo_1977_p6,0,False,False,0.026703299999999996,False
imo_1977_p6__prover-xhigh-125d7332ca106585__gpt-5.6-luna__seed0,imo_1977_p6,0,False,False,0.030671939999999998,False
imo_1977_p6__prover-xhigh-1e4aec7dbbe80e7a__gpt-5.6-luna__seed0,imo_1977_p6,0,False,False,0.036137800000000005,False
imo_1977_p6__prover-xhigh-26d7cc1993e76d38__gpt-5.6-luna__seed0,imo_1977_p6,0,False,False,0.02566878,False
imo_1977_p6__prover-xhigh-2ebdaef5c0d8b7ce__gpt-5.6-luna__seed0,imo_1977_p6,0,False,False,0.04000378,False
imo_1977_p6__prover-xhigh-32c2336efd904991__gpt-5.6-luna__seed0,imo_1977_p6,0,False,False,0.03271192,False
imo_1977_p6__prover-xhigh-345f1ee0202d55e3__gpt-5.6-luna__seed0,imo_1977_p6,0,False,False,0.025390000000000003,False
imo_1977_p6__prover-xhigh-34e051ff5274f9eb__gpt-5.6-luna__seed0,imo_1977_p6,0,False,False,0.026930440000000003,False
imo_1977_p6__prover-xhigh-38ac3031ca8083bc__gpt-5.6-luna__seed0,imo_1977_p6,0,False,False,0.02538824,False
imo_1977_p6__prover-xhigh-392a7a2230818467__gpt-5.6-luna__seed0,imo_1977_p6,0,False,False,0.026576699999999995,False
imo_1977_p6__prover-xhigh-3bfe5109dc462e8c__gpt-5.6-luna__seed0,imo_1977_p6,0,False,False,0.0257421,False
imo_1977_p6__prover-xhigh-3e6016d332df5347__gpt-5.6-luna__seed0,imo_1977_p6,0,False,False,0.03724995999999999,False
imo_1977_p6__prover-xhigh-4de2b7bf26816e71__gpt-5.6-luna__seed0,imo_1977_p6,0,False,False,0.035139119999999996,False
imo_1977_p6__prover-xhigh-68338b80d7121921__gpt-5.6-luna__seed0,imo_1977_p6,0,False,False,0.024370779999999998,False
imo_1977_p6__prover-xhigh-81b8082cec9164b4__gpt-5.6-luna__seed0,imo_1977_p6,0,False,False,0.042523420000000006,False
imo_1977_p6__prover-xhigh-8eefc07db15048b1__gpt-5.6-luna__seed0,imo_1977_p6,0,False,False,0.03751166,False
imo_1977_p6__prover-xhigh-9771a16dde5dd680__gpt-5.6-luna__seed0,imo_1977_p6,0,False,False,0.039186259999999994,False
imo_1977_p6__prover-xhigh-b439ff17e44fdd2f__gpt-5.6-luna__seed0,imo_1977_p6,0,True,False,0.04024964,True
imo_1977_p6__prover-xhigh-c42d9ea2fa1215e2__gpt-5.6-luna__seed0,imo_1977_p6,0,False,False,0.0343947,False
imo_1977_p6__prover-xhigh-c58062708d40c581__gpt-5.6-luna__seed0,imo_1977_p6,0,True,False,0.03132818,True
imo_1977_p6__prover-xhigh-eded856fb989c1f6__gpt-5.6-luna__seed0,imo_1977_p6,0,False,False,0.03344948,False
imo_1977_p6__prover-xhigh-f05fbcb501c34473__gpt-5.6-luna__seed0,imo_1977_p6,0,False,False,0.02934506,False
imo_1977_p6__prover-xhigh-f6dd4886ff6a140b__gpt-5.6-luna__seed0,imo_1977_p6,0,False,False,0.0299944,False
imo_1977_p6__prover-xhigh-fa6b32f084145e14__gpt-5.6-luna__seed0,imo_1977_p6,0,False,False,0.03772232,False
imo_1983_p6__prover-high-1e4aec7dbbe80e7a__gpt-5.6-luna__seed0,imo_1983_p6,0,True,False,0.02113076,True
imo_1983_p6__prover-low-1e4aec7dbbe80e7a__gpt-5.6-luna__seed0,imo_1983_p6,0,True,False,0.01737388,True
imo_1983_p6__prover-medium-1e4aec7dbbe80e7a__gpt-5.6-luna__seed0,imo_1983_p6,0,True,False,0.024007199999999996,True
imo_1983_p6__prover-medium-3bfe5109dc462e8c__gpt-5.6-luna__seed0,imo_1983_p6,0,True,False,0.030128420000000003,True
imo_1983_p6__prover-medium-68338b80d7121921__gpt-5.6-luna__seed0,imo_1983_p6,0,False,False,0.0376856,False
imo_1983_p6__prover-xhigh-10cc02b07a1c6c29__gpt-5.6-luna__seed0,imo_1983_p6,0,False,False,0.03549848,False
imo_1983_p6__prover-xhigh-125d7332ca106585__gpt-5.6-luna__seed0,imo_1983_p6,0,False,False,0.0356918,False
imo_1983_p6__prover-xhigh-1e4aec7dbbe80e7a__gpt-5.6-luna__seed0,imo_1983_p6,0,False,False,0.033357859999999996,False
imo_1983_p6__prover-xhigh-26d7cc1993e76d38__gpt-5.6-luna__seed0,imo_1983_p6,0,False,False,0.03156938,False
imo_1983_p6__prover-xhigh-2ebdaef5c0d8b7ce__gpt-5.6-luna__seed0,imo_1983_p6,0,False,False,0.03005882,False
imo_1983_p6__prover-xhigh-32c2336efd904991__gpt-5.6-luna__seed0,imo_1983_p6,0,False,False,0.027620560000000002,False
imo_1983_p6__prover-xhigh-345f1ee0202d55e3__gpt-5.6-luna__seed0,imo_1983_p6,0,False,False,0.0321267,False
imo_1983_p6__prover-xhigh-34e051ff5274f9eb__gpt-5.6-luna__seed0,imo_1983_p6,0,False,False,0.031679860000000004,False
imo_1983_p6__prover-xhigh-38ac3031ca8083bc__gpt-5.6-luna__seed0,imo_1983_p6,0,True,False,0.0275192,True
imo_1983_p6__prover-xhigh-392a7a2230818467__gpt-5.6-luna__seed0,imo_1983_p6,0,True,False,0.0184668,True
imo_1983_p6__prover-xhigh-3bfe5109dc462e8c__gpt-5.6-luna__seed0,imo_1983_p6,0,True,False,0.01864424,True
imo_1983_p6__prover-xhigh-3e6016d332df5347__gpt-5.6-luna__seed0,imo_1983_p6,0,True,False,0.03662336,True
imo_1983_p6__prover-xhigh-4de2b7bf26816e71__gpt-5.6-luna__seed0,imo_1983_p6,0,True,False,0.0241992,True
imo_1983_p6__prover-xhigh-68338b80d7121921__gpt-5.6-luna__seed0,imo_1983_p6,0,True,False,0.02675192,True
imo_1983_p6__prover-xhigh-81b8082cec9164b4__gpt-5.6-luna__seed0,imo_1983_p6,0,True,False,0.02374686,True
imo_1983_p6__prover-xhigh-8eefc07db15048b1__gpt-5.6-luna__seed0,imo_1983_p6,0,True,False,0.040861339999999996,True
imo_1983_p6__prover-xhigh-9771a16dde5dd680__gpt-5.6-luna__seed0,imo_1983_p6,0,True,False,0.02862494,True
imo_1983_p6__prover-xhigh-b439ff17e44fdd2f__gpt-5.6-luna__seed0,imo_1983_p6,0,True,False,0.016693180000000002,True
imo_1983_p6__prover-xhigh-c42d9ea2fa1215e2__gpt-5.6-luna__seed0,imo_1983_p6,0,False,False,0.026288459999999996,False
imo_1983_p6__prover-xhigh-c58062708d40c581__gpt-5.6-luna__seed0,imo_1983_p6,0,True,False,0.03007364,True
imo_1983_p6__prover-xhigh-eded856fb989c1f6__gpt-5.6-luna__seed0,imo_1983_p6,0,True,False,0.023369159999999996,True
imo_1983_p6__prover-xhigh-f05fbcb501c34473__gpt-5.6-luna__seed0,imo_1983_p6,0,True,False,0.024676739999999996,True
imo_1983_p6__prover-xhigh-f6dd4886ff6a140b__gpt-5.6-luna__seed0,imo_1983_p6,0,True,False,0.02758916,True
imo_1983_p6__prover-xhigh-fa6b32f084145e14__gpt-5.6-luna__seed0,imo_1983_p6,0,False,False,0.0303232,False
induction_pord1p1on2powklt5on2__prover-high-1e4aec7dbbe80e7a__gpt-5.6-luna__seed0,induction_pord1p1on2powklt5on2,0,False,False,0.026656120000000002,False
induction_pord1p1on2powklt5on2__prover-low-1e4aec7dbbe80e7a__gpt-5.6-luna__seed0,induction_pord1p1on2powklt5on2,0,False,False,0.04356026,False
induction_pord1p1on2powklt5on2__prover-medium-1e4aec7dbbe80e7a__gpt-5.6-luna__seed0,induction_pord1p1on2powklt5on2,0,True,False,0.0418447,True
induction_pord1p1on2powklt5on2__prover-xhigh-1e4aec7dbbe80e7a__gpt-5.6-luna__seed0,induction_pord1p1on2powklt5on2,0,False,False,0.031034939999999994,False
mathd_algebra_185__prover-high-1e4aec7dbbe80e7a__gpt-5.6-luna__seed0,mathd_algebra_185,0,False,False,0.0291221,False
mathd_algebra_185__prover-low-1e4aec7dbbe80e7a__gpt-5.6-luna__seed0,mathd_algebra_185,0,False,False,0.036173239999999995,False
mathd_algebra_185__prover-medium-1e4aec7dbbe80e7a__gpt-5.6-luna__seed0,mathd_algebra_185,0,False,False,0.03593192,False
mathd_algebra_185__prover-medium-3bfe5109dc462e8c__gpt-5.6-luna__seed0,mathd_algebra_185,0,False,False,0.03309178,False
mathd_algebra_185__prover-medium-68338b80d7121921__gpt-5.6-luna__seed0,mathd_algebra_185,0,False,False,0.03572694,False
mathd_algebra_185__prover-xhigh-10cc02b07a1c6c29__gpt-5.6-luna__seed0,mathd_algebra_185,0,False,False,0.0251377,False
mathd_algebra_185__prover-xhigh-125d7332ca106585__gpt-5.6-luna__seed0,mathd_algebra_185,0,False,False,0.02575394,False
mathd_algebra_185__prover-xhigh-1e4aec7dbbe80e7a__gpt-5.6-luna__seed0,mathd_algebra_185,0,False,False,0.02710394,False
mathd_algebra_185__prover-xhigh-26d7cc1993e76d38__gpt-5.6-luna__seed0,mathd_algebra_185,0,False,False,0.02604402,False
mathd_algebra_185__prover-xhigh-2ebdaef5c0d8b7ce__gpt-5.6-luna__seed0,mathd_algebra_185,0,False,False,0.0241403,False
mathd_algebra_185__prover-xhigh-32c2336efd904991__gpt-5.6-luna__seed0,mathd_algebra_185,0,False,False,0.02578034,False
mathd_algebra_185__prover-xhigh-345f1ee0202d55e3__gpt-5.6-luna__seed0,mathd_algebra_185,0,False,False,0.031668,False
mathd_algebra_185__prover-xhigh-34e051ff5274f9eb__gpt-5.6-luna__seed0,mathd_algebra_185,0,False,False,0.025099919999999998,False
mathd_algebra_185__prover-xhigh-38ac3031ca8083bc__gpt-5.6-luna__seed0,mathd_algebra_185,0,False,False,0.02591382,False
mathd_algebra_185__prover-xhigh-392a7a2230818467__gpt-5.6-luna__seed0,mathd_algebra_185,0,False,False,0.025710359999999998,False
mathd_algebra_185__prover-xhigh-3bfe5109dc462e8c__gpt-5.6-luna__seed0,mathd_algebra_185,0,False,False,0.023894399999999996,False
mathd_algebra_185__prover-xhigh-3e6016d332df5347__gpt-5.6-luna__seed0,mathd_algebra_185,0,False,False,0.02530666,False
mathd_algebra_185__prover-xhigh-4de2b7bf26816e71__gpt-5.6-luna__seed0,mathd_algebra_185,0,False,False,0.02502006,False
mathd_algebra_185__prover-xhigh-68338b80d7121921__gpt-5.6-luna__seed0,mathd_algebra_185,0,False,False,0.0241805,False
mathd_algebra_185__prover-xhigh-81b8082cec9164b4__gpt-5.6-luna__seed0,mathd_algebra_185,0,False,False,0.02670965999999999,False
mathd_algebra_185__prover-xhigh-8eefc07db15048b1__gpt-5.6-luna__seed0,mathd_algebra_185,0,False,False,0.02445736,False
mathd_algebra_185__prover-xhigh-9771a16dde5dd680__gpt-5.6-luna__seed0,mathd_algebra_185,0,False,False,0.02433054,False
mathd_algebra_185__prover-xhigh-b439ff17e44fdd2f__gpt-5.6-luna__seed0,mathd_algebra_185,0,False,False,0.0243466,False
mathd_algebra_185__prover-xhigh-c42d9ea2fa1215e2__gpt-5.6-luna__seed0,mathd_algebra_185,0,False,False,0.029529899999999998,False
mathd_algebra_185__prover-xhigh-c58062708d40c581__gpt-5.6-luna__seed0,mathd_algebra_185,0,False,False,0.030378540000000006,False
mathd_algebra_185__prover-xhigh-eded856fb989c1f6__gpt-5.6-luna__seed0,mathd_algebra_185,0,False,False,0.030876160000000007,False
mathd_algebra_185__prover-xhigh-f05fbcb501c34473__gpt-5.6-luna__seed0,mathd_algebra_185,0,False,False,0.03243542,False
mathd_algebra_185__prover-xhigh-f6dd4886ff6a140b__gpt-5.6-luna__seed0,mathd_algebra_185,0,False,False,0.02508642,False
mathd_algebra_185__prover-xhigh-fa6b32f084145e14__gpt-5.6-luna__seed0,mathd_algebra_185,0,False,False,0.024864240000000003,False
mathd_algebra_206__selection-medium-1e4aec7dbbe80e7a__gpt-5.6-luna__seed0,mathd_algebra_206,0,True,False,0.00221612,True
mathd_algebra_206__selection-xhigh-3bfe5109dc462e8c__gpt-5.6-luna__seed0,mathd_algebra_206,0,True,False,0.0031053,True
mathd_algebra_206__selection-xhigh-68338b80d7121921__gpt-5.6-luna__seed0,mathd_algebra_206,0,True,False,0.00310774,True
mathd_algebra_224__selection-medium-1e4aec7dbbe80e7a__gpt-5.6-luna__seed0,mathd_algebra_224,0,False,False,0.03899668,False
mathd_algebra_224__selection-xhigh-3bfe5109dc462e8c__gpt-5.6-luna__seed0,mathd_algebra_224,0,False,False,0.03986606000000001,False
mathd_algebra_224__selection-xhigh-68338b80d7121921__gpt-5.6-luna__seed0,mathd_algebra_224,0,False,False,0.03049576,False
mathd_algebra_247__selection-medium-1e4aec7dbbe80e7a__gpt-5.6-luna__seed0,mathd_algebra_247,0,True,False,0.0006182399999999999,True
mathd_algebra_247__selection-xhigh-3bfe5109dc462e8c__gpt-5.6-luna__seed0,mathd_algebra_247,0,True,False,0.010393079999999999,True
mathd_algebra_247__selection-xhigh-68338b80d7121921__gpt-5.6-luna__seed0,mathd_algebra_247,0,True,False,0.0031874399999999997,True
mathd_algebra_28__selection-medium-1e4aec7dbbe80e7a__gpt-5.6-luna__seed0,mathd_algebra_28,0,True,False,0.0044972,True
mathd_algebra_28__selection-xhigh-3bfe5109dc462e8c__gpt-5.6-luna__seed0,mathd_algebra_28,0,True,False,0.00485484,True
mathd_algebra_28__selection-xhigh-68338b80d7121921__gpt-5.6-luna__seed0,mathd_algebra_28,0,True,False,0.00489152,True
mathd_algebra_323__selection-medium-1e4aec7dbbe80e7a__gpt-5.6-luna__seed0,mathd_algebra_323,0,True,False,0.0034953199999999997,True
mathd_algebra_323__selection-xhigh-3bfe5109dc462e8c__gpt-5.6-luna__seed0,mathd_algebra_323,0,True,False,0.010954519999999999,True
mathd_algebra_323__selection-xhigh-68338b80d7121921__gpt-5.6-luna__seed0,mathd_algebra_323,0,True,False,0.00293924,True
mathd_algebra_37__selection-medium-1e4aec7dbbe80e7a__gpt-5.6-luna__seed0,mathd_algebra_37,0,True,False,0.00049124,True
mathd_algebra_37__selection-xhigh-3bfe5109dc462e8c__gpt-5.6-luna__seed0,mathd_algebra_37,0,True,False,0.0005655599999999999,True
mathd_algebra_37__selection-xhigh-68338b80d7121921__gpt-5.6-luna__seed0,mathd_algebra_37,0,True,False,0.0005751199999999999,True
mathd_algebra_410__prover-high-1e4aec7dbbe80e7a__gpt-5.6-luna__seed0,mathd_algebra_410,0,True,False,0.00202628,True
mathd_algebra_410__prover-low-1e4aec7dbbe80e7a__gpt-5.6-luna__seed0,mathd_algebra_410,0,True,False,0.0023339199999999997,True
mathd_algebra_410__prover-medium-1e4aec7dbbe80e7a__gpt-5.6-luna__seed0,mathd_algebra_410,0,True,False,0.00068564,True
mathd_algebra_410__prover-xhigh-1e4aec7dbbe80e7a__gpt-5.6-luna__seed0,mathd_algebra_410,0,True,False,0.00430264,True
mathd_algebra_43__selection-medium-1e4aec7dbbe80e7a__gpt-5.6-luna__seed0,mathd_algebra_43,0,True,False,0.00064244,True
mathd_algebra_43__selection-xhigh-3bfe5109dc462e8c__gpt-5.6-luna__seed0,mathd_algebra_43,0,True,False,0.0006819599999999999,True
mathd_algebra_43__selection-xhigh-68338b80d7121921__gpt-5.6-luna__seed0,mathd_algebra_43,0,True,False,0.00102272,True
mathd_numbertheory_221__prover-high-1e4aec7dbbe80e7a__gpt-5.6-luna__seed0,mathd_numbertheory_221,0,True,False,0.00068604,True
mathd_numbertheory_221__prover-low-1e4aec7dbbe80e7a__gpt-5.6-luna__seed0,mathd_numbertheory_221,0,True,False,0.00049524,True
mathd_numbertheory_221__prover-medium-1e4aec7dbbe80e7a__gpt-5.6-luna__seed0,mathd_numbertheory_221,0,True,False,0.00049884,True
mathd_numbertheory_221__prover-medium-3bfe5109dc462e8c__gpt-5.6-luna__seed0,mathd_numbertheory_221,0,False,False,0.00618074,False
mathd_numbertheory_221__prover-medium-68338b80d7121921__gpt-5.6-luna__seed0,mathd_numbertheory_221,0,True,False,0.0007003199999999999,True
mathd_numbertheory_221__prover-xhigh-10cc02b07a1c6c29__gpt-5.6-luna__seed0,mathd_numbertheory_221,0,True,False,0.00102948,True
mathd_numbertheory_221__prover-xhigh-125d7332ca106585__gpt-5.6-luna__seed0,mathd_numbertheory_221,0,True,False,0.00105432,True
mathd_numbertheory_221__prover-xhigh-1e4aec7dbbe80e7a__gpt-5.6-luna__seed0,mathd_numbertheory_221,0,True,False,0.00067044,True
mathd_numbertheory_221__prover-xhigh-26d7cc1993e76d38__gpt-5.6-luna__seed0,mathd_numbertheory_221,0,True,False,0.0020498799999999996,True
mathd_numbertheory_221__prover-xhigh-2ebdaef5c0d8b7ce__gpt-5.6-luna__seed0,mathd_numbertheory_221,0,True,False,0.00123946,True
mathd_numbertheory_221__prover-xhigh-32c2336efd904991__gpt-5.6-luna__seed0,mathd_numbertheory_221,0,True,False,0.0009028599999999999,True
mathd_numbertheory_221__prover-xhigh-345f1ee0202d55e3__gpt-5.6-luna__seed0,mathd_numbertheory_221,0,False,False,0.02591108,False
mathd_numbertheory_221__prover-xhigh-34e051ff5274f9eb__gpt-5.6-luna__seed0,mathd_numbertheory_221,0,True,False,0.00092358,True
mathd_numbertheory_221__prover-xhigh-38ac3031ca8083bc__gpt-5.6-luna__seed0,mathd_numbertheory_221,0,False,False,0.023091079999999996,False
mathd_numbertheory_221__prover-xhigh-392a7a2230818467__gpt-5.6-luna__seed0,mathd_numbertheory_221,0,True,False,0.0010517999999999999,True
mathd_numbertheory_221__prover-xhigh-3bfe5109dc462e8c__gpt-5.6-luna__seed0,mathd_numbertheory_221,0,True,False,0.00111076,True
mathd_numbertheory_221__prover-xhigh-3e6016d332df5347__gpt-5.6-luna__seed0,mathd_numbertheory_221,0,False,False,0.022955739999999995,False
mathd_numbertheory_221__prover-xhigh-4de2b7bf26816e71__gpt-5.6-luna__seed0,mathd_numbertheory_221,0,True,False,0.00100944,True
mathd_numbertheory_221__prover-xhigh-68338b80d7121921__gpt-5.6-luna__seed0,mathd_numbertheory_221,0,True,False,0.00095372,True
mathd_numbertheory_221__prover-xhigh-81b8082cec9164b4__gpt-5.6-luna__seed0,mathd_numbertheory_221,0,True,False,0.0008909399999999999,True
mathd_numbertheory_221__prover-xhigh-8eefc07db15048b1__gpt-5.6-luna__seed0,mathd_numbertheory_221,0,True,False,0.0008764599999999999,True
mathd_numbertheory_221__prover-xhigh-9771a16dde5dd680__gpt-5.6-luna__seed0,mathd_numbertheory_221,0,True,False,0.0008852599999999999,True
mathd_numbertheory_221__prover-xhigh-b439ff17e44fdd2f__gpt-5.6-luna__seed0,mathd_numbertheory_221,0,False,False,0.02920078,False
mathd_numbertheory_221__prover-xhigh-c42d9ea2fa1215e2__gpt-5.6-luna__seed0,mathd_numbertheory_221,0,True,False,0.0031208,True
mathd_numbertheory_221__prover-xhigh-c58062708d40c581__gpt-5.6-luna__seed0,mathd_numbertheory_221,0,False,False,0.0274691,False
mathd_numbertheory_221__prover-xhigh-eded856fb989c1f6__gpt-5.6-luna__seed0,mathd_numbertheory_221,0,True,False,0.00100192,True
mathd_numbertheory_221__prover-xhigh-f05fbcb501c34473__gpt-5.6-luna__seed0,mathd_numbertheory_221,0,False,False,0.024253439999999994,False
mathd_numbertheory_221__prover-xhigh-f6dd4886ff6a140b__gpt-5.6-luna__seed0,mathd_numbertheory_221,0,False,False,0.032264959999999995,False
mathd_numbertheory_221__prover-xhigh-fa6b32f084145e14__gpt-5.6-luna__seed0,mathd_numbertheory_221,0,False,False,0.02386972,False
mathd_numbertheory_301__prover-high-1e4aec7dbbe80e7a__gpt-5.6-luna__seed0,mathd_numbertheory_301,0,True,False,0.00195026,True
mathd_numbertheory_301__prover-low-1e4aec7dbbe80e7a__gpt-5.6-luna__seed0,mathd_numbertheory_301,0,True,False,0.00259408,True
mathd_numbertheory_301__prover-medium-1e4aec7dbbe80e7a__gpt-5.6-luna__seed0,mathd_numbertheory_301,0,True,False,0.00162612,True
mathd_numbertheory_301__prover-xhigh-1e4aec7dbbe80e7a__gpt-5.6-luna__seed0,mathd_numbertheory_301,0,True,False,0.00311496,True
mathd_numbertheory_326__prover-high-1e4aec7dbbe80e7a__gpt-5.6-luna__seed0,mathd_numbertheory_326,0,True,False,0.00056284,True
mathd_numbertheory_326__prover-low-1e4aec7dbbe80e7a__gpt-5.6-luna__seed0,mathd_numbertheory_326,0,True,False,0.00048004,True
mathd_numbertheory_326__prover-medium-1e4aec7dbbe80e7a__gpt-5.6-luna__seed0,mathd_numbertheory_326,0,True,False,0.00047164,True
mathd_numbertheory_326__prover-medium-3bfe5109dc462e8c__gpt-5.6-luna__seed0,mathd_numbertheory_326,0,True,False,0.00053036,True
mathd_numbertheory_326__prover-medium-68338b80d7121921__gpt-5.6-luna__seed0,mathd_numbertheory_326,0,True,False,0.00052912,True
mathd_numbertheory_326__prover-xhigh-10cc02b07a1c6c29__gpt-5.6-luna__seed0,mathd_numbertheory_326,0,True,False,0.0015022,True
mathd_numbertheory_326__prover-xhigh-125d7332ca106585__gpt-5.6-luna__seed0,mathd_numbertheory_326,0,True,False,0.00059392,True
mathd_numbertheory_326__prover-xhigh-1e4aec7dbbe80e7a__gpt-5.6-luna__seed0,mathd_numbertheory_326,0,True,False,0.0007740399999999999,True
mathd_numbertheory_326__prover-xhigh-26d7cc1993e76d38__gpt-5.6-luna__seed0,mathd_numbertheory_326,0,True,False,0.00068672,True
mathd_numbertheory_326__prover-xhigh-2ebdaef5c0d8b7ce__gpt-5.6-luna__seed0,mathd_numbertheory_326,0,True,False,0.0006470599999999999,True
mathd_numbertheory_326__prover-xhigh-32c2336efd904991__gpt-5.6-luna__seed0,mathd_numbertheory_326,0,True,False,0.0015775999999999997,True
mathd_numbertheory_326__prover-xhigh-345f1ee0202d55e3__gpt-5.6-luna__seed0,mathd_numbertheory_326,0,True,False,0.00052052,True
mathd_numbertheory_326__prover-xhigh-34e051ff5274f9eb__gpt-5.6-luna__seed0,mathd_numbertheory_326,0,True,False,0.00067438,True
mathd_numbertheory_326__prover-xhigh-38ac3031ca8083bc__gpt-5.6-luna__seed0,mathd_numbertheory_326,0,True,False,0.0016928,True
mathd_numbertheory_326__prover-xhigh-392a7a2230818467__gpt-5.6-luna__seed0,mathd_numbertheory_326,0,True,False,0.0007279599999999999,True
mathd_numbertheory_326__prover-xhigh-3bfe5109dc462e8c__gpt-5.6-luna__seed0,mathd_numbertheory_326,0,True,False,0.00061436,True
mathd_numbertheory_326__prover-xhigh-3e6016d332df5347__gpt-5.6-luna__seed0,mathd_numbertheory_326,0,True,False,0.0006548799999999999,True
mathd_numbertheory_326__prover-xhigh-4de2b7bf26816e71__gpt-5.6-luna__seed0,mathd_numbertheory_326,0,True,False,0.00067504,True
mathd_numbertheory_326__prover-xhigh-68338b80d7121921__gpt-5.6-luna__seed0,mathd_numbertheory_326,0,True,False,0.00062152,True
mathd_numbertheory_326__prover-xhigh-81b8082cec9164b4__gpt-5.6-luna__seed0,mathd_numbertheory_326,0,True,False,0.00065134,True
mathd_numbertheory_326__prover-xhigh-8eefc07db15048b1__gpt-5.6-luna__seed0,mathd_numbertheory_326,0,True,False,0.0015691999999999998,True
mathd_numbertheory_326__prover-xhigh-9771a16dde5dd680__gpt-5.6-luna__seed0,mathd_numbertheory_326,0,True,False,0.0007164599999999999,True
mathd_numbertheory_326__prover-xhigh-b439ff17e44fdd2f__gpt-5.6-luna__seed0,mathd_numbertheory_326,0,True,False,0.00065338,True
mathd_numbertheory_326__prover-xhigh-c42d9ea2fa1215e2__gpt-5.6-luna__seed0,mathd_numbertheory_326,0,True,False,0.0007281,True
mathd_numbertheory_326__prover-xhigh-c58062708d40c581__gpt-5.6-luna__seed0,mathd_numbertheory_326,0,True,False,0.00154948,True
mathd_numbertheory_326__prover-xhigh-eded856fb989c1f6__gpt-5.6-luna__seed0,mathd_numbertheory_326,0,True,False,0.0015998,True
mathd_numbertheory_326__prover-xhigh-f05fbcb501c34473__gpt-5.6-luna__seed0,mathd_numbertheory_326,0,True,False,0.00072736,True
mathd_numbertheory_326__prover-xhigh-f6dd4886ff6a140b__gpt-5.6-luna__seed0,mathd_numbertheory_326,0,True,False,0.00324604,True
mathd_numbertheory_326__prover-xhigh-fa6b32f084145e14__gpt-5.6-luna__seed0,mathd_numbertheory_326,0,True,False,0.0016576,True
mathd_numbertheory_35__selection-medium-1e4aec7dbbe80e7a__gpt-5.6-luna__seed0,mathd_numbertheory_35,0,True,False,0.00048363999999999997,True
mathd_numbertheory_35__selection-xhigh-3bfe5109dc462e8c__gpt-5.6-luna__seed0,mathd_numbertheory_35,0,True,False,0.00057836,True
mathd_numbertheory_35__selection-xhigh-68338b80d7121921__gpt-5.6-luna__seed0,mathd_numbertheory_35,0,True,False,0.00053392,True
mathd_numbertheory_403__selection-medium-1e4aec7dbbe80e7a__gpt-5.6-luna__seed0,mathd_numbertheory_403,0,True,False,0.00052664,True
mathd_numbertheory_403__selection-xhigh-3bfe5109dc462e8c__gpt-5.6-luna__seed0,mathd_numbertheory_403,0,True,False,0.00085416,True
mathd_numbertheory_403__selection-xhigh-68338b80d7121921__gpt-5.6-luna__seed0,mathd_numbertheory_403,0,True,False,0.00179938,True
mathd_numbertheory_42__selection-medium-1e4aec7dbbe80e7a__gpt-5.6-luna__seed0,mathd_numbertheory_42,0,True,False,0.00099516,True
mathd_numbertheory_42__selection-xhigh-3bfe5109dc462e8c__gpt-5.6-luna__seed0,mathd_numbertheory_42,0,True,False,0.0012076,True
mathd_numbertheory_42__selection-xhigh-68338b80d7121921__gpt-5.6-luna__seed0,mathd_numbertheory_42,0,True,False,0.00126092,True
mathd_numbertheory_458__prover-high-1e4aec7dbbe80e7a__gpt-5.6-luna__seed0,mathd_numbertheory_458,0,True,False,0.00371672,True
mathd_numbertheory_458__prover-low-1e4aec7dbbe80e7a__gpt-5.6-luna__seed0,mathd_numbertheory_458,0,True,False,0.00292126,True
mathd_numbertheory_458__prover-medium-1e4aec7dbbe80e7a__gpt-5.6-luna__seed0,mathd_numbertheory_458,0,True,False,0.00215528,True
mathd_numbertheory_458__prover-medium-3bfe5109dc462e8c__gpt-5.6-luna__seed0,mathd_numbertheory_458,0,True,False,0.00099936,True
mathd_numbertheory_458__prover-medium-68338b80d7121921__gpt-5.6-luna__seed0,mathd_numbertheory_458,0,True,False,0.00248374,True
mathd_numbertheory_458__prover-xhigh-10cc02b07a1c6c29__gpt-5.6-luna__seed0,mathd_numbertheory_458,0,True,False,0.00387078,True
mathd_numbertheory_458__prover-xhigh-125d7332ca106585__gpt-5.6-luna__seed0,mathd_numbertheory_458,0,True,False,0.003213,True
mathd_numbertheory_458__prover-xhigh-1e4aec7dbbe80e7a__gpt-5.6-luna__seed0,mathd_numbertheory_458,0,True,False,0.004200639999999999,True
mathd_numbertheory_458__prover-xhigh-26d7cc1993e76d38__gpt-5.6-luna__seed0,mathd_numbertheory_458,0,True,False,0.00217338,True
mathd_numbertheory_458__prover-xhigh-2ebdaef5c0d8b7ce__gpt-5.6-luna__seed0,mathd_numbertheory_458,0,True,False,0.00329856,True
mathd_numbertheory_458__prover-xhigh-32c2336efd904991__gpt-5.6-luna__seed0,mathd_numbertheory_458,0,True,False,0.005997499999999999,True
mathd_numbertheory_458__prover-xhigh-345f1ee0202d55e3__gpt-5.6-luna__seed0,mathd_numbertheory_458,0,True,False,0.0030772399999999997,True
mathd_numbertheory_458__prover-xhigh-34e051ff5274f9eb__gpt-5.6-luna__seed0,mathd_numbertheory_458,0,True,False,0.0030001999999999997,True
mathd_numbertheory_458__prover-xhigh-38ac3031ca8083bc__gpt-5.6-luna__seed0,mathd_numbertheory_458,0,True,False,0.01041134,True
mathd_numbertheory_458__prover-xhigh-392a7a2230818467__gpt-5.6-luna__seed0,mathd_numbertheory_458,0,True,False,0.00188504,True
mathd_numbertheory_458__prover-xhigh-3bfe5109dc462e8c__gpt-5.6-luna__seed0,mathd_numbertheory_458,0,True,False,0.0021420199999999997,True
mathd_numbertheory_458__prover-xhigh-3e6016d332df5347__gpt-5.6-luna__seed0,mathd_numbertheory_458,0,True,False,0.0030798399999999995,True
mathd_numbertheory_458__prover-xhigh-4de2b7bf26816e71__gpt-5.6-luna__seed0,mathd_numbertheory_458,0,True,False,0.0021446,True
mathd_numbertheory_458__prover-xhigh-68338b80d7121921__gpt-5.6-luna__seed0,mathd_numbertheory_458,0,True,False,0.0028285,True
mathd_numbertheory_458__prover-xhigh-81b8082cec9164b4__gpt-5.6-luna__seed0,mathd_numbertheory_458,0,True,False,0.0022427399999999996,True
mathd_numbertheory_458__prover-xhigh-8eefc07db15048b1__gpt-5.6-luna__seed0,mathd_numbertheory_458,0,True,False,0.00312596,True
mathd_numbertheory_458__prover-xhigh-9771a16dde5dd680__gpt-5.6-luna__seed0,mathd_numbertheory_458,0,True,False,0.00373448,True
mathd_numbertheory_458__prover-xhigh-b439ff17e44fdd2f__gpt-5.6-luna__seed0,mathd_numbertheory_458,0,True,False,0.00322896,True
mathd_numbertheory_458__prover-xhigh-c42d9ea2fa1215e2__gpt-5.6-luna__seed0,mathd_numbertheory_458,0,True,False,0.00429006,True
mathd_numbertheory_458__prover-xhigh-c58062708d40c581__gpt-5.6-luna__seed0,mathd_numbertheory_458,0,True,False,0.00304152,True
mathd_numbertheory_458__prover-xhigh-eded856fb989c1f6__gpt-5.6-luna__seed0,mathd_numbertheory_458,0,True,False,0.00404236,True
mathd_numbertheory_458__prover-xhigh-f05fbcb501c34473__gpt-5.6-luna__seed0,mathd_numbertheory_458,0,True,False,0.0041706,True
mathd_numbertheory_458__prover-xhigh-f6dd4886ff6a140b__gpt-5.6-luna__seed0,mathd_numbertheory_458,0,True,False,0.0047309,True
mathd_numbertheory_458__prover-xhigh-fa6b32f084145e14__gpt-5.6-luna__seed0,mathd_numbertheory_458,0,True,False,0.0022958600000000003,True
mathd_numbertheory_48__selection-medium-1e4aec7dbbe80e7a__gpt-5.6-luna__seed0,mathd_numbertheory_48,0,True,False,0.00617276,True
mathd_numbertheory_48__selection-xhigh-3bfe5109dc462e8c__gpt-5.6-luna__seed0,mathd_numbertheory_48,0,True,False,0.0039629,True
mathd_numbertheory_48__selection-xhigh-68338b80d7121921__gpt-5.6-luna__seed0,mathd_numbertheory_48,0,True,False,0.009106139999999999,True
mathd_numbertheory_629__selection-medium-1e4aec7dbbe80e7a__gpt-5.6-luna__seed0,mathd_numbertheory_629,0,False,False,0.04150678,False
mathd_numbertheory_629__selection-xhigh-3bfe5109dc462e8c__gpt-5.6-luna__seed0,mathd_numbertheory_629,0,False,False,0.0246824,False
mathd_numbertheory_629__selection-xhigh-68338b80d7121921__gpt-5.6-luna__seed0,mathd_numbertheory_629,0,False,False,0.02511284,False
