cell,theorem,stage,arm,seed,solved,failed,cost,reference_solved,reference_cost,exposed,model_requests,proof_checks,input_tokens,cached_input_tokens,output_tokens,source
aime_1984_p1__training-A__gpt-5.6-luna__seed0,aime_1984_p1,training,A,0,False,False,0.06882318,False,0.032781779999999996,True,17,14,448635,182339,9931,experiments/output/resource_completion_20260913/training/A/configs/aime_1984_p1__training-A__gpt-5.6-luna__seed0
aime_1988_p3__training-A__gpt-5.6-luna__seed0,aime_1988_p3,training,A,0,True,False,0.05894683999999999,True,0.039468159999999995,True,21,14,336790,147602,15131,experiments/output/resource_completion_20260913/training/A/configs/aime_1988_p3__training-A__gpt-5.6-luna__seed0
aime_1988_p8__training-A__gpt-5.6-luna__seed0,aime_1988_p8,training,A,0,True,False,0.01040996,True,0.011352979999999999,False,4,4,37387,19088,5307,experiments/output/resource_completion_20260913/training/A/configs/aime_1988_p8__training-A__gpt-5.6-luna__seed0
aime_1990_p4__training-A__gpt-5.6-luna__seed0,aime_1990_p4,training,A,0,True,False,0.014471019999999998,True,0.0077706400000000005,False,10,7,96287,61331,5211,experiments/output/resource_completion_20260913/training/A/configs/aime_1990_p4__training-A__gpt-5.6-luna__seed0
algebra_amgm_sum1toneqn_prod1tonleq1__training-A__gpt-5.6-luna__seed0,algebra_amgm_sum1toneqn_prod1tonleq1,training,A,0,False,False,0.07073942,False,0.040076360000000005,True,49,26,875806,698701,17787,experiments/output/resource_completion_20260913/training/A/configs/algebra_amgm_sum1toneqn_prod1tonleq1__training-A__gpt-5.6-luna__seed0
amc12_2000_p1__training-A__gpt-5.6-luna__seed0,amc12_2000_p1,training,A,0,True,False,0.012673799999999999,False,0.0385016,False,5,5,39417,23860,7571,experiments/output/resource_completion_20260913/training/A/configs/amc12_2000_p1__training-A__gpt-5.6-luna__seed0
amc12_2000_p6__training-A__gpt-5.6-luna__seed0,amc12_2000_p6,training,A,0,True,False,0.0072057200000000005,True,0.011517859999999998,False,6,2,52849,39456,3115,experiments/output/resource_completion_20260913/training/A/configs/amc12_2000_p6__training-A__gpt-5.6-luna__seed0
amc12a_2002_p13__training-A__gpt-5.6-luna__seed0,amc12a_2002_p13,training,A,0,True,False,0.021529859999999998,True,0.02622858,False,10,5,118623,71493,8895,experiments/output/resource_completion_20260913/training/A/configs/amc12a_2002_p13__training-A__gpt-5.6-luna__seed0
amc12a_2003_p1__training-A__gpt-5.6-luna__seed0,amc12a_2003_p1,training,A,0,True,False,0.0016621399999999999,True,0.0024149799999999997,False,2,2,12835,10987,894,experiments/output/resource_completion_20260913/training/A/configs/amc12a_2003_p1__training-A__gpt-5.6-luna__seed0
amc12a_2013_p7__training-A__gpt-5.6-luna__seed0,amc12a_2013_p7,training,A,0,True,False,0.00082044,True,0.00079284,False,1,1,6189,4772,368,experiments/output/resource_completion_20260913/training/A/configs/amc12a_2013_p7__training-A__gpt-5.6-luna__seed0
amc12a_2016_p2__training-A__gpt-5.6-luna__seed0,amc12a_2016_p2,training,A,0,True,False,0.034139239999999994,True,0.00283102,False,18,14,216532,110702,8966,experiments/output/resource_completion_20260913/training/A/configs/amc12a_2016_p2__training-A__gpt-5.6-luna__seed0
amc12a_2017_p7__training-A__gpt-5.6-luna__seed0,amc12a_2017_p7,training,A,0,True,False,0.024517159999999996,True,0.010614499999999999,False,16,8,174613,110088,7842,experiments/output/resource_completion_20260913/training/A/configs/amc12a_2017_p7__training-A__gpt-5.6-luna__seed0
amc12a_2020_p13__training-A__gpt-5.6-luna__seed0,amc12a_2020_p13,training,A,0,False,False,0.06437567999999999,False,0.03665764,True,22,11,406572,219304,18780,experiments/output/resource_completion_20260913/training/A/configs/amc12a_2020_p13__training-A__gpt-5.6-luna__seed0
amc12b_2002_p11__training-A__gpt-5.6-luna__seed0,amc12b_2002_p11,training,A,0,False,False,0.066788,False,0.03523288,True,28,11,498424,293620,16629,experiments/output/resource_completion_20260913/training/A/configs/amc12b_2002_p11__training-A__gpt-5.6-luna__seed0
amc12b_2003_p17__training-A__gpt-5.6-luna__seed0,amc12b_2003_p17,training,A,0,True,False,0.00819626,True,0.01660522,False,8,5,68758,47803,2541,experiments/output/resource_completion_20260913/training/A/configs/amc12b_2003_p17__training-A__gpt-5.6-luna__seed0
amc12b_2004_p3__training-A__gpt-5.6-luna__seed0,amc12b_2004_p3,training,A,0,False,False,0.038463540000000004,False,0.039440920000000004,False,18,10,248262,173067,16636,experiments/output/resource_completion_20260913/training/A/configs/amc12b_2004_p3__training-A__gpt-5.6-luna__seed0
imo_1963_p5__training-A__gpt-5.6-luna__seed0,imo_1963_p5,training,A,0,True,False,0.029957779999999996,True,0.019044719999999998,False,22,8,280621,200309,8241,experiments/output/resource_completion_20260913/training/A/configs/imo_1963_p5__training-A__gpt-5.6-luna__seed0
imo_1967_p3__training-A__gpt-5.6-luna__seed0,imo_1967_p3,training,A,0,False,False,0.06942268,False,0.0318086,True,32,15,622361,417324,16724,experiments/output/resource_completion_20260913/training/A/configs/imo_1967_p3__training-A__gpt-5.6-luna__seed0
imo_1968_p5_1__training-A__gpt-5.6-luna__seed0,imo_1968_p5_1,training,A,0,True,False,0.0089038,False,0.03879356,False,7,3,57200,41950,4179,experiments/output/resource_completion_20260913/training/A/configs/imo_1968_p5_1__training-A__gpt-5.6-luna__seed0
imo_1977_p6__training-A__gpt-5.6-luna__seed0,imo_1977_p6,training,A,0,False,False,0.06590632,False,0.039424959999999995,True,19,13,355841,190346,24167,experiments/output/resource_completion_20260913/training/A/configs/imo_1977_p6__training-A__gpt-5.6-luna__seed0
imo_1983_p6__training-A__gpt-5.6-luna__seed0,imo_1983_p6,training,A,0,True,False,0.03527684,True,0.024007199999999996,False,14,10,190387,98272,12407,experiments/output/resource_completion_20260913/training/A/configs/imo_1983_p6__training-A__gpt-5.6-luna__seed0
induction_pord1p1on2powklt5on2__training-A__gpt-5.6-luna__seed0,induction_pord1p1on2powklt5on2,training,A,0,True,False,0.05866294,True,0.0418447,True,23,14,356732,172617,15323,experiments/output/resource_completion_20260913/training/A/configs/induction_pord1p1on2powklt5on2__training-A__gpt-5.6-luna__seed0
mathd_algebra_185__training-A__gpt-5.6-luna__seed0,mathd_algebra_185,training,A,0,False,False,0.06676588,False,0.03593192,True,26,14,537587,326004,14941,experiments/output/resource_completion_20260913/training/A/configs/mathd_algebra_185__training-A__gpt-5.6-luna__seed0
mathd_algebra_206__training-A__gpt-5.6-luna__seed0,mathd_algebra_206,training,A,0,True,False,0.00336034,True,0.00221612,False,3,2,24128,18427,1543,experiments/output/resource_completion_20260913/training/A/configs/mathd_algebra_206__training-A__gpt-5.6-luna__seed0
mathd_algebra_224__training-A__gpt-5.6-luna__seed0,mathd_algebra_224,training,A,0,False,False,0.06596196,False,0.03899668,True,27,16,450960,252698,17713,experiments/output/resource_completion_20260913/training/A/configs/mathd_algebra_224__training-A__gpt-5.6-luna__seed0
mathd_algebra_247__training-A__gpt-5.6-luna__seed0,mathd_algebra_247,training,A,0,True,False,0.0082975,True,0.0006182399999999999,False,9,8,74981,60455,3486,experiments/output/resource_completion_20260913/training/A/configs/mathd_algebra_247__training-A__gpt-5.6-luna__seed0
mathd_algebra_28__training-A__gpt-5.6-luna__seed0,mathd_algebra_28,training,A,0,True,False,0.0062527799999999994,True,0.0044972,False,8,6,60069,47419,2312,experiments/output/resource_completion_20260913/training/A/configs/mathd_algebra_28__training-A__gpt-5.6-luna__seed0
mathd_algebra_323__training-A__gpt-5.6-luna__seed0,mathd_algebra_323,training,A,0,True,False,0.0049258800000000005,True,0.0034953199999999997,False,5,3,42000,31674,1856,experiments/output/resource_completion_20260913/training/A/configs/mathd_algebra_323__training-A__gpt-5.6-luna__seed0
mathd_algebra_37__training-A__gpt-5.6-luna__seed0,mathd_algebra_37,training,A,0,True,False,0.00049124,True,0.00049124,False,1,1,5869,4772,147,experiments/output/resource_completion_20260913/training/A/configs/mathd_algebra_37__training-A__gpt-5.6-luna__seed0
mathd_algebra_410__training-A__gpt-5.6-luna__seed0,mathd_algebra_410,training,A,0,True,False,0.00082964,True,0.00068564,False,1,1,5959,4772,414,experiments/output/resource_completion_20260913/training/A/configs/mathd_algebra_410__training-A__gpt-5.6-luna__seed0
mathd_algebra_43__training-A__gpt-5.6-luna__seed0,mathd_algebra_43,training,A,0,True,False,0.00061964,True,0.00064244,False,1,1,6061,4772,222,experiments/output/resource_completion_20260913/training/A/configs/mathd_algebra_43__training-A__gpt-5.6-luna__seed0
mathd_numbertheory_221__training-A__gpt-5.6-luna__seed0,mathd_numbertheory_221,training,A,0,True,False,0.0005864399999999999,True,0.00049884,False,1,1,6069,4772,193,experiments/output/resource_completion_20260913/training/A/configs/mathd_numbertheory_221__training-A__gpt-5.6-luna__seed0
mathd_numbertheory_301__training-A__gpt-5.6-luna__seed0,mathd_numbertheory_301,training,A,0,True,False,0.0032914599999999995,True,0.00162612,False,4,1,27416,19743,1135,experiments/output/resource_completion_20260913/training/A/configs/mathd_numbertheory_301__training-A__gpt-5.6-luna__seed0
mathd_numbertheory_326__training-A__gpt-5.6-luna__seed0,mathd_numbertheory_326,training,A,0,True,False,0.00051484,True,0.00047164,False,1,1,5939,4772,155,experiments/output/resource_completion_20260913/training/A/configs/mathd_numbertheory_326__training-A__gpt-5.6-luna__seed0
mathd_numbertheory_35__training-A__gpt-5.6-luna__seed0,mathd_numbertheory_35,training,A,0,True,False,0.00043804,True,0.00048363999999999997,False,1,1,5903,4772,97,experiments/output/resource_completion_20260913/training/A/configs/mathd_numbertheory_35__training-A__gpt-5.6-luna__seed0
mathd_numbertheory_403__training-A__gpt-5.6-luna__seed0,mathd_numbertheory_403,training,A,0,True,False,0.00059624,True,0.00052664,False,1,1,6208,4772,178,experiments/output/resource_completion_20260913/training/A/configs/mathd_numbertheory_403__training-A__gpt-5.6-luna__seed0
mathd_numbertheory_42__training-A__gpt-5.6-luna__seed0,mathd_numbertheory_42,training,A,0,True,False,0.00110856,True,0.00099516,False,2,1,12759,10918,435,experiments/output/resource_completion_20260913/training/A/configs/mathd_numbertheory_42__training-A__gpt-5.6-luna__seed0
mathd_numbertheory_458__training-A__gpt-5.6-luna__seed0,mathd_numbertheory_458,training,A,0,True,False,0.00246996,True,0.00215528,False,4,2,29781,24168,720,experiments/output/resource_completion_20260913/training/A/configs/mathd_numbertheory_458__training-A__gpt-5.6-luna__seed0
mathd_numbertheory_48__training-A__gpt-5.6-luna__seed0,mathd_numbertheory_48,training,A,0,True,False,0.009157479999999999,True,0.00617276,False,9,7,73364,54054,3512,experiments/output/resource_completion_20260913/training/A/configs/mathd_numbertheory_48__training-A__gpt-5.6-luna__seed0
mathd_numbertheory_629__training-A__gpt-5.6-luna__seed0,mathd_numbertheory_629,training,A,0,False,False,0.06951768,False,0.04150678,True,22,17,333894,146944,24324,experiments/output/resource_completion_20260913/training/A/configs/mathd_numbertheory_629__training-A__gpt-5.6-luna__seed0
aime_1984_p1__training-B__gpt-5.6-luna__seed0,aime_1984_p1,training,B,0,False,False,0.039247819999999996,False,0.032781779999999996,True,15,11,271378,112001,4277,experiments/output/resource_completion_20260913/training/B/configs/aime_1984_p1__training-B__gpt-5.6-luna__seed0
aime_1988_p3__training-B__gpt-5.6-luna__seed0,aime_1988_p3,training,B,0,False,False,0.04127962,True,0.039468159999999995,True,17,11,235439,110161,11684,experiments/output/resource_completion_20260913/training/B/configs/aime_1988_p3__training-B__gpt-5.6-luna__seed0
aime_1988_p8__training-B__gpt-5.6-luna__seed0,aime_1988_p8,training,B,0,True,False,0.00309796,True,0.011352979999999999,True,2,2,15125,11708,1817,experiments/output/resource_completion_20260913/training/B/configs/aime_1988_p8__training-B__gpt-5.6-luna__seed0
aime_1990_p4__training-B__gpt-5.6-luna__seed0,aime_1990_p4,training,B,0,True,False,0.015012459999999998,True,0.0077706400000000005,True,14,9,135506,90913,3563,experiments/output/resource_completion_20260913/training/B/configs/aime_1990_p4__training-B__gpt-5.6-luna__seed0
algebra_amgm_sum1toneqn_prod1tonleq1__training-B__gpt-5.6-luna__seed0,algebra_amgm_sum1toneqn_prod1tonleq1,training,B,0,False,False,0.0417092,False,0.040076360000000005,True,25,7,466930,348580,9223,experiments/output/resource_completion_20260913/training/B/configs/algebra_amgm_sum1toneqn_prod1tonleq1__training-B__gpt-5.6-luna__seed0
amc12_2000_p1__training-B__gpt-5.6-luna__seed0,amc12_2000_p1,training,B,0,False,False,0.0369413,False,0.0385016,True,14,10,175597,111305,18214,experiments/output/resource_completion_20260913/training/B/configs/amc12_2000_p1__training-B__gpt-5.6-luna__seed0
amc12_2000_p6__training-B__gpt-5.6-luna__seed0,amc12_2000_p6,training,B,0,True,False,0.01686876,True,0.011517859999999998,True,17,8,184197,153808,6429,experiments/output/resource_completion_20260913/training/B/configs/amc12_2000_p6__training-B__gpt-5.6-luna__seed0
amc12a_2002_p13__training-B__gpt-5.6-luna__seed0,amc12a_2002_p13,training,B,0,False,False,0.03856072,True,0.02622858,True,23,11,338447,248946,13068,experiments/output/resource_completion_20260913/training/B/configs/amc12a_2002_p13__training-B__gpt-5.6-luna__seed0
amc12a_2003_p1__training-B__gpt-5.6-luna__seed0,amc12a_2003_p1,training,B,0,True,False,0.01007924,True,0.0024149799999999997,True,11,9,82846,64182,4219,experiments/output/resource_completion_20260913/training/B/configs/amc12a_2003_p1__training-B__gpt-5.6-luna__seed0
amc12a_2013_p7__training-B__gpt-5.6-luna__seed0,amc12a_2013_p7,training,B,0,True,False,0.0015718999999999998,True,0.00079284,True,2,2,12088,11145,967,experiments/output/resource_completion_20260913/training/B/configs/amc12a_2013_p7__training-B__gpt-5.6-luna__seed0
amc12a_2016_p2__training-B__gpt-5.6-luna__seed0,amc12a_2016_p2,training,B,0,True,False,0.022880219999999996,True,0.00283102,True,14,10,153759,83771,6006,experiments/output/resource_completion_20260913/training/B/configs/amc12a_2016_p2__training-B__gpt-5.6-luna__seed0
amc12a_2017_p7__training-B__gpt-5.6-luna__seed0,amc12a_2017_p7,training,B,0,True,False,0.011210159999999999,True,0.010614499999999999,True,9,6,83637,55378,3709,experiments/output/resource_completion_20260913/training/B/configs/amc12a_2017_p7__training-B__gpt-5.6-luna__seed0
amc12a_2020_p13__training-B__gpt-5.6-luna__seed0,amc12a_2020_p13,training,B,0,False,False,0.03981664,False,0.03665764,True,26,10,354875,247142,11106,experiments/output/resource_completion_20260913/training/B/configs/amc12a_2020_p13__training-B__gpt-5.6-luna__seed0
amc12b_2002_p11__training-B__gpt-5.6-luna__seed0,amc12b_2002_p11,training,B,0,False,False,0.040058540000000004,False,0.03523288,True,26,12,342580,245837,13161,experiments/output/resource_completion_20260913/training/B/configs/amc12b_2002_p11__training-B__gpt-5.6-luna__seed0
amc12b_2003_p17__training-B__gpt-5.6-luna__seed0,amc12b_2003_p17,training,B,0,True,False,0.00516994,True,0.01660522,True,8,4,57092,49927,2282,experiments/output/resource_completion_20260913/training/B/configs/amc12b_2003_p17__training-B__gpt-5.6-luna__seed0
amc12b_2004_p3__training-B__gpt-5.6-luna__seed0,amc12b_2004_p3,training,B,0,False,False,0.024485719999999996,False,0.039440920000000004,True,13,7,151147,94316,9361,experiments/output/resource_completion_20260913/training/B/configs/amc12b_2004_p3__training-B__gpt-5.6-luna__seed0
imo_1963_p5__training-B__gpt-5.6-luna__seed0,imo_1963_p5,training,B,0,False,False,0.03937496000000001,True,0.019044719999999998,True,27,17,345946,247628,12299,experiments/output/resource_completion_20260913/training/B/configs/imo_1963_p5__training-B__gpt-5.6-luna__seed0
imo_1967_p3__training-B__gpt-5.6-luna__seed0,imo_1967_p3,training,B,0,False,False,0.03605248,False,0.0318086,True,20,9,291395,204474,12149,experiments/output/resource_completion_20260913/training/B/configs/imo_1967_p3__training-B__gpt-5.6-luna__seed0
imo_1968_p5_1__training-B__gpt-5.6-luna__seed0,imo_1968_p5_1,training,B,0,True,False,0.014914019999999998,False,0.03879356,True,11,7,101862,63351,4954,experiments/output/resource_completion_20260913/training/B/configs/imo_1968_p5_1__training-B__gpt-5.6-luna__seed0
imo_1977_p6__training-B__gpt-5.6-luna__seed0,imo_1977_p6,training,B,0,False,False,0.0406699,False,0.039424959999999995,True,15,12,181403,104535,19338,experiments/output/resource_completion_20260913/training/B/configs/imo_1977_p6__training-B__gpt-5.6-luna__seed0
imo_1983_p6__training-B__gpt-5.6-luna__seed0,imo_1983_p6,training,B,0,True,False,0.020246939999999998,True,0.024007199999999996,True,9,7,79500,51177,11299,experiments/output/resource_completion_20260913/training/B/configs/imo_1983_p6__training-B__gpt-5.6-luna__seed0
induction_pord1p1on2powklt5on2__training-B__gpt-5.6-luna__seed0,induction_pord1p1on2powklt5on2,training,B,0,False,False,0.04220291999999999,True,0.0418447,True,26,17,321996,190446,10070,experiments/output/resource_completion_20260913/training/B/configs/induction_pord1p1on2powklt5on2__training-B__gpt-5.6-luna__seed0
mathd_algebra_185__training-B__gpt-5.6-luna__seed0,mathd_algebra_185,training,B,0,False,False,0.03927084,False,0.03593192,True,28,10,434613,319132,8160,experiments/output/resource_completion_20260913/training/B/configs/mathd_algebra_185__training-B__gpt-5.6-luna__seed0
mathd_algebra_206__training-B__gpt-5.6-luna__seed0,mathd_algebra_206,training,B,0,True,False,0.00337682,True,0.00221612,True,3,2,18691,12121,1517,experiments/output/resource_completion_20260913/training/B/configs/mathd_algebra_206__training-B__gpt-5.6-luna__seed0
mathd_algebra_224__training-B__gpt-5.6-luna__seed0,mathd_algebra_224,training,B,0,False,False,0.03736374,False,0.03899668,True,22,10,266328,188897,15083,experiments/output/resource_completion_20260913/training/B/configs/mathd_algebra_224__training-B__gpt-5.6-luna__seed0
mathd_algebra_247__training-B__gpt-5.6-luna__seed0,mathd_algebra_247,training,B,0,True,False,0.00384566,True,0.0006182399999999999,True,4,4,24232,16593,1655,experiments/output/resource_completion_20260913/training/B/configs/mathd_algebra_247__training-B__gpt-5.6-luna__seed0
mathd_algebra_28__training-B__gpt-5.6-luna__seed0,mathd_algebra_28,training,B,0,True,False,0.00174144,True,0.0044972,True,3,3,17673,15942,897,experiments/output/resource_completion_20260913/training/B/configs/mathd_algebra_28__training-B__gpt-5.6-luna__seed0
mathd_algebra_323__training-B__gpt-5.6-luna__seed0,mathd_algebra_323,training,B,0,True,False,0.00160934,True,0.0034953199999999997,False,1,1,6100,6097,1239,experiments/output/resource_completion_20260913/training/B/configs/mathd_algebra_323__training-B__gpt-5.6-luna__seed0
mathd_algebra_37__training-B__gpt-5.6-luna__seed0,mathd_algebra_37,training,B,0,True,False,0.00029912,True,0.00049124,False,1,1,5869,5866,151,experiments/output/resource_completion_20260913/training/B/configs/mathd_algebra_37__training-B__gpt-5.6-luna__seed0
mathd_algebra_410__training-B__gpt-5.6-luna__seed0,mathd_algebra_410,training,B,0,True,False,0.00330156,True,0.00068564,True,6,5,36600,31678,1403,experiments/output/resource_completion_20260913/training/B/configs/mathd_algebra_410__training-B__gpt-5.6-luna__seed0
mathd_algebra_43__training-B__gpt-5.6-luna__seed0,mathd_algebra_43,training,B,0,True,False,0.00056336,True,0.00064244,False,1,1,6061,6058,368,experiments/output/resource_completion_20260913/training/B/configs/mathd_algebra_43__training-B__gpt-5.6-luna__seed0
mathd_numbertheory_221__training-B__gpt-5.6-luna__seed0,mathd_numbertheory_221,training,B,0,True,False,0.00033551999999999996,True,0.00049884,False,1,1,6069,6066,178,experiments/output/resource_completion_20260913/training/B/configs/mathd_numbertheory_221__training-B__gpt-5.6-luna__seed0
mathd_numbertheory_301__training-B__gpt-5.6-luna__seed0,mathd_numbertheory_301,training,B,0,True,False,0.010492459999999999,True,0.00162612,True,10,7,93334,62693,2592,experiments/output/resource_completion_20260913/training/B/configs/mathd_numbertheory_301__training-B__gpt-5.6-luna__seed0
mathd_numbertheory_326__training-B__gpt-5.6-luna__seed0,mathd_numbertheory_326,training,B,0,True,False,0.00024291999999999998,True,0.00047164,False,1,1,5939,5936,103,experiments/output/resource_completion_20260913/training/B/configs/mathd_numbertheory_326__training-B__gpt-5.6-luna__seed0
mathd_numbertheory_35__training-B__gpt-5.6-luna__seed0,mathd_numbertheory_35,training,B,0,True,False,0.00023740000000000002,True,0.00048363999999999997,False,1,1,5903,5900,99,experiments/output/resource_completion_20260913/training/B/configs/mathd_numbertheory_35__training-B__gpt-5.6-luna__seed0
mathd_numbertheory_403__training-B__gpt-5.6-luna__seed0,mathd_numbertheory_403,training,B,0,True,False,0.0002975,True,0.00052664,False,1,1,6208,6205,144,experiments/output/resource_completion_20260913/training/B/configs/mathd_numbertheory_403__training-B__gpt-5.6-luna__seed0
mathd_numbertheory_42__training-B__gpt-5.6-luna__seed0,mathd_numbertheory_42,training,B,0,True,False,0.0007318399999999999,True,0.00099516,False,2,1,12628,12292,349,experiments/output/resource_completion_20260913/training/B/configs/mathd_numbertheory_42__training-B__gpt-5.6-luna__seed0
mathd_numbertheory_458__training-B__gpt-5.6-luna__seed0,mathd_numbertheory_458,training,B,0,True,False,0.0020553999999999998,True,0.00215528,False,4,1,26654,25110,1037,experiments/output/resource_completion_20260913/training/B/configs/mathd_numbertheory_458__training-B__gpt-5.6-luna__seed0
mathd_numbertheory_48__training-B__gpt-5.6-luna__seed0,mathd_numbertheory_48,training,B,0,True,False,0.0044778199999999995,True,0.00617276,True,6,6,37639,30811,2080,experiments/output/resource_completion_20260913/training/B/configs/mathd_numbertheory_48__training-B__gpt-5.6-luna__seed0
mathd_numbertheory_629__training-B__gpt-5.6-luna__seed0,mathd_numbertheory_629,training,B,0,False,False,0.038742979999999996,False,0.04150678,True,25,16,337777,249369,13395,experiments/output/resource_completion_20260913/training/B/configs/mathd_numbertheory_629__training-B__gpt-5.6-luna__seed0
aime_1984_p7__validation-A__gpt-5.6-luna__seed0,aime_1984_p7,validation,A,0,True,False,0.045047,True,0.021000719999999997,True,13,10,190846,77470,17352,experiments/output/resource_completion_20260913/validation/A/configs/aime_1984_p7__validation-A__gpt-5.6-luna__seed0
aime_1989_p8__validation-A__gpt-5.6-luna__seed0,aime_1989_p8,validation,A,0,True,False,0.00058044,True,0.000312,False,1,1,6573,4772,104,experiments/output/resource_completion_20260913/validation/A/configs/aime_1989_p8__validation-A__gpt-5.6-luna__seed0
aime_1991_p6__validation-A__gpt-5.6-luna__seed0,aime_1991_p6,validation,A,0,False,False,0.06680868,False,0.034694520000000006,True,18,6,411372,212874,19043,experiments/output/resource_completion_20260913/validation/A/configs/aime_1991_p6__validation-A__gpt-5.6-luna__seed0
aime_1991_p9__validation-A__gpt-5.6-luna__seed0,aime_1991_p9,validation,A,0,False,False,0.07011567999999999,True,0.035652699999999996,True,23,16,427127,194434,16407,experiments/output/resource_completion_20260913/validation/A/configs/aime_1991_p9__validation-A__gpt-5.6-luna__seed0
algebra_others_exirrpowirrrat__validation-A__gpt-5.6-luna__seed0,algebra_others_exirrpowirrrat,validation,A,0,False,False,0.07043355999999999,False,0.03667356,True,56,9,1026401,885788,20496,experiments/output/resource_completion_20260913/validation/A/configs/algebra_others_exirrpowirrrat__validation-A__gpt-5.6-luna__seed0
amc12_2000_p12__validation-A__gpt-5.6-luna__seed0,amc12_2000_p12,validation,A,0,True,False,0.008971739999999999,True,0.01450842,False,7,7,56034,39477,4059,experiments/output/resource_completion_20260913/validation/A/configs/amc12_2000_p12__validation-A__gpt-5.6-luna__seed0
amc12_2001_p21__validation-A__gpt-5.6-luna__seed0,amc12_2001_p21,validation,A,0,False,False,0.01861652,False,0.03846148,False,14,9,144376,109586,7889,experiments/output/resource_completion_20260913/validation/A/configs/amc12_2001_p21__validation-A__gpt-5.6-luna__seed0
amc12a_2002_p6__validation-A__gpt-5.6-luna__seed0,amc12a_2002_p6,validation,A,0,True,False,0.00050164,True,0.00055204,False,1,1,6005,4772,133,experiments/output/resource_completion_20260913/validation/A/configs/amc12a_2002_p6__validation-A__gpt-5.6-luna__seed0
amc12a_2008_p4__validation-A__gpt-5.6-luna__seed0,amc12a_2008_p4,validation,A,0,True,False,0.06059594,True,0.0091323,True,24,17,384457,188377,14677,experiments/output/resource_completion_20260913/validation/A/configs/amc12a_2008_p4__validation-A__gpt-5.6-luna__seed0
amc12a_2013_p8__validation-A__gpt-5.6-luna__seed0,amc12a_2013_p8,validation,A,0,True,False,0.007828660000000001,True,0.0056448,False,7,5,51758,37903,3583,experiments/output/resource_completion_20260913/validation/A/configs/amc12a_2013_p8__validation-A__gpt-5.6-luna__seed0
amc12a_2016_p3__validation-A__gpt-5.6-luna__seed0,amc12a_2016_p3,validation,A,0,True,False,0.015687919999999998,True,0.00671758,False,12,7,129856,89236,4816,experiments/output/resource_completion_20260913/validation/A/configs/amc12a_2016_p3__validation-A__gpt-5.6-luna__seed0
amc12a_2019_p21__validation-A__gpt-5.6-luna__seed0,amc12a_2019_p21,validation,A,0,False,False,0.06810414,False,0.040915639999999996,True,29,12,543657,337527,16773,experiments/output/resource_completion_20260913/validation/A/configs/amc12a_2019_p21__validation-A__gpt-5.6-luna__seed0
amc12a_2020_p21__validation-A__gpt-5.6-luna__seed0,amc12a_2020_p21,validation,A,0,False,False,0.053060300000000005,False,0.0363663,True,63,38,1276585,1209635,12898,experiments/output/resource_completion_20260913/validation/A/configs/amc12a_2020_p21__validation-A__gpt-5.6-luna__seed0
amc12b_2002_p3__validation-A__gpt-5.6-luna__seed0,amc12b_2002_p3,validation,A,0,True,False,0.00423168,True,0.005691659999999999,False,5,2,36657,29434,1832,experiments/output/resource_completion_20260913/validation/A/configs/amc12b_2002_p3__validation-A__gpt-5.6-luna__seed0
amc12b_2003_p6__validation-A__gpt-5.6-luna__seed0,amc12b_2003_p6,validation,A,0,True,False,0.028991760000000002,True,0.023090899999999998,False,14,9,156342,90108,11619,experiments/output/resource_completion_20260913/validation/A/configs/amc12b_2003_p6__validation-A__gpt-5.6-luna__seed0
amc12b_2020_p5__validation-A__gpt-5.6-luna__seed0,amc12b_2020_p5,validation,A,0,True,False,0.00058204,True,0.00033951999999999995,False,1,1,6209,4772,166,experiments/output/resource_completion_20260913/validation/A/configs/amc12b_2020_p5__validation-A__gpt-5.6-luna__seed0
imo_1960_p2__validation-A__gpt-5.6-luna__seed0,imo_1960_p2,validation,A,0,True,False,0.01087258,True,0.00632444,False,10,5,86726,64319,4254,experiments/output/resource_completion_20260913/validation/A/configs/imo_1960_p2__validation-A__gpt-5.6-luna__seed0
imo_1964_p2__validation-A__gpt-5.6-luna__seed0,imo_1964_p2,validation,A,0,True,False,0.029028579999999995,True,0.013769059999999998,False,10,8,134468,63479,11301,experiments/output/resource_completion_20260913/validation/A/configs/imo_1964_p2__validation-A__gpt-5.6-luna__seed0
imo_1969_p2__validation-A__gpt-5.6-luna__seed0,imo_1969_p2,validation,A,0,False,False,0.05922587999999999,False,0.03866375999999999,True,27,15,543891,393044,17663,experiments/output/resource_completion_20260913/validation/A/configs/imo_1969_p2__validation-A__gpt-5.6-luna__seed0
imo_1981_p6__validation-A__gpt-5.6-luna__seed0,imo_1981_p6,validation,A,0,True,False,0.0072876799999999995,True,0.0078697,False,6,4,55615,35874,2185,experiments/output/resource_completion_20260913/validation/A/configs/imo_1981_p6__validation-A__gpt-5.6-luna__seed0
imo_1984_p6__validation-A__gpt-5.6-luna__seed0,imo_1984_p6,validation,A,0,False,False,0.0212158,False,0.033171280000000004,False,20,6,210575,166300,7529,experiments/output/resource_completion_20260913/validation/A/configs/imo_1984_p6__validation-A__gpt-5.6-luna__seed0
induction_prod1p1onk3le3m1onn__validation-A__gpt-5.6-luna__seed0,induction_prod1p1onk3le3m1onn,validation,A,0,True,False,0.06541443999999999,True,0.04039864,True,20,15,387218,170882,15608,experiments/output/resource_completion_20260913/validation/A/configs/induction_prod1p1onk3le3m1onn__validation-A__gpt-5.6-luna__seed0
mathd_algebra_190__validation-A__gpt-5.6-luna__seed0,mathd_algebra_190,validation,A,0,True,False,0.00047784,True,0.00030785999999999997,False,1,1,5946,4772,123,experiments/output/resource_completion_20260913/validation/A/configs/mathd_algebra_190__validation-A__gpt-5.6-luna__seed0
mathd_algebra_214__validation-A__gpt-5.6-luna__seed0,mathd_algebra_214,validation,A,0,True,False,0.00069144,True,0.00059424,False,1,1,6072,4772,280,experiments/output/resource_completion_20260913/validation/A/configs/mathd_algebra_214__validation-A__gpt-5.6-luna__seed0
mathd_algebra_234__validation-A__gpt-5.6-luna__seed0,mathd_algebra_234,validation,A,0,True,False,0.00052044,True,0.00035376,False,1,1,5961,4772,156,experiments/output/resource_completion_20260913/validation/A/configs/mathd_algebra_234__validation-A__gpt-5.6-luna__seed0
mathd_algebra_251__validation-A__gpt-5.6-luna__seed0,mathd_algebra_251,validation,A,0,True,False,0.0006714399999999999,True,0.00034186000000000004,False,1,1,5966,4772,281,experiments/output/resource_completion_20260913/validation/A/configs/mathd_algebra_251__validation-A__gpt-5.6-luna__seed0
mathd_algebra_282__validation-A__gpt-5.6-luna__seed0,mathd_algebra_282,validation,A,0,False,False,0.05012091999999998,False,0.03626396,True,62,42,1638176,1591086,7401,experiments/output/resource_completion_20260913/validation/A/configs/mathd_algebra_282__validation-A__gpt-5.6-luna__seed0
mathd_algebra_327__validation-A__gpt-5.6-luna__seed0,mathd_algebra_327,validation,A,0,True,False,0.00160756,True,0.0012978399999999998,False,4,1,27440,24438,432,experiments/output/resource_completion_20260913/validation/A/configs/mathd_algebra_327__validation-A__gpt-5.6-luna__seed0
mathd_algebra_393__validation-A__gpt-5.6-luna__seed0,mathd_algebra_393,validation,A,0,True,False,0.00704224,True,0.01220498,False,5,4,37349,29702,4099,experiments/output/resource_completion_20260913/validation/A/configs/mathd_algebra_393__validation-A__gpt-5.6-luna__seed0
mathd_algebra_421__validation-A__gpt-5.6-luna__seed0,mathd_algebra_421,validation,A,0,True,False,0.0015919999999999999,True,0.00162758,False,3,1,19723,17610,681,experiments/output/resource_completion_20260913/validation/A/configs/mathd_algebra_421__validation-A__gpt-5.6-luna__seed0
mathd_algebra_433__validation-A__gpt-5.6-luna__seed0,mathd_algebra_433,validation,A,0,True,False,0.0034333999999999996,True,0.0018152399999999999,False,5,3,36229,26320,771,experiments/output/resource_completion_20260913/validation/A/configs/mathd_algebra_433__validation-A__gpt-5.6-luna__seed0
mathd_numbertheory_284__validation-A__gpt-5.6-luna__seed0,mathd_numbertheory_284,validation,A,0,True,False,0.0005290399999999999,True,0.00047744,False,1,1,5980,4772,160,experiments/output/resource_completion_20260913/validation/A/configs/mathd_numbertheory_284__validation-A__gpt-5.6-luna__seed0
mathd_numbertheory_303__validation-A__gpt-5.6-luna__seed0,mathd_numbertheory_303,validation,A,0,False,False,0.059805300000000006,False,0.040026860000000004,True,30,14,566082,428735,19801,experiments/output/resource_completion_20260913/validation/A/configs/mathd_numbertheory_303__validation-A__gpt-5.6-luna__seed0
mathd_numbertheory_33__validation-A__gpt-5.6-luna__seed0,mathd_numbertheory_33,validation,A,0,True,False,0.00093198,True,0.00092788,False,2,1,12159,10699,355,experiments/output/resource_completion_20260913/validation/A/configs/mathd_numbertheory_33__validation-A__gpt-5.6-luna__seed0
mathd_numbertheory_37__validation-A__gpt-5.6-luna__seed0,mathd_numbertheory_37,validation,A,0,False,False,0.07080883999999998,False,0.01892836,True,56,12,967417,794152,16894,experiments/output/resource_completion_20260913/validation/A/configs/mathd_numbertheory_37__validation-A__gpt-5.6-luna__seed0
mathd_numbertheory_405__validation-A__gpt-5.6-luna__seed0,mathd_numbertheory_405,validation,A,0,False,False,0.06506696,False,0.040541839999999996,True,16,12,270661,95938,23503,experiments/output/resource_completion_20260913/validation/A/configs/mathd_numbertheory_405__validation-A__gpt-5.6-luna__seed0
mathd_numbertheory_43__validation-A__gpt-5.6-luna__seed0,mathd_numbertheory_43,validation,A,0,False,False,0.0638659,False,0.0190502,True,32,16,504752,343365,20601,experiments/output/resource_completion_20260913/validation/A/configs/mathd_numbertheory_43__validation-A__gpt-5.6-luna__seed0
mathd_numbertheory_461__validation-A__gpt-5.6-luna__seed0,mathd_numbertheory_461,validation,A,0,True,False,0.00063084,True,0.0006368400000000001,False,1,1,5997,4772,242,experiments/output/resource_completion_20260913/validation/A/configs/mathd_numbertheory_461__validation-A__gpt-5.6-luna__seed0
mathd_numbertheory_530__validation-A__gpt-5.6-luna__seed0,mathd_numbertheory_530,validation,A,0,False,False,0.07154466,False,0.03573844,True,35,11,702642,491083,16176,experiments/output/resource_completion_20260913/validation/A/configs/mathd_numbertheory_530__validation-A__gpt-5.6-luna__seed0
mathd_numbertheory_64__validation-A__gpt-5.6-luna__seed0,mathd_numbertheory_64,validation,A,0,True,False,0.015594879999999998,True,0.006142159999999999,False,18,5,175721,144754,5422,experiments/output/resource_completion_20260913/validation/A/configs/mathd_numbertheory_64__validation-A__gpt-5.6-luna__seed0
aime_1984_p7__validation-B__gpt-5.6-luna__seed0,aime_1984_p7,validation,B,0,False,False,0.03965352,True,0.021000719999999997,True,15,12,192663,119006,18785,experiments/output/resource_completion_20260913/validation/B/configs/aime_1984_p7__validation-B__gpt-5.6-luna__seed0
aime_1989_p8__validation-B__gpt-5.6-luna__seed0,aime_1989_p8,validation,B,0,True,False,0.0002916,True,0.000312,False,1,1,6573,6570,133,experiments/output/resource_completion_20260913/validation/B/configs/aime_1989_p8__validation-B__gpt-5.6-luna__seed0
aime_1991_p6__validation-B__gpt-5.6-luna__seed0,aime_1991_p6,validation,B,0,False,False,0.033530399999999995,False,0.034694520000000006,True,20,3,261027,206430,15402,experiments/output/resource_completion_20260913/validation/B/configs/aime_1991_p6__validation-B__gpt-5.6-luna__seed0
aime_1991_p9__validation-B__gpt-5.6-luna__seed0,aime_1991_p9,validation,B,0,False,False,0.0387227,True,0.035652699999999996,True,17,13,244156,128985,10924,experiments/output/resource_completion_20260913/validation/B/configs/aime_1991_p9__validation-B__gpt-5.6-luna__seed0
algebra_others_exirrpowirrrat__validation-B__gpt-5.6-luna__seed0,algebra_others_exirrpowirrrat,validation,B,0,False,False,0.04184630000000001,False,0.03667356,True,32,11,422899,296195,8818,experiments/output/resource_completion_20260913/validation/B/configs/algebra_others_exirrpowirrrat__validation-B__gpt-5.6-luna__seed0
amc12_2000_p12__validation-B__gpt-5.6-luna__seed0,amc12_2000_p12,validation,B,0,False,False,0.0408939,True,0.01450842,True,23,17,260133,164075,15334,experiments/output/resource_completion_20260913/validation/B/configs/amc12_2000_p12__validation-B__gpt-5.6-luna__seed0
amc12_2001_p21__validation-B__gpt-5.6-luna__seed0,amc12_2001_p21,validation,B,0,True,False,0.00630084,False,0.03846148,True,6,4,41610,34642,3512,experiments/output/resource_completion_20260913/validation/B/configs/amc12_2001_p21__validation-B__gpt-5.6-luna__seed0
amc12a_2002_p6__validation-B__gpt-5.6-luna__seed0,amc12a_2002_p6,validation,B,0,True,False,0.0024866199999999997,True,0.00055204,True,5,5,29870,26681,1096,experiments/output/resource_completion_20260913/validation/B/configs/amc12a_2002_p6__validation-B__gpt-5.6-luna__seed0
amc12a_2008_p4__validation-B__gpt-5.6-luna__seed0,amc12a_2008_p4,validation,B,0,False,False,0.0383506,True,0.0091323,True,17,8,331763,197060,6224,experiments/output/resource_completion_20260913/validation/B/configs/amc12a_2008_p4__validation-B__gpt-5.6-luna__seed0
amc12a_2013_p8__validation-B__gpt-5.6-luna__seed0,amc12a_2013_p8,validation,B,0,True,False,0.010585679999999998,True,0.0056448,True,16,4,134823,123114,4818,experiments/output/resource_completion_20260913/validation/B/configs/amc12a_2013_p8__validation-B__gpt-5.6-luna__seed0
amc12a_2016_p3__validation-B__gpt-5.6-luna__seed0,amc12a_2016_p3,validation,B,0,True,False,0.013888779999999996,True,0.00671758,True,9,6,97727,55659,3635,experiments/output/resource_completion_20260913/validation/B/configs/amc12a_2016_p3__validation-B__gpt-5.6-luna__seed0
amc12a_2019_p21__validation-B__gpt-5.6-luna__seed0,amc12a_2019_p21,validation,B,0,False,False,0.041224779999999996,False,0.040915639999999996,True,21,9,368237,223679,6533,experiments/output/resource_completion_20260913/validation/B/configs/amc12a_2019_p21__validation-B__gpt-5.6-luna__seed0
amc12a_2020_p21__validation-B__gpt-5.6-luna__seed0,amc12a_2020_p21,validation,B,0,False,False,0.02736382,False,0.0363663,True,41,3,620165,595831,8817,experiments/output/resource_completion_20260913/validation/B/configs/amc12a_2020_p21__validation-B__gpt-5.6-luna__seed0
amc12b_2002_p3__validation-B__gpt-5.6-luna__seed0,amc12b_2002_p3,validation,B,0,True,False,0.012381,True,0.005691659999999999,True,9,4,102627,68080,3425,experiments/output/resource_completion_20260913/validation/B/configs/amc12b_2002_p3__validation-B__gpt-5.6-luna__seed0
amc12b_2003_p6__validation-B__gpt-5.6-luna__seed0,amc12b_2003_p6,validation,B,0,True,False,0.01895806,True,0.023090899999999998,True,14,8,130034,89333,7526,experiments/output/resource_completion_20260913/validation/B/configs/amc12b_2003_p6__validation-B__gpt-5.6-luna__seed0
amc12b_2020_p5__validation-B__gpt-5.6-luna__seed0,amc12b_2020_p5,validation,B,0,True,False,0.00029991999999999996,True,0.00033951999999999995,False,1,1,6209,6206,146,experiments/output/resource_completion_20260913/validation/B/configs/amc12b_2020_p5__validation-B__gpt-5.6-luna__seed0
imo_1960_p2__validation-B__gpt-5.6-luna__seed0,imo_1960_p2,validation,B,0,True,False,0.010638879999999998,True,0.00632444,True,14,6,116051,96834,4049,experiments/output/resource_completion_20260913/validation/B/configs/imo_1960_p2__validation-B__gpt-5.6-luna__seed0
imo_1964_p2__validation-B__gpt-5.6-luna__seed0,imo_1964_p2,validation,B,0,True,False,0.019013099999999998,True,0.013769059999999998,True,12,11,113337,68035,7160,experiments/output/resource_completion_20260913/validation/B/configs/imo_1964_p2__validation-B__gpt-5.6-luna__seed0
imo_1969_p2__validation-B__gpt-5.6-luna__seed0,imo_1969_p2,validation,B,0,False,False,0.0400001,False,0.03866375999999999,True,18,10,266704,176795,15402,experiments/output/resource_completion_20260913/validation/B/configs/imo_1969_p2__validation-B__gpt-5.6-luna__seed0
imo_1981_p6__validation-B__gpt-5.6-luna__seed0,imo_1981_p6,validation,B,0,True,False,0.00525694,True,0.0078697,True,7,4,50903,40867,2027,experiments/output/resource_completion_20260913/validation/B/configs/imo_1981_p6__validation-B__gpt-5.6-luna__seed0
imo_1984_p6__validation-B__gpt-5.6-luna__seed0,imo_1984_p6,validation,B,0,False,False,0.01648086,False,0.033171280000000004,True,13,6,136827,106083,6842,experiments/output/resource_completion_20260913/validation/B/configs/imo_1984_p6__validation-B__gpt-5.6-luna__seed0
induction_prod1p1onk3le3m1onn__validation-B__gpt-5.6-luna__seed0,induction_prod1p1onk3le3m1onn,validation,B,0,False,False,0.03826433999999999,True,0.04039864,True,20,12,292728,161667,7349,experiments/output/resource_completion_20260913/validation/B/configs/induction_prod1p1onk3le3m1onn__validation-B__gpt-5.6-luna__seed0
mathd_algebra_190__validation-B__gpt-5.6-luna__seed0,mathd_algebra_190,validation,B,0,True,False,0.00035826,True,0.00030785999999999997,False,1,1,5946,5943,199,experiments/output/resource_completion_20260913/validation/B/configs/mathd_algebra_190__validation-B__gpt-5.6-luna__seed0
mathd_algebra_214__validation-B__gpt-5.6-luna__seed0,mathd_algebra_214,validation,B,0,True,False,0.00038118,True,0.00059424,False,1,1,6072,6069,216,experiments/output/resource_completion_20260913/validation/B/configs/mathd_algebra_214__validation-B__gpt-5.6-luna__seed0
mathd_algebra_234__validation-B__gpt-5.6-luna__seed0,mathd_algebra_234,validation,B,0,True,False,0.00032376,True,0.00035376,False,1,1,5961,5958,170,experiments/output/resource_completion_20260913/validation/B/configs/mathd_algebra_234__validation-B__gpt-5.6-luna__seed0
mathd_algebra_251__validation-B__gpt-5.6-luna__seed0,mathd_algebra_251,validation,B,0,True,False,0.0007174600000000001,True,0.00034186000000000004,False,1,1,5966,5963,498,experiments/output/resource_completion_20260913/validation/B/configs/mathd_algebra_251__validation-B__gpt-5.6-luna__seed0
mathd_algebra_282__validation-B__gpt-5.6-luna__seed0,mathd_algebra_282,validation,B,0,False,False,0.02847526,False,0.03626396,True,37,2,705926,674073,7186,experiments/output/resource_completion_20260913/validation/B/configs/mathd_algebra_282__validation-B__gpt-5.6-luna__seed0
mathd_algebra_327__validation-B__gpt-5.6-luna__seed0,mathd_algebra_327,validation,B,0,True,False,0.00153608,True,0.0012978399999999998,False,3,1,21391,18054,423,experiments/output/resource_completion_20260913/validation/B/configs/mathd_algebra_327__validation-B__gpt-5.6-luna__seed0
mathd_algebra_393__validation-B__gpt-5.6-luna__seed0,mathd_algebra_393,validation,B,0,True,False,0.0165308,True,0.01220498,True,17,11,174478,142600,6086,experiments/output/resource_completion_20260913/validation/B/configs/mathd_algebra_393__validation-B__gpt-5.6-luna__seed0
mathd_algebra_421__validation-B__gpt-5.6-luna__seed0,mathd_algebra_421,validation,B,0,True,False,0.0016898599999999998,True,0.00162758,True,3,2,18928,17363,858,experiments/output/resource_completion_20260913/validation/B/configs/mathd_algebra_421__validation-B__gpt-5.6-luna__seed0
mathd_algebra_433__validation-B__gpt-5.6-luna__seed0,mathd_algebra_433,validation,B,0,True,False,0.00163568,True,0.0018152399999999999,True,4,2,23527,22114,759,experiments/output/resource_completion_20260913/validation/B/configs/mathd_algebra_433__validation-B__gpt-5.6-luna__seed0
mathd_numbertheory_284__validation-B__gpt-5.6-luna__seed0,mathd_numbertheory_284,validation,B,0,True,False,0.00040814,True,0.00047744,False,1,1,5980,5977,240,experiments/output/resource_completion_20260913/validation/B/configs/mathd_numbertheory_284__validation-B__gpt-5.6-luna__seed0
mathd_numbertheory_303__validation-B__gpt-5.6-luna__seed0,mathd_numbertheory_303,validation,B,0,False,False,0.041200719999999996,False,0.040026860000000004,True,29,10,383570,290356,13959,experiments/output/resource_completion_20260913/validation/B/configs/mathd_numbertheory_303__validation-B__gpt-5.6-luna__seed0
mathd_numbertheory_33__validation-B__gpt-5.6-luna__seed0,mathd_numbertheory_33,validation,B,0,True,False,0.00076728,True,0.00092788,False,2,1,12189,11854,386,experiments/output/resource_completion_20260913/validation/B/configs/mathd_numbertheory_33__validation-B__gpt-5.6-luna__seed0
mathd_numbertheory_37__validation-B__gpt-5.6-luna__seed0,mathd_numbertheory_37,validation,B,0,False,False,0.025085580000000003,False,0.01892836,True,25,15,271374,207369,6781,experiments/output/resource_completion_20260913/validation/B/configs/mathd_numbertheory_37__validation-B__gpt-5.6-luna__seed0
mathd_numbertheory_405__validation-B__gpt-5.6-luna__seed0,mathd_numbertheory_405,validation,B,0,False,False,0.03422252,False,0.040541839999999996,True,16,11,266332,168246,9367,experiments/output/resource_completion_20260913/validation/B/configs/mathd_numbertheory_405__validation-B__gpt-5.6-luna__seed0
mathd_numbertheory_43__validation-B__gpt-5.6-luna__seed0,mathd_numbertheory_43,validation,B,0,False,False,0.03220987999999999,False,0.0190502,True,34,14,419377,358644,10742,experiments/output/resource_completion_20260913/validation/B/configs/mathd_numbertheory_43__validation-B__gpt-5.6-luna__seed0
mathd_numbertheory_461__validation-B__gpt-5.6-luna__seed0,mathd_numbertheory_461,validation,B,0,True,False,0.00035208,True,0.0006368400000000001,False,1,1,5997,5994,193,experiments/output/resource_completion_20260913/validation/B/configs/mathd_numbertheory_461__validation-B__gpt-5.6-luna__seed0
mathd_numbertheory_530__validation-B__gpt-5.6-luna__seed0,mathd_numbertheory_530,validation,B,0,False,False,0.04024966000000001,False,0.03573844,True,29,8,434249,311483,7889,experiments/output/resource_completion_20260913/validation/B/configs/mathd_numbertheory_530__validation-B__gpt-5.6-luna__seed0
mathd_numbertheory_64__validation-B__gpt-5.6-luna__seed0,mathd_numbertheory_64,validation,B,0,True,False,0.015369379999999998,True,0.006142159999999999,True,23,9,188134,165219,6235,experiments/output/resource_completion_20260913/validation/B/configs/mathd_numbertheory_64__validation-B__gpt-5.6-luna__seed0
