cell,stage,role,arm,theorem,seed,strategy_returned_value,solved,qualified,failed,cost,input,cached,output,reasoning,uncached_cost,requests,drops
validation__ace_coverage__proof__amc12a_2020_p21__seed1,validation,proof,ace_coverage,amc12a_2020_p21,1,False,False,False,False,0.04168932000000001,252858,146786,14616,10047,0.0681108,16,0
validation__ace_coverage__proof__mathd_algebra_393__seed0,validation,proof,ace_coverage,mathd_algebra_393,0,True,True,True,False,0.00468338,47785,36149,1361,726,0.011190199999999999,6,0
validation__ace_coverage__proof__aime_1991_p6__seed1,validation,proof,ace_coverage,aime_1991_p6,1,False,False,False,False,0.05796056,747994,623168,17110,9168,0.1701308,30,0
validation__ace_coverage__proof__imo_1984_p6__seed1,validation,proof,ace_coverage,imo_1984_p6,1,False,False,False,False,0.025033480000000004,215531,158544,8721,7149,0.0535714,19,0
validation__ace_coverage__proof__amc12a_2016_p3__seed1,validation,proof,ace_coverage,amc12a_2016_p3,1,True,True,True,False,0.00807748,51431,34724,3368,2124,0.0143278,6,0
validation__ace_coverage__proof__imo_1964_p2__seed0,validation,proof,ace_coverage,imo_1964_p2,0,True,True,True,False,0.02263452,151377,105296,9427,4552,0.0415878,13,0
validation__ace_coverage__proof__amc12b_2003_p6__seed0,validation,proof,ace_coverage,amc12b_2003_p6,0,True,True,True,False,0.00957686,71749,54203,4153,2177,0.0193334,8,0
validation__ace_coverage__proof__mathd_algebra_433__seed0,validation,proof,ace_coverage,mathd_algebra_433,0,True,True,True,False,0.00242528,28621,23074,712,414,0.0065785999999999996,4,0
validation__ace_coverage__proof__mathd_numbertheory_461__seed0,validation,proof,ace_coverage,mathd_numbertheory_461,0,True,True,True,False,0.0004453,6098,6095,269,183,0.0015424,1,0
validation__ace_coverage__proof__amc12a_2013_p8__seed1,validation,proof,ace_coverage,amc12a_2013_p8,1,True,True,True,False,0.012466059999999998,68735,42323,5281,3133,0.0200842,8,0
validation__ace_coverage__proof__aime_1991_p6__seed0,validation,proof,ace_coverage,aime_1991_p6,0,False,False,False,False,0.05974276,235136,107998,26796,11532,0.0791824,14,0
validation__ace_coverage__proof__amc12_2000_p12__seed1,validation,proof,ace_coverage,amc12_2000_p12,1,True,True,True,False,0.01599506,85417,63913,8680,6514,0.027499399999999997,9,0
validation__ace_coverage__proof__imo_1964_p2__seed1,validation,proof,ace_coverage,imo_1964_p2,1,False,False,False,False,0.06572959999999999,478102,284000,17691,7012,0.1168496,23,0
validation__ace_coverage__proof__imo_1984_p6__seed0,validation,proof,ace_coverage,imo_1984_p6,0,False,False,False,False,0.049656679999999995,1186600,1135094,13878,5463,0.25397359999999997,56,0
validation__ace_coverage__proof__mathd_algebra_327__seed0,validation,proof,ace_coverage,mathd_algebra_327,0,True,True,True,False,0.00133366,27785,26003,381,209,0.0060142,4,0
validation__ace_coverage__proof__aime_1991_p9__seed0,validation,proof,ace_coverage,aime_1991_p9,0,True,True,True,False,0.02025326,261607,232083,8089,4233,0.0620282,22,0
validation__ace_coverage__proof__mathd_numbertheory_37__seed1,validation,proof,ace_coverage,mathd_numbertheory_37,1,False,False,False,False,0.02882358,324528,252889,7865,4401,0.0743436,26,0
validation__ace_coverage__proof__amc12a_2016_p3__seed0,validation,proof,ace_coverage,amc12a_2016_p3,0,True,True,True,False,0.05676143999999999,414693,219902,11171,6514,0.0963438,24,0
validation__ace_coverage__proof__imo_1969_p2__seed1,validation,proof,ace_coverage,imo_1969_p2,1,False,False,False,False,0.05094753999999999,1344548,1289047,11722,8089,0.282976,62,0
validation__ace_coverage__proof__mathd_algebra_234__seed0,validation,proof,ace_coverage,mathd_algebra_234,0,True,True,True,False,0.00029458,6062,6059,144,97,0.0013852,1,0
validation__ace_coverage__proof__algebra_others_exirrpowirrrat__seed0,validation,proof,ace_coverage,algebra_others_exirrpowirrrat,0,False,False,False,False,0.06436723999999999,753973,593012,16929,11139,0.1711094,40,0
validation__ace_coverage__proof__mathd_numbertheory_37__seed0,validation,proof,ace_coverage,mathd_numbertheory_37,0,False,False,False,False,0.0278214,275700,193310,6231,3759,0.0626172,24,0
validation__ace_coverage__proof__imo_1981_p6__seed0,validation,proof,ace_coverage,imo_1981_p6,0,True,True,True,False,0.012107179999999999,82900,57909,4959,3038,0.0225308,8,0
validation__ace_coverage__proof__mathd_algebra_251__seed1,validation,proof,ace_coverage,mathd_algebra_251,1,True,True,True,False,0.00049628,6067,6064,312,232,0.0015877999999999999,1,0
validation__ace_coverage__proof__mathd_algebra_190__seed1,validation,proof,ace_coverage,mathd_algebra_190,1,True,True,True,False,0.00041308,6047,6044,243,226,0.001501,1,0
validation__ace_coverage__proof__mathd_algebra_393__seed1,validation,proof,ace_coverage,mathd_algebra_393,1,True,True,True,False,0.006339999999999998,44759,34210,2955,2018,0.0124978,6,0
validation__ace_coverage__proof__aime_1989_p8__seed1,validation,proof,ace_coverage,aime_1989_p8,1,True,True,True,False,0.00027322,6674,6671,116,83,0.0014739999999999998,1,0
validation__ace_coverage__proof__mathd_numbertheory_284__seed0,validation,proof,ace_coverage,mathd_numbertheory_284,0,True,True,True,False,0.00027696000000000003,6081,6078,129,94,0.001371,1,0
validation__ace_coverage__proof__mathd_algebra_421__seed0,validation,proof,ace_coverage,mathd_algebra_421,0,True,True,True,False,0.00308286,25350,20393,1403,1034,0.0067536,3,0
validation__ace_coverage__proof__amc12a_2008_p4__seed1,validation,proof,ace_coverage,amc12a_2008_p4,1,True,True,True,False,0.01594212,107730,65306,5126,3270,0.027697199999999998,12,0
validation__ace_coverage__proof__mathd_algebra_190__seed0,validation,proof,ace_coverage,mathd_algebra_190,0,True,True,True,False,0.00025828,6047,6044,114,97,0.0013462,1,0
validation__ace_coverage__proof__amc12_2001_p21__seed1,validation,proof,ace_coverage,amc12_2001_p21,1,True,True,True,False,0.00667364,50362,44882,3900,3405,0.014752399999999999,6,0
validation__ace_coverage__proof__amc12a_2002_p6__seed1,validation,proof,ace_coverage,amc12a_2002_p6,1,True,True,True,False,0.00052586,6106,6103,336,296,0.0016244,1,0
validation__ace_coverage__proof__imo_1960_p2__seed0,validation,proof,ace_coverage,imo_1960_p2,0,True,True,True,False,0.0231292,171902,116980,8171,4755,0.0441856,13,0
validation__ace_coverage__proof__amc12a_2020_p21__seed0,validation,proof,ace_coverage,amc12a_2020_p21,0,False,False,False,False,0.06563924,453142,259762,18140,15556,0.1123964,25,0
validation__ace_coverage__proof__mathd_algebra_421__seed1,validation,proof,ace_coverage,mathd_algebra_421,1,True,True,True,False,0.00130672,19913,19346,672,310,0.004789,3,0
validation__ace_coverage__proof__induction_prod1p1onk3le3m1onn__seed1,validation,proof,ace_coverage,induction_prod1p1onk3le3m1onn,1,True,True,True,False,0.05574828,368886,195114,14243,5736,0.0908688,20,0
validation__ace_coverage__proof__amc12b_2003_p6__seed1,validation,proof,ace_coverage,amc12b_2003_p6,1,True,True,True,False,0.0172917,103851,68585,7389,3964,0.029637,11,0
validation__ace_coverage__proof__mathd_numbertheory_33__seed1,validation,proof,ace_coverage,mathd_numbertheory_33,1,True,True,True,False,0.00078552,12378,12056,400,284,0.0029556,2,0
validation__ace_coverage__proof__amc12_2001_p21__seed0,validation,proof,ace_coverage,amc12_2001_p21,0,True,True,True,False,0.01183782,118707,103691,5634,4176,0.0305022,13,0
validation__ace_coverage__proof__amc12a_2002_p6__seed0,validation,proof,ace_coverage,amc12a_2002_p6,0,True,True,True,False,0.00171952,14684,10976,632,552,0.0036952,2,0
validation__ace_coverage__proof__mathd_numbertheory_64__seed1,validation,proof,ace_coverage,mathd_numbertheory_64,1,True,True,True,False,0.004853059999999999,36394,30963,2623,2118,0.010426399999999999,5,0
validation__ace_coverage__proof__amc12a_2019_p21__seed0,validation,proof,ace_coverage,amc12a_2019_p21,0,False,False,False,False,0.06444596,680497,478068,11999,8232,0.1504982,30,0
validation__ace_coverage__proof__mathd_algebra_327__seed1,validation,proof,ace_coverage,mathd_algebra_327,1,True,True,True,False,0.0013672399999999998,22348,20122,433,263,0.0049892,3,0
validation__ace_coverage__proof__amc12_2000_p12__seed0,validation,proof,ace_coverage,amc12_2000_p12,0,True,True,True,False,0.014467,52733,34600,8457,7013,0.020694999999999998,6,0
validation__ace_coverage__proof__mathd_numbertheory_530__seed0,validation,proof,ace_coverage,mathd_numbertheory_530,0,False,False,False,False,0.06406116,545148,350198,15056,6240,0.12709679999999998,27,0
validation__ace_coverage__proof__mathd_numbertheory_530__seed1,validation,proof,ace_coverage,mathd_numbertheory_530,1,False,False,False,False,0.06778764000000001,550689,351152,17381,7175,0.130995,32,0
validation__ace_coverage__proof__mathd_algebra_282__seed0,validation,proof,ace_coverage,mathd_algebra_282,0,False,False,False,False,0.04725682,1534295,1488441,6931,4778,0.31517619999999996,55,0
validation__ace_coverage__proof__mathd_numbertheory_43__seed1,validation,proof,ace_coverage,mathd_numbertheory_43,1,False,False,False,False,0.0132764,212722,198720,5418,3842,0.049046,18,0
validation__ace_coverage__proof__mathd_numbertheory_303__seed1,validation,proof,ace_coverage,mathd_numbertheory_303,1,False,False,False,False,0.05998314,354264,199047,20799,7964,0.0958116,22,0
validation__ace_coverage__proof__amc12b_2020_p5__seed1,validation,proof,ace_coverage,amc12b_2020_p5,1,True,True,True,False,0.00034754,6310,6307,184,126,0.0014827999999999998,1,0
validation__ace_coverage__proof__aime_1984_p7__seed1,validation,proof,ace_coverage,aime_1984_p7,1,False,False,False,False,0.06307002,314109,167001,25257,14429,0.0931302,20,0
validation__ace_coverage__proof__mathd_numbertheory_303__seed0,validation,proof,ace_coverage,mathd_numbertheory_303,0,False,False,False,False,0.06420365999999998,473661,336223,24993,16454,0.1247238,30,0
validation__ace_coverage__proof__mathd_numbertheory_43__seed0,validation,proof,ace_coverage,mathd_numbertheory_43,0,False,False,False,False,0.03674821999999999,381076,327581,16248,8015,0.0957128,28,0
validation__ace_coverage__proof__aime_1991_p9__seed1,validation,proof,ace_coverage,aime_1991_p9,1,True,True,True,False,0.04675828,327239,196184,13853,7710,0.08207139999999999,24,0
validation__ace_coverage__proof__mathd_algebra_234__seed1,validation,proof,ace_coverage,mathd_algebra_234,1,True,True,True,False,0.00047818,6062,6059,297,232,0.0015688,1,0
validation__ace_coverage__proof__imo_1969_p2__seed0,validation,proof,ace_coverage,imo_1969_p2,0,False,False,False,False,0.047734400000000024,1371973,1318270,8857,6026,0.28502299999999997,59,0
validation__ace_coverage__proof__mathd_algebra_282__seed1,validation,proof,ace_coverage,mathd_algebra_282,1,False,False,False,False,0.049135180000000014,1357937,1298059,9332,6665,0.2827858,64,0
validation__ace_coverage__proof__algebra_others_exirrpowirrrat__seed1,validation,proof,ace_coverage,algebra_others_exirrpowirrrat,1,False,False,False,False,0.06494902,613280,446941,18952,11607,0.14539839999999998,35,0
validation__ace_coverage__proof__mathd_numbertheory_284__seed1,validation,proof,ace_coverage,mathd_numbertheory_284,1,True,True,True,False,0.00046175999999999997,6081,6078,283,251,0.0015558,1,0
validation__ace_coverage__proof__mathd_numbertheory_461__seed1,validation,proof,ace_coverage,mathd_numbertheory_461,1,True,True,True,False,0.00130436,12661,10968,622,478,0.0032786,2,0
validation__ace_coverage__proof__mathd_algebra_214__seed0,validation,proof,ace_coverage,mathd_algebra_214,0,True,True,True,False,0.00047799999999999996,6173,6170,295,224,0.0015886,1,0
validation__ace_coverage__proof__amc12a_2019_p21__seed1,validation,proof,ace_coverage,amc12a_2019_p21,1,False,False,False,False,0.06565394000000002,790339,592577,11875,7246,0.1723178,41,0
validation__ace_coverage__proof__aime_1989_p8__seed0,validation,proof,ace_coverage,aime_1989_p8,0,True,True,True,False,0.00028282,6674,6671,124,91,0.0014835999999999998,1,0
validation__ace_coverage__proof__mathd_algebra_251__seed0,validation,proof,ace_coverage,mathd_algebra_251,0,True,True,True,False,0.00107256,12348,12128,655,502,0.0032556,2,0
validation__ace_coverage__proof__mathd_algebra_433__seed1,validation,proof,ace_coverage,mathd_algebra_433,1,True,True,True,False,0.00321446,35698,28013,931,500,0.0082568,5,0
validation__ace_coverage__proof__amc12b_2002_p3__seed1,validation,proof,ace_coverage,amc12b_2002_p3,1,True,True,True,False,0.0048914200000000005,50024,39761,1703,992,0.012048399999999999,6,0
validation__ace_coverage__proof__amc12b_2002_p3__seed0,validation,proof,ace_coverage,amc12b_2002_p3,0,True,True,True,False,0.00362752,28766,22136,1549,962,0.007611999999999999,4,0
validation__ace_coverage__proof__mathd_numbertheory_33__seed0,validation,proof,ace_coverage,mathd_numbertheory_33,0,True,True,True,False,0.00080592,12348,12056,422,279,0.002976,2,0
validation__ace_coverage__proof__induction_prod1p1onk3le3m1onn__seed0,validation,proof,ace_coverage,induction_prod1p1onk3le3m1onn,0,True,True,True,False,0.04637938,348899,209289,11893,5352,0.0840514,22,0
validation__ace_coverage__proof__mathd_numbertheory_405__seed0,validation,proof,ace_coverage,mathd_numbertheory_405,0,False,False,False,False,0.06096772,237500,83646,23770,11084,0.076024,15,0
validation__ace_coverage__proof__mathd_algebra_214__seed1,validation,proof,ace_coverage,mathd_algebra_214,1,True,True,True,False,0.0012920599999999998,12739,11043,610,455,0.0032798,2,0
validation__ace_coverage__proof__amc12a_2013_p8__seed0,validation,proof,ace_coverage,amc12a_2013_p8,0,True,True,True,False,0.004420779999999999,49562,43449,1941,1377,0.0122416,7,0
validation__ace_coverage__proof__aime_1984_p7__seed0,validation,proof,ace_coverage,aime_1984_p7,0,True,True,True,False,0.025701019999999998,98803,55731,13310,8624,0.0357326,9,0
validation__ace_coverage__proof__amc12b_2020_p5__seed0,validation,proof,ace_coverage,amc12b_2020_p5,0,True,True,True,False,0.00028394,6310,6307,131,68,0.0014191999999999998,1,0
validation__ace_coverage__proof__mathd_numbertheory_405__seed1,validation,proof,ace_coverage,mathd_numbertheory_405,1,True,True,True,False,0.06038712000000001,268188,95136,19895,4830,0.0775116,14,0
validation__ace_coverage__proof__imo_1960_p2__seed1,validation,proof,ace_coverage,imo_1960_p2,1,True,True,True,False,0.0205152,161007,119270,8152,5245,0.0419838,16,0
validation__ace_coverage__proof__imo_1981_p6__seed1,validation,proof,ace_coverage,imo_1981_p6,1,True,True,True,False,0.00919678,88898,73529,3877,2073,0.022432,9,0
validation__ace_coverage__proof__amc12a_2008_p4__seed0,validation,proof,ace_coverage,amc12a_2008_p4,0,True,True,True,False,0.030652480000000003,191345,117954,11346,8621,0.0518842,18,0
validation__ace_coverage__proof__mathd_numbertheory_64__seed0,validation,proof,ace_coverage,mathd_numbertheory_64,0,True,True,True,False,0.00855358,101498,86289,3155,2173,0.0240856,11,0
learning__adapt__curator__amc12b_2004_p3__seed0,learning,curator,adapt,amc12b_2004_p3,0,True,,,False,0.01146446,68698,16453,572,331,0.014426,4,0
learning__adapt__curator__induction_pord1p1on2powklt5on2__seed0,learning,curator,adapt,induction_pord1p1on2powklt5on2,0,True,,,False,0.01090422,62829,15011,867,450,0.013606199999999999,4,0
learning__adapt__curator__aime_1984_p1__seed0,learning,curator,adapt,aime_1984_p1,0,True,,,False,0.049722199999999994,242857,0,959,510,0.049722199999999994,4,0
learning__adapt__reducer__batch00__seed0,learning,reducer,adapt,batch00,0,True,,,False,0.02119932,120501,28736,1893,1231,0.0263718,4,0
learning__adapt__reflector__amc12b_2004_p3__seed0,learning,reflector,adapt,amc12b_2004_p3,0,True,,,False,0.01080188,63595,14404,563,334,0.0133946,3,0
learning__adapt__reflector__induction_pord1p1on2powklt5on2__seed0,learning,reflector,adapt,induction_pord1p1on2powklt5on2,0,True,,,False,0.0110593,63740,14575,779,361,0.0136828,4,0
learning__adapt__reflector__aime_1984_p1__seed0,learning,reflector,adapt,aime_1984_p1,0,True,,,False,0.020046019999999998,121306,28771,803,559,0.0252248,4,0
learning__adapt__reflector__mathd_numbertheory_403__seed0,learning,reflector,adapt,mathd_numbertheory_403,0,True,,,False,0.0027216000000000002,12990,0,103,53,0.0027216000000000002,1,0
learning__adapt__curator__mathd_algebra_43__seed0,learning,curator,adapt,mathd_algebra_43,0,True,,,False,0.006284,28996,0,404,109,0.006284,2,0
learning__adapt__curator__imo_1968_p5_1__seed0,learning,curator,adapt,imo_1968_p5_1,0,True,,,False,0.015352000000000001,68084,0,1446,829,0.015352,4,0
learning__adapt__curator__amc12a_2020_p13__seed0,learning,curator,adapt,amc12a_2020_p13,0,True,,,False,0.007047059999999999,46527,14873,349,90,0.009724199999999999,3,0
learning__adapt__reducer__batch01__seed0,learning,reducer,adapt,batch01,0,True,,,False,0.010575020000000001,55939,16531,1969,1232,0.0135506,5,0
learning__adapt__reflector__mathd_algebra_43__seed0,learning,reflector,adapt,mathd_algebra_43,0,True,,,False,0.006386419999999999,40195,13041,579,324,0.0087338,3,0
learning__adapt__reflector__imo_1968_p5_1__seed0,learning,reflector,adapt,imo_1968_p5_1,0,True,,,False,0.009198959999999999,68352,31248,961,660,0.0148236,4,0
learning__adapt__reflector__amc12a_2020_p13__seed0,learning,reflector,adapt,amc12a_2020_p13,0,True,,,False,0.0076564599999999995,48302,14613,522,238,0.010286799999999999,3,0
learning__adapt__reflector__mathd_numbertheory_326__seed0,learning,reflector,adapt,mathd_numbertheory_326,0,True,,,False,0.0027362,12979,0,117,57,0.0027362,1,0
learning__adapt__curator__mathd_numbertheory_301__seed0,learning,curator,adapt,mathd_numbertheory_301,0,True,,,False,0.01000208,59059,14154,615,298,0.0125498,4,0
learning__adapt__curator__mathd_numbertheory_48__seed0,learning,curator,adapt,mathd_numbertheory_48,0,True,,,False,0.00717402,44640,14991,787,453,0.0098724,3,0
learning__adapt__curator__amc12a_2003_p1__seed0,learning,curator,adapt,amc12a_2003_p1,0,True,,,False,0.01138804,60920,14462,1506,932,0.013991199999999999,4,0
learning__adapt__reducer__batch02__seed0,learning,reducer,adapt,batch02,0,True,,,False,0.0050912200000000005,25625,5401,782,288,0.0060634,3,0
learning__adapt__reflector__mathd_numbertheory_458__seed0,learning,reflector,adapt,mathd_numbertheory_458,0,True,,,False,0.0027785999999999996,13113,0,130,72,0.0027785999999999996,1,0
learning__adapt__reflector__mathd_numbertheory_301__seed0,learning,reflector,adapt,mathd_numbertheory_301,0,True,,,False,0.00621672,40278,13056,426,180,0.0085668,3,0
learning__adapt__reflector__mathd_numbertheory_48__seed0,learning,reflector,adapt,mathd_numbertheory_48,0,True,,,False,0.00694988,42463,13504,740,438,0.0093806,3,0
learning__adapt__reflector__amc12a_2003_p1__seed0,learning,reflector,adapt,amc12a_2003_p1,0,True,,,False,0.0077899599999999986,42575,13388,1404,1099,0.010199799999999998,3,0
learning__adapt__curator__mathd_algebra_185__seed0,learning,curator,adapt,mathd_algebra_185,0,True,,,False,0.0065308,30566,0,348,130,0.0065308,2,0
learning__adapt__curator__amc12b_2003_p17__seed0,learning,curator,adapt,amc12b_2003_p17,0,True,,,False,0.0101352,46470,0,701,176,0.0101352,3,0
learning__adapt__curator__imo_1963_p5__seed0,learning,curator,adapt,imo_1963_p5,0,True,,,False,0.006363199999999999,29398,0,403,113,0.006363199999999999,2,0
learning__adapt__reducer__batch03__seed0,learning,reducer,adapt,batch03,0,True,,,False,0.012868359999999999,61268,6738,1523,819,0.014081199999999999,5,0
learning__adapt__reflector__mathd_algebra_185__seed0,learning,reflector,adapt,mathd_algebra_185,0,True,,,False,0.00719114,45484,13947,504,278,0.0097016,3,0
learning__adapt__reflector__amc12b_2003_p17__seed0,learning,reflector,adapt,amc12b_2003_p17,0,True,,,False,0.00719244,44544,14202,700,292,0.0097488,3,0
learning__adapt__reflector__imo_1963_p5__seed0,learning,reflector,adapt,imo_1963_p5,0,True,,,False,0.0070304,45001,14170,484,187,0.009581,3,0
learning__adapt__reflector__mathd_algebra_410__seed0,learning,reflector,adapt,mathd_algebra_410,0,True,,,False,0.00281,13042,0,168,114,0.00281,1,0
learning__adapt__curator__imo_1967_p3__seed0,learning,curator,adapt,imo_1967_p3,0,True,,,False,0.00467626,46265,30353,739,371,0.0101398,3,0
learning__adapt__curator__amc12a_2016_p2__seed0,learning,curator,adapt,amc12a_2016_p2,0,True,,,False,0.007363919999999999,44829,14986,913,548,0.010061399999999998,3,0
learning__adapt__curator__mathd_numbertheory_629__seed0,learning,curator,adapt,mathd_numbertheory_629,0,True,,,False,0.0103611,59979,15135,908,414,0.013085399999999999,4,0
learning__adapt__reducer__batch04__seed0,learning,reducer,adapt,batch04,0,True,,,False,0.00245922,13029,5721,736,316,0.0034889999999999995,2,0
learning__adapt__reflector__imo_1967_p3__seed0,learning,reflector,adapt,imo_1967_p3,0,True,,,False,0.0078058,44885,13720,1082,857,0.0102754,3,0
learning__adapt__reflector__algebra_amgm_sum1toneqn_prod1tonleq1__seed0,learning,reflector,adapt,algebra_amgm_sum1toneqn_prod1tonleq1,0,True,,,False,0.0041179599999999995,29423,13968,623,500,0.0066321999999999996,2,0
learning__adapt__reflector__amc12a_2016_p2__seed0,learning,reflector,adapt,amc12a_2016_p2,0,True,,,False,0.00639792,41484,13336,418,149,0.0087984,3,0
learning__adapt__reflector__mathd_numbertheory_629__seed0,learning,reflector,adapt,mathd_numbertheory_629,0,True,,,False,0.0071876200000000005,44816,14051,628,353,0.0097168,3,0
learning__adapt__curator__amc12a_2017_p7__seed0,learning,curator,adapt,amc12a_2017_p7,0,True,,,False,0.01002762,59517,14901,672,167,0.0127098,4,0
learning__adapt__curator__imo_1977_p6__seed0,learning,curator,adapt,imo_1977_p6,0,True,,,False,0.0068541999999999995,29633,0,773,477,0.0068541999999999995,2,0
learning__adapt__curator__mathd_algebra_224__seed0,learning,curator,adapt,mathd_algebra_224,0,True,,,False,0.006912199999999999,31165,0,566,248,0.006912199999999999,2,0
learning__adapt__reducer__batch05__seed0,learning,reducer,adapt,batch05,0,True,,,False,0.00988618,54212,16019,1606,856,0.012769599999999999,5,0
learning__adapt__reflector__mathd_algebra_37__seed0,learning,reflector,adapt,mathd_algebra_37,0,True,,,False,0.0031382,26152,12990,205,82,0.005476399999999999,2,0
learning__adapt__reflector__amc12a_2017_p7__seed0,learning,reflector,adapt,amc12a_2017_p7,0,True,,,False,0.00704724,44286,13762,556,273,0.009524399999999999,3,0
learning__adapt__reflector__imo_1977_p6__seed0,learning,reflector,adapt,imo_1977_p6,0,True,,,False,0.007367039999999999,59115,28482,559,349,0.0124938,4,0
learning__adapt__reflector__mathd_algebra_224__seed0,learning,reflector,adapt,mathd_algebra_224,0,True,,,False,0.00877436,48715,14868,1423,1026,0.0114506,3,0
learning__adapt__curator__amc12_2000_p6__seed0,learning,curator,adapt,amc12_2000_p6,0,True,,,False,0.0071388400000000005,44546,14342,676,360,0.0097204,3,0
learning__adapt__curator__aime_1988_p3__seed0,learning,curator,adapt,aime_1988_p3,0,True,,,False,0.00733714,46151,14637,618,302,0.0099718,3,0
learning__adapt__curator__amc12a_2002_p13__seed0,learning,curator,adapt,amc12a_2002_p13,0,True,,,False,0.0069078,31131,0,568,337,0.0069078,2,0
learning__adapt__curator__amc12_2000_p1__seed0,learning,curator,adapt,amc12_2000_p1,0,True,,,False,0.00819792,50187,17106,1033,474,0.011276999999999999,3,0
learning__adapt__reducer__batch06__seed0,learning,reducer,adapt,batch06,0,True,,,False,0.010561719999999998,51458,9866,1705,819,0.012337599999999999,4,0
learning__adapt__reflector__amc12_2000_p6__seed0,learning,reflector,adapt,amc12_2000_p6,0,True,,,False,0.00695756,44029,13708,516,250,0.009425,3,0
learning__adapt__reflector__aime_1988_p3__seed0,learning,reflector,adapt,aime_1988_p3,0,True,,,False,0.00870614,53401,15047,612,273,0.0114146,3,0
learning__adapt__reflector__amc12a_2002_p13__seed0,learning,reflector,adapt,amc12a_2002_p13,0,True,,,False,0.00797622,62853,29871,652,377,0.013353,4,0
learning__adapt__reflector__amc12_2000_p1__seed0,learning,reflector,adapt,amc12_2000_p1,0,True,,,False,0.00746486,35605,7023,1340,755,0.008728999999999999,4,0
learning__adapt__curator__aime_1988_p8__seed0,learning,curator,adapt,aime_1988_p8,0,True,,,False,0.0063548,29746,0,338,107,0.0063548,2,0
learning__adapt__curator__mathd_algebra_323__seed0,learning,curator,adapt,mathd_algebra_323,0,True,,,False,0.0065233999999999995,30571,0,341,110,0.0065233999999999995,2,0
learning__adapt__curator__amc12a_2013_p7__seed0,learning,curator,adapt,amc12a_2013_p7,0,True,,,False,0.0063602,29455,0,391,116,0.0063602,2,0
learning__adapt__reducer__batch07__seed0,learning,reducer,adapt,batch07,0,True,,,False,0.00873644,41305,6012,1298,723,0.0098186,4,0
learning__adapt__reflector__aime_1988_p8__seed0,learning,reflector,adapt,aime_1988_p8,0,True,,,False,0.007689860000000001,61168,28943,555,307,0.0128996,4,0
learning__adapt__reflector__mathd_algebra_323__seed0,learning,reflector,adapt,mathd_algebra_323,0,True,,,False,0.00743714,44551,13737,833,563,0.0099098,3,0
learning__adapt__reflector__mathd_numbertheory_42__seed0,learning,reflector,adapt,mathd_numbertheory_42,0,True,,,False,0.0027912,13212,0,124,68,0.0027912,1,0
learning__adapt__reflector__amc12a_2013_p7__seed0,learning,reflector,adapt,amc12a_2013_p7,0,True,,,False,0.006580839999999999,41132,13242,615,336,0.008964399999999999,3,0
learning__adapt__curator__mathd_numbertheory_35__seed0,learning,curator,adapt,mathd_numbertheory_35,0,True,,,False,0.0062223999999999995,29222,0,315,123,0.0062223999999999995,2,0
learning__adapt__curator__imo_1983_p6__seed0,learning,curator,adapt,imo_1983_p6,0,True,,,False,0.0067843999999999995,31558,0,394,128,0.0067843999999999995,2,0
learning__adapt__curator__mathd_algebra_206__seed0,learning,curator,adapt,mathd_algebra_206,0,True,,,False,0.0069730799999999996,44826,15114,607,213,0.0096936,3,0
learning__adapt__reducer__batch08__seed0,learning,reducer,adapt,batch08,0,True,,,False,0.00879392,41674,5816,1255,638,0.0098408,4,0
learning__adapt__reflector__mathd_numbertheory_221__seed0,learning,reflector,adapt,mathd_numbertheory_221,0,True,,,False,0.002755,13043,0,122,65,0.002755,1,0
learning__adapt__reflector__mathd_numbertheory_35__seed0,learning,reflector,adapt,mathd_numbertheory_35,0,True,,,False,0.0059846199999999995,39989,13031,277,99,0.0083302,3,0
learning__adapt__reflector__imo_1983_p6__seed0,learning,reflector,adapt,imo_1983_p6,0,True,,,False,0.00869692,64349,30116,1040,709,0.0141178,4,0
learning__adapt__reflector__mathd_algebra_206__seed0,learning,reflector,adapt,mathd_algebra_206,0,True,,,False,0.00644958,41250,13309,496,212,0.0088452,3,0
learning__adapt__curator__amc12b_2002_p11__seed0,learning,curator,adapt,amc12b_2002_p11,0,True,,,False,0.01007196,59913,15008,659,290,0.012773399999999999,4,0
learning__adapt__curator__aime_1990_p4__seed0,learning,curator,adapt,aime_1990_p4,0,True,,,False,0.014751400000000001,65609,0,1358,239,0.0147514,4,0
learning__adapt__curator__mathd_algebra_28__seed0,learning,curator,adapt,mathd_algebra_28,0,True,,,False,0.0065601999999999995,29921,0,480,249,0.0065601999999999995,2,0
learning__adapt__curator__mathd_algebra_247__seed0,learning,curator,adapt,mathd_algebra_247,0,True,,,False,0.0093282,44445,0,366,76,0.0093282,3,0
learning__adapt__reducer__batch09__seed0,learning,reducer,adapt,batch09,0,True,,,False,0.0130225,60479,7025,1826,923,0.014287,5,0
learning__adapt__reflector__amc12b_2002_p11__seed0,learning,reflector,adapt,amc12b_2002_p11,0,True,,,False,0.00800302,46523,14491,1089,860,0.0106114,3,0
learning__adapt__reflector__aime_1990_p4__seed0,learning,reflector,adapt,aime_1990_p4,0,True,,,False,0.00800052,46767,14596,1062,550,0.0106278,3,0
learning__adapt__reflector__mathd_algebra_28__seed0,learning,reflector,adapt,mathd_algebra_28,0,True,,,False,0.0069806799999999995,43352,13594,631,378,0.0094276,3,0
learning__adapt__reflector__mathd_algebra_247__seed0,learning,reflector,adapt,mathd_algebra_247,0,True,,,False,0.00613328,40411,13134,346,105,0.008497399999999999,3,0
validation__ace_selected__proof__amc12a_2019_p21__seed1,validation,proof,ace_selected,amc12a_2019_p21,1,False,False,False,False,0.026021700000000002,735717,714105,6181,3166,0.1545606,37,0
validation__agentic__proof__mathd_algebra_190__seed1,validation,proof,agentic,mathd_algebra_190,1,True,True,True,False,0.0005660999999999999,7686,6355,144,103,0.0017099999999999997,2,0
validation__ace_selected__proof__amc12a_2020_p21__seed1,validation,proof,ace_selected,amc12a_2020_p21,1,False,False,False,False,0.03143366,298168,243493,13024,10512,0.0752624,20,0
validation__ace_selected__proof__mathd_numbertheory_64__seed0,validation,proof,ace_selected,mathd_numbertheory_64,0,True,True,True,False,0.03021337999999999,229177,156209,10413,7618,0.058330999999999994,20,0
validation__ace_selected__proof__amc12a_2016_p3__seed0,validation,proof,ace_selected,amc12a_2016_p3,0,True,True,True,False,0.00880078,59447,38179,3153,2021,0.015673,6,0
validation__ace_selected__proof__imo_1984_p6__seed0,validation,proof,ace_selected,imo_1984_p6,0,False,False,False,False,0.03291242,239269,160061,11558,8476,0.0617234,21,0
validation__ace_selected__proof__aime_1991_p9__seed0,validation,proof,ace_selected,aime_1991_p9,0,False,False,False,False,0.04231471999999999,509011,410186,11955,7105,0.1161482,39,0
validation__ace_selected__proof__mathd_algebra_421__seed0,validation,proof,ace_selected,mathd_algebra_421,0,True,True,True,False,0.00213172,13382,9746,1008,698,0.0038859999999999997,2,0
validation__ace_selected__proof__amc12_2001_p21__seed1,validation,proof,ace_selected,amc12_2001_p21,1,False,False,False,False,0.014574,139227,114850,6168,4668,0.035247,16,0
validation__ace_selected__proof__imo_1964_p2__seed1,validation,proof,ace_selected,imo_1964_p2,1,False,False,False,False,0.039404640000000005,229416,118452,12369,6969,0.060725999999999995,17,0
validation__agentic__proof__amc12b_2003_p6__seed1,validation,proof,agentic,amc12b_2003_p6,1,True,True,True,False,0.010128660000000001,44382,18643,3840,2080,0.013484399999999999,7,0
validation__ace_selected__proof__mathd_numbertheory_33__seed0,validation,proof,ace_selected,mathd_numbertheory_33,0,True,True,True,False,0.00101642,12445,10901,408,290,0.0029786,2,0
validation__ace_selected__proof__mathd_algebra_234__seed0,validation,proof,ace_selected,mathd_algebra_234,0,True,True,True,False,0.00053086,6062,4873,163,119,0.001408,1,0
validation__ace_selected__proof__amc12a_2019_p21__seed0,validation,proof,ace_selected,amc12a_2019_p21,0,False,False,False,False,0.024673100000000003,636397,614375,6651,3383,0.1352606,39,0
validation__ace_selected__proof__imo_1969_p2__seed0,validation,proof,ace_selected,imo_1969_p2,0,False,False,False,False,0.03698173999999999,381349,295847,11637,8932,0.0902342,24,0
validation__agentic__proof__mathd_algebra_327__seed1,validation,proof,agentic,mathd_algebra_327,1,True,True,True,False,0.0018067399999999998,22306,17507,414,261,0.004958,4,0
validation__ace_selected__proof__amc12b_2020_p5__seed0,validation,proof,ace_selected,amc12b_2020_p5,0,True,True,True,False,0.00054806,6310,4873,136,100,0.0014252,1,0
validation__ace_selected__proof__imo_1981_p6__seed0,validation,proof,ace_selected,imo_1981_p6,0,True,True,True,False,0.00511054,31628,20977,2134,1306,0.0088864,4,0
validation__agentic__proof__amc12a_2016_p3__seed1,validation,proof,agentic,amc12a_2016_p3,1,True,True,True,False,0.010716839999999998,77844,45562,2791,1800,0.018917999999999997,8,0
validation__agentic__proof__aime_1989_p8__seed0,validation,proof,agentic,aime_1989_p8,0,True,True,True,False,0.00050354,4378,2607,81,51,0.0009727999999999999,1,0
validation__agentic__proof__mathd_algebra_214__seed1,validation,proof,agentic,mathd_algebra_214,1,True,True,True,False,0.00054974,3877,2607,203,154,0.001019,1,0
validation__agentic__proof__induction_prod1p1onk3le3m1onn__seed0,validation,proof,agentic,induction_prod1p1onk3le3m1onn,0,False,False,False,False,0.04076734,216809,96307,12284,7070,0.0581026,17,0
validation__ace_selected__proof__amc12b_2003_p6__seed1,validation,proof,ace_selected,amc12b_2003_p6,1,True,True,True,False,0.02892906,173217,112993,12187,7160,0.0492678,15,0
validation__ace_selected__proof__mathd_numbertheory_64__seed1,validation,proof,ace_selected,mathd_numbertheory_64,1,False,False,False,False,0.05339998,117662,96789,39408,6118,0.070822,13,0
validation__ace_selected__proof__mathd_algebra_433__seed1,validation,proof,ace_selected,mathd_algebra_433,1,True,True,True,False,0.0026826,27999,21960,863,527,0.0066354,4,0
validation__ace_selected__proof__aime_1991_p6__seed1,validation,proof,ace_selected,aime_1991_p6,1,False,False,False,False,0.04167208,357584,276684,16632,11534,0.09147519999999999,18,0
validation__agentic__proof__mathd_algebra_214__seed0,validation,proof,agentic,mathd_algebra_214,0,True,True,True,False,0.00107622,8142,6481,512,397,0.0022427999999999997,2,0
validation__ace_selected__proof__mathd_algebra_190__seed0,validation,proof,ace_selected,mathd_algebra_190,0,True,True,True,False,0.00074866,6047,4873,347,330,0.0016258,1,0
validation__ace_selected__proof__aime_1989_p8__seed1,validation,proof,ace_selected,aime_1989_p8,1,True,True,True,False,0.00057046,6674,4873,94,61,0.0014475999999999998,1,0
validation__agentic__proof__mathd_numbertheory_530__seed0,validation,proof,agentic,mathd_numbertheory_530,0,False,False,False,False,0.038628779999999995,320589,209799,10229,4287,0.07639259999999999,23,0
validation__ace_selected__proof__aime_1989_p8__seed0,validation,proof,ace_selected,aime_1989_p8,0,True,True,True,False,0.00027202,6674,6671,115,59,0.0014727999999999998,1,0
validation__agentic__proof__amc12b_2003_p6__seed0,validation,proof,agentic,amc12b_2003_p6,0,True,True,True,False,0.01760926,123743,85283,6843,3915,0.032960199999999995,14,0
validation__agentic__proof__mathd_algebra_282__seed0,validation,proof,agentic,mathd_algebra_282,0,False,False,False,False,0.0378989,458293,361925,9489,7177,0.1030454,31,0
validation__ace_selected__proof__aime_1984_p7__seed1,validation,proof,ace_selected,aime_1984_p7,1,False,False,False,False,0.041301159999999996,261116,190918,19536,14938,0.0756664,23,0
validation__agentic__proof__amc12_2000_p12__seed1,validation,proof,agentic,amc12_2000_p12,1,True,True,True,False,0.012091379999999999,51744,28879,5784,5263,0.0172896,9,0
validation__agentic__proof__imo_1960_p2__seed0,validation,proof,agentic,imo_1960_p2,0,True,True,True,False,0.005892199999999999,36817,23360,2278,1384,0.010097,6,0
validation__agentic__proof__induction_prod1p1onk3le3m1onn__seed1,validation,proof,agentic,induction_prod1p1onk3le3m1onn,1,True,True,True,False,0.029081419999999997,203839,123851,8839,4184,0.0513746,19,0
validation__ace_selected__proof__amc12b_2002_p3__seed1,validation,proof,ace_selected,amc12b_2002_p3,1,True,True,True,False,0.01013066,87823,65833,3680,1813,0.0219806,9,0
validation__ace_selected__proof__mathd_numbertheory_37__seed1,validation,proof,ace_selected,mathd_numbertheory_37,1,False,False,False,False,0.04980636,111948,86258,35786,2723,0.0653328,12,0
validation__agentic__proof__imo_1969_p2__seed1,validation,proof,agentic,imo_1969_p2,1,False,False,False,False,0.04055726,281272,180973,14065,11009,0.0731324,24,0
validation__agentic__proof__mathd_numbertheory_64__seed0,validation,proof,agentic,mathd_numbertheory_64,0,True,True,True,False,0.029142559999999998,272398,220128,11905,9476,0.0687656,28,0
validation__ace_selected__proof__algebra_others_exirrpowirrrat__seed1,validation,proof,ace_selected,algebra_others_exirrpowirrrat,1,False,False,False,False,0.03561307999999999,435736,364774,11771,6533,0.1012724,27,0
validation__ace_selected__proof__imo_1969_p2__seed1,validation,proof,ace_selected,imo_1969_p2,1,False,False,False,False,0.03944704,393764,288772,10561,8230,0.091426,23,0
validation__ace_selected__proof__amc12a_2013_p8__seed1,validation,proof,ace_selected,amc12a_2013_p8,1,True,True,True,False,0.01252412,80140,61206,6261,4927,0.023541199999999998,10,0
validation__agentic__proof__mathd_numbertheory_530__seed1,validation,proof,agentic,mathd_numbertheory_530,1,False,False,False,False,0.03715221999999999,486653,396831,9376,4853,0.10858179999999999,34,0
validation__ace_selected__proof__amc12a_2002_p6__seed0,validation,proof,ace_selected,amc12a_2002_p6,0,True,True,True,False,0.00194772,14676,9746,639,567,0.003702,2,0
validation__ace_selected__proof__amc12a_2013_p8__seed0,validation,proof,ace_selected,amc12a_2013_p8,0,True,True,True,False,0.007368120000000001,44121,35076,4048,2627,0.0136818,6,0
validation__ace_selected__proof__mathd_numbertheory_43__seed0,validation,proof,ace_selected,mathd_numbertheory_43,0,False,False,False,False,0.02709052,215036,155146,10008,6273,0.0550168,18,0
validation__ace_selected__proof__aime_1991_p9__seed1,validation,proof,ace_selected,aime_1991_p9,1,False,False,False,False,0.04069555999999999,270442,141678,10091,5681,0.0661976,21,0
validation__agentic__proof__amc12a_2013_p8__seed1,validation,proof,agentic,amc12a_2013_p8,1,True,True,True,False,0.01255938,74061,49709,5579,4306,0.021507,12,0
validation__ace_selected__proof__amc12a_2008_p4__seed0,validation,proof,ace_selected,amc12a_2008_p4,0,True,True,True,False,0.01735072,110213,60246,5127,3300,0.028195,11,0
validation__ace_selected__proof__mathd_numbertheory_43__seed1,validation,proof,ace_selected,mathd_numbertheory_43,1,False,False,False,False,0.01892296,223397,193538,7567,4810,0.053759799999999996,19,0
validation__ace_selected__proof__amc12_2000_p12__seed1,validation,proof,ace_selected,amc12_2000_p12,1,False,False,False,False,0.023638040000000003,107035,66872,11890,10774,0.035675,13,0
validation__agentic__proof__amc12a_2019_p21__seed1,validation,proof,agentic,amc12a_2019_p21,1,False,False,False,False,0.04162282,627437,528781,9430,5937,0.1368034,37,0
validation__agentic__proof__mathd_numbertheory_33__seed1,validation,proof,agentic,mathd_numbertheory_33,1,True,True,True,False,0.005974299999999999,53102,43365,2633,1939,0.013779999999999999,8,0
validation__agentic__proof__mathd_algebra_421__seed0,validation,proof,agentic,mathd_algebra_421,0,True,True,True,False,0.00320962,23540,14651,949,410,0.005846799999999999,4,0
validation__agentic__proof__algebra_others_exirrpowirrrat__seed1,validation,proof,agentic,algebra_others_exirrpowirrrat,1,False,False,False,False,0.0400485,314340,201275,11175,4797,0.076278,27,0
validation__ace_selected__proof__mathd_algebra_393__seed1,validation,proof,ace_selected,mathd_algebra_393,1,True,True,True,False,0.00579724,29351,19492,2863,1832,0.0093058,4,0
validation__agentic__proof__mathd_algebra_433__seed1,validation,proof,agentic,mathd_algebra_433,1,True,True,True,False,0.00233636,29995,24428,612,405,0.0067334,5,0
validation__agentic__proof__mathd_algebra_190__seed0,validation,proof,agentic,mathd_algebra_190,0,True,True,True,False,0.00018476,3751,3748,91,77,0.0008594,1,0
validation__agentic__proof__amc12a_2020_p21__seed0,validation,proof,agentic,amc12a_2020_p21,0,False,False,False,False,0.03965978,225178,133619,15563,9408,0.0637112,20,0
validation__ace_selected__proof__mathd_numbertheory_303__seed1,validation,proof,ace_selected,mathd_numbertheory_303,1,False,False,False,False,0.03575488000000001,318809,268274,16902,10100,0.0840442,23,0
validation__ace_selected__proof__mathd_algebra_282__seed0,validation,proof,ace_selected,mathd_algebra_282,0,False,False,False,False,0.02890748000000001,762361,723144,5501,3028,0.1590734,34,0
validation__agentic__proof__mathd_numbertheory_37__seed1,validation,proof,agentic,mathd_numbertheory_37,1,False,False,False,False,0.01839948,162687,110524,4797,2934,0.038293799999999996,19,0
validation__ace_selected__proof__mathd_algebra_251__seed0,validation,proof,ace_selected,mathd_algebra_251,0,True,True,True,False,0.0038813199999999993,33101,25556,1551,1290,0.0084814,5,0
validation__ace_selected__proof__mathd_numbertheory_33__seed1,validation,proof,ace_selected,mathd_numbertheory_33,1,True,True,True,False,0.00041035999999999997,6031,6028,241,148,0.0014954,1,0
validation__agentic__proof__amc12a_2008_p4__seed1,validation,proof,agentic,amc12a_2008_p4,1,True,True,True,False,0.021927139999999998,120748,64347,7800,5861,0.0335096,16,0
validation__ace_selected__proof__amc12a_2008_p4__seed1,validation,proof,ace_selected,amc12a_2008_p4,1,True,True,True,False,0.01854948,130920,89854,7116,4503,0.034723199999999996,13,0
validation__ace_selected__proof__induction_prod1p1onk3le3m1onn__seed0,validation,proof,ace_selected,induction_prod1p1onk3le3m1onn,0,False,False,False,False,0.042683839999999994,274186,140872,11003,5474,0.0680408,18,0
validation__agentic__proof__amc12a_2013_p8__seed0,validation,proof,agentic,amc12a_2013_p8,0,True,True,True,False,0.01876424,104410,56392,6694,3685,0.028914799999999997,15,0
validation__ace_selected__proof__mathd_numbertheory_284__seed1,validation,proof,ace_selected,mathd_numbertheory_284,1,True,True,True,False,0.0005682599999999999,6081,4873,191,144,0.0014454,1,0
validation__agentic__proof__mathd_algebra_251__seed0,validation,proof,agentic,mathd_algebra_251,0,True,True,True,False,0.005523139999999999,35845,21317,1826,1322,0.009360199999999999,7,0
validation__ace_selected__proof__imo_1960_p2__seed0,validation,proof,ace_selected,imo_1960_p2,0,True,True,True,False,0.00645172,51830,42326,3087,1928,0.0140704,6,0
validation__ace_selected__proof__mathd_algebra_393__seed0,validation,proof,ace_selected,mathd_algebra_393,0,True,True,True,False,0.0091268,89002,78020,4475,3122,0.0231704,11,0
validation__ace_selected__proof__imo_1960_p2__seed1,validation,proof,ace_selected,imo_1960_p2,1,True,True,True,False,0.0051381,38304,31415,2610,1830,0.010792799999999998,5,0
validation__ace_selected__proof__aime_1984_p7__seed0,validation,proof,ace_selected,aime_1984_p7,0,False,False,False,False,0.038299679999999996,199062,106304,14685,6368,0.0574344,15,0
validation__ace_selected__proof__amc12b_2020_p5__seed1,validation,proof,ace_selected,amc12b_2020_p5,1,True,True,True,False,0.00034994,6310,6307,186,123,0.0014851999999999999,1,0
validation__ace_selected__proof__mathd_numbertheory_530__seed0,validation,proof,ace_selected,mathd_numbertheory_530,0,False,False,False,False,0.041022079999999995,308719,195134,12002,5690,0.0761462,21,0
validation__agentic__proof__mathd_numbertheory_43__seed1,validation,proof,agentic,mathd_numbertheory_43,1,False,False,False,False,0.02138976,153252,98688,7086,4404,0.0391536,15,0
validation__agentic__proof__mathd_algebra_393__seed1,validation,proof,agentic,mathd_algebra_393,1,True,True,True,False,0.012658780000000001,96953,69859,4869,2693,0.0252334,14,0
validation__ace_selected__proof__mathd_algebra_214__seed1,validation,proof,ace_selected,mathd_algebra_214,1,True,True,True,False,0.00073546,6173,4873,315,243,0.0016126,1,0
validation__ace_selected__proof__amc12_2000_p12__seed0,validation,proof,ace_selected,amc12_2000_p12,0,True,True,True,False,0.011008519999999997,44884,32026,6497,5695,0.0167732,6,0
validation__agentic__proof__mathd_numbertheory_461__seed1,validation,proof,agentic,mathd_numbertheory_461,1,True,True,True,False,0.0005215399999999999,3802,2607,192,167,0.0009908,1,0
validation__ace_selected__proof__amc12a_2020_p21__seed0,validation,proof,ace_selected,amc12a_2020_p21,0,False,False,False,False,0.03401219999999999,251652,191130,15071,11197,0.0684156,18,0
validation__ace_selected__proof__imo_1981_p6__seed1,validation,proof,ace_selected,imo_1981_p6,1,True,True,True,False,0.00736252,45719,34076,3627,2456,0.0134962,5,0
validation__agentic__proof__amc12a_2019_p21__seed0,validation,proof,agentic,amc12a_2019_p21,0,False,False,False,False,0.03540454,299540,173477,5602,3840,0.06663039999999999,20,0
validation__agentic__proof__algebra_others_exirrpowirrrat__seed0,validation,proof,agentic,algebra_others_exirrpowirrrat,0,False,False,False,False,0.03952546,412793,327973,13335,9196,0.0985606,30,0
validation__ace_selected__proof__imo_1984_p6__seed1,validation,proof,ace_selected,imo_1984_p6,1,False,False,False,False,0.039991219999999994,289489,178881,11910,9110,0.0721898,20,0
validation__agentic__proof__amc12a_2002_p6__seed1,validation,proof,agentic,amc12a_2002_p6,1,True,True,True,False,0.00040074,3810,2607,90,61,0.00087,1,0
validation__ace_selected__proof__mathd_numbertheory_303__seed0,validation,proof,ace_selected,mathd_numbertheory_303,0,False,False,False,False,0.03834329999999999,302892,233675,16522,9922,0.0804048,21,0
validation__agentic__proof__mathd_algebra_234__seed0,validation,proof,agentic,mathd_algebra_234,0,True,True,True,False,0.00039314,3766,2607,91,72,0.0008623999999999999,1,0
validation__agentic__proof__amc12a_2016_p3__seed0,validation,proof,agentic,amc12a_2016_p3,0,True,True,True,False,0.01107796,56189,25108,3633,1893,0.015597399999999999,7,0
validation__ace_selected__proof__mathd_numbertheory_405__seed0,validation,proof,ace_selected,mathd_numbertheory_405,0,True,True,True,False,0.02138758,97619,51979,9350,3449,0.030743799999999998,8,0
validation__agentic__proof__amc12a_2002_p6__seed0,validation,proof,agentic,amc12a_2002_p6,0,True,True,True,False,0.00138968,10093,6414,438,360,0.0025442,2,0
validation__agentic__proof__mathd_numbertheory_284__seed0,validation,proof,agentic,mathd_numbertheory_284,0,True,True,True,False,0.00047974,3785,2607,160,133,0.000949,1,0
validation__ace_selected__proof__mathd_numbertheory_37__seed0,validation,proof,ace_selected,mathd_numbertheory_37,0,False,False,False,False,0.03253640000000001,406222,330360,8964,6000,0.09200119999999999,32,0
validation__ace_selected__proof__mathd_algebra_327__seed0,validation,proof,ace_selected,mathd_algebra_327,0,True,True,True,False,0.0016399,15413,10935,438,295,0.0036081999999999998,2,0
validation__ace_selected__proof__mathd_algebra_190__seed1,validation,proof,ace_selected,mathd_algebra_190,1,True,True,True,False,0.00028587999999999997,6047,6044,137,120,0.0013738,1,0
validation__ace_selected__proof__mathd_algebra_251__seed1,validation,proof,ace_selected,mathd_algebra_251,1,True,True,True,False,0.0021696199999999997,19375,17321,1177,1017,0.005287399999999999,3,0
validation__agentic__proof__amc12a_2008_p4__seed0,validation,proof,agentic,amc12a_2008_p4,0,False,False,False,False,0.026343079999999994,647680,621314,7203,4057,0.13817959999999999,50,0
validation__ace_selected__proof__mathd_numbertheory_461__seed0,validation,proof,ace_selected,mathd_numbertheory_461,0,True,True,True,False,0.00057526,6098,4873,194,110,0.0014524,1,0
validation__ace_selected__proof__mathd_algebra_234__seed1,validation,proof,ace_selected,mathd_algebra_234,1,True,True,True,False,0.00051298,6062,6059,326,304,0.0016036,1,0
validation__agentic__proof__amc12b_2002_p3__seed0,validation,proof,agentic,amc12b_2002_p3,0,True,True,True,False,0.010497339999999997,78293,58347,4451,2847,0.0209998,10,0
validation__agentic__proof__mathd_numbertheory_405__seed1,validation,proof,agentic,mathd_numbertheory_405,1,False,False,False,False,0.037801699999999994,178015,81385,14040,4612,0.052451,14,0
validation__agentic__proof__amc12_2001_p21__seed0,validation,proof,agentic,amc12_2001_p21,0,False,False,False,False,0.02167964,139141,95172,9152,7759,0.0388106,17,0
validation__agentic__proof__imo_1964_p2__seed0,validation,proof,agentic,imo_1964_p2,0,True,True,True,False,0.03587582,216679,126391,12742,6033,0.058626199999999996,20,0
validation__agentic__proof__mathd_numbertheory_405__seed0,validation,proof,agentic,mathd_numbertheory_405,0,False,False,False,False,0.03629434,145988,61127,15083,6597,0.0472972,12,0
validation__agentic__proof__aime_1989_p8__seed1,validation,proof,agentic,aime_1989_p8,1,True,True,True,False,0.0001721,4378,4375,70,40,0.0009595999999999999,1,0
validation__agentic__proof__imo_1964_p2__seed1,validation,proof,agentic,imo_1964_p2,1,True,True,True,False,0.0127447,74153,40395,4321,2611,0.020015799999999997,7,0
validation__agentic__proof__aime_1991_p9__seed1,validation,proof,agentic,aime_1991_p9,1,False,False,False,False,0.040432180000000005,296303,193409,13321,8892,0.0752458,29,0
validation__ace_selected__proof__imo_1964_p2__seed0,validation,proof,ace_selected,imo_1964_p2,0,False,False,False,False,0.03697536,205914,101188,11672,5257,0.0551892,15,0
validation__agentic__proof__aime_1991_p6__seed0,validation,proof,agentic,aime_1991_p6,0,False,False,False,False,0.04548893999999999,204123,124187,22515,13410,0.0678426,16,0
validation__agentic__proof__mathd_numbertheory_284__seed1,validation,proof,agentic,mathd_numbertheory_284,1,True,True,True,False,0.00047168000000000004,7846,7564,220,163,0.0018332,2,0
validation__agentic__proof__mathd_numbertheory_43__seed0,validation,proof,agentic,mathd_numbertheory_43,0,False,False,False,False,0.01584698,159955,133809,6618,4439,0.0399326,17,0
validation__agentic__proof__amc12_2001_p21__seed1,validation,proof,agentic,amc12_2001_p21,1,True,True,True,False,0.012883839999999999,53849,32522,6640,5796,0.0187378,9,0
validation__ace_selected__proof__amc12_2001_p21__seed0,validation,proof,ace_selected,amc12_2001_p21,0,False,False,False,False,0.025885279999999993,239107,192254,10558,8136,0.060490999999999996,21,0
validation__agentic__proof__imo_1981_p6__seed1,validation,proof,agentic,imo_1981_p6,1,True,True,True,False,0.0051595600000000005,26507,19768,2847,1905,0.0087178,5,0
validation__agentic__proof__mathd_numbertheory_37__seed0,validation,proof,agentic,mathd_numbertheory_37,0,False,False,False,False,0.01584984,142659,105342,5233,3673,0.0348114,18,0
validation__agentic__proof__imo_1984_p6__seed0,validation,proof,agentic,imo_1984_p6,0,False,False,False,False,0.013335,77559,40800,4306,3199,0.020679,10,0
validation__agentic__proof__amc12b_2002_p3__seed1,validation,proof,agentic,amc12b_2002_p3,1,True,True,True,False,0.0040075,29144,18665,1282,810,0.007367199999999999,5,0
validation__agentic__proof__amc12b_2020_p5__seed0,validation,proof,agentic,amc12b_2020_p5,0,True,True,True,False,0.00060616,8225,6618,127,71,0.0017974,2,0
validation__agentic__proof__mathd_numbertheory_303__seed0,validation,proof,agentic,mathd_numbertheory_303,0,False,False,False,False,0.04210684,321449,233112,16481,11533,0.084067,27,0
validation__agentic__proof__mathd_algebra_234__seed1,validation,proof,agentic,mathd_algebra_234,1,True,True,True,False,0.00019226,3766,3763,97,70,0.0008696,1,0
validation__ace_selected__proof__mathd_numbertheory_461__seed1,validation,proof,ace_selected,mathd_numbertheory_461,1,True,True,True,False,0.0004297,6098,6095,256,183,0.0015268,1,0
validation__agentic__proof__amc12a_2020_p21__seed1,validation,proof,agentic,amc12a_2020_p21,1,False,False,False,False,0.03151192,187127,115666,12422,8587,0.0523318,16,0
validation__ace_selected__proof__amc12b_2003_p6__seed0,validation,proof,ace_selected,amc12b_2003_p6,0,True,True,True,False,0.018520540000000002,134771,89867,6452,3801,0.0346966,13,0
validation__agentic__proof__mathd_algebra_421__seed1,validation,proof,agentic,mathd_algebra_421,1,True,True,True,False,0.0015553199999999998,18264,17146,824,587,0.0046416,4,0
validation__ace_selected__proof__amc12b_2002_p3__seed0,validation,proof,ace_selected,amc12b_2002_p3,0,True,True,True,False,0.009521439999999999,140399,125962,3429,1783,0.0321946,14,0
validation__agentic__proof__mathd_algebra_251__seed1,validation,proof,agentic,mathd_algebra_251,1,True,True,True,False,0.00273728,22099,18774,1414,1066,0.0061166,5,0
validation__agentic__proof__mathd_algebra_393__seed0,validation,proof,agentic,mathd_algebra_393,0,True,True,True,False,0.00576166,27596,20953,3345,2137,0.0095332,5,0
validation__agentic__proof__mathd_numbertheory_303__seed1,validation,proof,agentic,mathd_numbertheory_303,1,False,False,False,False,0.038961060000000006,238242,138343,13512,7423,0.0638628,21,0
validation__ace_selected__proof__algebra_others_exirrpowirrrat__seed0,validation,proof,ace_selected,algebra_others_exirrpowirrrat,0,False,False,False,False,0.03664692,369048,283746,11593,7222,0.0877212,27,0
validation__agentic__proof__imo_1984_p6__seed1,validation,proof,agentic,imo_1984_p6,1,False,False,False,False,0.04144908,336618,233474,13459,9504,0.08347439999999999,24,0
validation__ace_selected__proof__mathd_algebra_327__seed1,validation,proof,ace_selected,mathd_algebra_327,1,True,True,True,False,0.00149638,21701,18359,384,239,0.004801,3,0
validation__agentic__proof__aime_1984_p7__seed0,validation,proof,agentic,aime_1984_p7,0,True,True,True,False,0.030002819999999996,68262,25871,17506,13805,0.0346596,9,0
validation__ace_selected__proof__mathd_algebra_214__seed0,validation,proof,ace_selected,mathd_algebra_214,0,True,True,True,False,0.00043959999999999995,6173,6170,263,194,0.0015501999999999998,1,0
validation__agentic__proof__aime_1991_p9__seed0,validation,proof,agentic,aime_1991_p9,0,True,True,True,False,0.02913366,179028,97473,9061,5180,0.0466788,18,0
validation__agentic__proof__mathd_numbertheory_461__seed0,validation,proof,agentic,mathd_numbertheory_461,0,True,True,True,False,0.00029498,3802,3799,182,155,0.0009788,1,0
validation__agentic__proof__amc12b_2020_p5__seed1,validation,proof,agentic,amc12b_2020_p5,1,True,True,True,False,0.00018402000000000002,4014,4011,86,53,0.000906,1,0
validation__agentic__proof__imo_1981_p6__seed0,validation,proof,agentic,imo_1981_p6,0,True,True,True,False,0.01675158,85506,41709,5965,2826,0.024259199999999998,11,0
validation__agentic__proof__amc12_2000_p12__seed0,validation,proof,agentic,amc12_2000_p12,0,True,True,True,False,0.00955686,42102,31493,5671,5033,0.015225599999999999,8,0
validation__ace_selected__proof__mathd_numbertheory_405__seed1,validation,proof,ace_selected,mathd_numbertheory_405,1,False,False,False,False,0.04236763999999999,166165,64372,17268,4618,0.0539546,11,0
validation__agentic__proof__aime_1991_p6__seed1,validation,proof,agentic,aime_1991_p6,1,False,False,False,False,0.03621064,286166,175152,8754,5791,0.06773799999999999,18,0
validation__ace_selected__proof__amc12a_2016_p3__seed1,validation,proof,ace_selected,amc12a_2016_p3,1,True,True,True,False,0.02389408,218096,154784,6780,3298,0.0517552,15,0
validation__ace_selected__proof__induction_prod1p1onk3le3m1onn__seed1,validation,proof,ace_selected,induction_prod1p1onk3le3m1onn,1,True,True,True,False,0.03621132,235623,123676,9457,4191,0.058473,15,0
validation__agentic__proof__mathd_algebra_327__seed0,validation,proof,agentic,mathd_algebra_327,0,True,True,True,False,0.0012864999999999999,14780,11455,327,196,0.0033483999999999996,3,0
validation__agentic__proof__mathd_algebra_282__seed1,validation,proof,agentic,mathd_algebra_282,1,False,False,False,False,0.03355694,583051,518247,8526,6119,0.1268414,34,0
validation__ace_selected__proof__mathd_algebra_282__seed1,validation,proof,ace_selected,mathd_algebra_282,1,False,False,False,False,0.03089786000000001,644878,589623,6712,4975,0.13702999999999999,31,0
validation__ace_selected__proof__mathd_algebra_421__seed1,validation,proof,ace_selected,mathd_algebra_421,1,True,True,True,False,0.0023096,25063,20430,812,403,0.005986999999999999,3,0
validation__ace_selected__proof__aime_1991_p6__seed0,validation,proof,ace_selected,aime_1991_p6,0,False,False,False,False,0.03660026,189850,79143,10730,7813,0.050845999999999995,12,0
validation__ace_selected__proof__mathd_algebra_433__seed0,validation,proof,ace_selected,mathd_algebra_433,0,True,True,True,False,0.00176522,20956,16891,512,339,0.0048056,3,0
validation__ace_selected__proof__amc12a_2002_p6__seed1,validation,proof,ace_selected,amc12a_2002_p6,1,True,True,True,False,0.00034946,6106,6103,189,151,0.001448,1,0
validation__agentic__proof__imo_1969_p2__seed0,validation,proof,agentic,imo_1969_p2,0,False,False,False,False,0.03911638,256394,135649,10212,7565,0.0635332,20,0
validation__agentic__proof__aime_1984_p7__seed1,validation,proof,agentic,aime_1984_p7,1,False,False,False,False,0.04561972,24851,17836,36550,3632,0.0488302,4,0
validation__agentic__proof__mathd_algebra_433__seed0,validation,proof,agentic,mathd_algebra_433,0,True,True,True,False,0.00292694,23584,16497,983,630,0.0058963999999999996,5,0
validation__ace_selected__proof__mathd_numbertheory_284__seed0,validation,proof,ace_selected,mathd_numbertheory_284,0,True,True,True,False,0.00027696000000000003,6081,6078,129,100,0.001371,1,0
validation__agentic__proof__mathd_numbertheory_33__seed0,validation,proof,agentic,mathd_numbertheory_33,0,True,True,True,False,0.005953679999999999,56829,44794,2209,1168,0.014016599999999999,10,0
validation__agentic__proof__mathd_numbertheory_64__seed1,validation,proof,agentic,mathd_numbertheory_64,1,True,True,True,False,0.00459094,28550,23657,2616,1678,0.0088492,5,0
validation__agentic__proof__imo_1960_p2__seed1,validation,proof,agentic,imo_1960_p2,1,True,True,True,False,0.03318288,250521,161094,10063,4656,0.0621798,22,0
validation__ace_selected__proof__mathd_numbertheory_530__seed1,validation,proof,ace_selected,mathd_numbertheory_530,1,False,False,False,False,0.03890679999999999,514349,425110,10464,5117,0.11542659999999999,30,0
validation__agentic_coverage__proof__amc12a_2020_p21__seed1,validation,proof,agentic_coverage,amc12a_2020_p21,1,False,False,False,False,0.04183292000000001,1125076,1088806,10669,6348,0.23781799999999997,64,0
validation__agentic_coverage__proof__mathd_algebra_393__seed0,validation,proof,agentic_coverage,mathd_algebra_393,0,True,True,True,False,0.004736519999999999,40089,29836,1741,1058,0.010107,7,0
validation__agentic_coverage__proof__aime_1991_p6__seed1,validation,proof,agentic_coverage,aime_1991_p6,1,False,False,False,False,0.06901348,348542,169694,24875,16004,0.09955839999999999,19,0
validation__agentic_coverage__proof__imo_1984_p6__seed1,validation,proof,agentic_coverage,imo_1984_p6,1,False,False,False,False,0.00895042,71918,54411,3634,2937,0.018744399999999998,10,0
validation__agentic_coverage__proof__amc12a_2016_p3__seed1,validation,proof,agentic_coverage,amc12a_2016_p3,1,True,True,True,False,0.008050479999999999,43154,26204,3447,1988,0.0127672,7,0
validation__agentic_coverage__proof__imo_1964_p2__seed0,validation,proof,agentic_coverage,imo_1964_p2,0,True,True,True,False,0.056182819999999994,236716,76551,18849,12486,0.069962,19,0
validation__agentic_coverage__proof__amc12b_2003_p6__seed0,validation,proof,agentic_coverage,amc12b_2003_p6,0,True,True,True,False,0.015336379999999997,101656,62149,5160,2898,0.0265232,12,0
validation__agentic_coverage__proof__mathd_algebra_433__seed0,validation,proof,agentic_coverage,mathd_algebra_433,0,True,True,True,False,0.00155226,14487,10033,384,165,0.0033582,3,0
validation__agentic_coverage__proof__mathd_numbertheory_461__seed0,validation,proof,agentic_coverage,mathd_numbertheory_461,0,True,True,True,False,0.00022538,3802,3799,124,85,0.0009092,1,0
validation__agentic_coverage__proof__amc12a_2013_p8__seed1,validation,proof,agentic_coverage,amc12a_2013_p8,1,True,True,True,False,0.0069783,37464,24345,3223,2330,0.0113604,6,0
validation__agentic_coverage__proof__aime_1991_p6__seed0,validation,proof,agentic_coverage,aime_1991_p6,0,False,False,False,False,0.06320281999999999,258526,120451,27649,10493,0.084884,16,0
validation__agentic_coverage__proof__amc12_2000_p12__seed1,validation,proof,agentic_coverage,amc12_2000_p12,1,True,True,True,False,0.027623739999999997,132554,65237,10713,7666,0.039366399999999996,15,0
validation__agentic_coverage__proof__imo_1964_p2__seed1,validation,proof,agentic_coverage,imo_1964_p2,1,True,True,True,False,0.053749,358010,210610,16714,10080,0.0916588,24,0
validation__agentic_coverage__proof__imo_1984_p6__seed0,validation,proof,agentic_coverage,imo_1984_p6,0,False,False,False,False,0.01945744,116828,72992,7692,5896,0.032596,12,0
validation__agentic_coverage__proof__mathd_algebra_327__seed0,validation,proof,agentic_coverage,mathd_algebra_327,0,True,True,True,False,0.00123404,14713,11412,288,170,0.0032882,3,0
validation__agentic_coverage__proof__aime_1991_p9__seed0,validation,proof,agentic_coverage,aime_1991_p9,0,True,True,True,False,0.034583079999999995,222437,124004,10347,5390,0.0569038,22,0
validation__agentic_coverage__proof__mathd_numbertheory_37__seed1,validation,proof,agentic_coverage,mathd_numbertheory_37,1,False,False,False,False,0.024155100000000002,190728,128125,7560,5224,0.0472176,20,0
validation__agentic_coverage__proof__amc12a_2016_p3__seed0,validation,proof,agentic_coverage,amc12a_2016_p3,0,True,True,True,False,0.01183868,81049,55524,4686,3023,0.021832999999999998,10,0
validation__agentic_coverage__proof__imo_1969_p2__seed1,validation,proof,agentic_coverage,imo_1969_p2,1,False,False,False,False,0.05592972000000001,808440,673626,12912,10056,0.1771824,40,0
validation__agentic_coverage__proof__mathd_algebra_234__seed0,validation,proof,agentic_coverage,mathd_algebra_234,0,True,True,True,False,0.00041066000000000003,3766,3763,279,239,0.001088,1,0
validation__agentic_coverage__proof__algebra_others_exirrpowirrrat__seed0,validation,proof,agentic_coverage,algebra_others_exirrpowirrrat,0,False,False,False,False,0.06410889999999998,620555,452105,17814,9052,0.1454878,42,0
validation__agentic_coverage__proof__mathd_numbertheory_37__seed0,validation,proof,agentic_coverage,mathd_numbertheory_37,0,False,False,False,False,0.031230659999999997,265929,176453,8172,5951,0.0629922,24,0
validation__agentic_coverage__proof__imo_1981_p6__seed0,validation,proof,agentic_coverage,imo_1981_p6,0,True,True,True,False,0.0035998199999999997,14613,10731,2174,1406,0.0055314000000000006,3,0
validation__agentic_coverage__proof__mathd_algebra_251__seed1,validation,proof,agentic_coverage,mathd_algebra_251,1,True,True,True,False,0.0036853399999999996,21757,17327,2044,1612,0.0068042,5,0
validation__agentic_coverage__proof__mathd_algebra_190__seed1,validation,proof,agentic_coverage,mathd_algebra_190,1,True,True,True,False,0.00017156000000000002,3751,3748,80,66,0.0008461999999999999,1,0
validation__agentic_coverage__proof__mathd_algebra_393__seed1,validation,proof,agentic_coverage,mathd_algebra_393,1,True,True,True,False,0.005941640000000001,38647,30012,3012,2017,0.0113438,7,0
validation__agentic_coverage__proof__aime_1989_p8__seed1,validation,proof,agentic_coverage,aime_1989_p8,1,True,True,True,False,0.0001781,4378,4375,75,45,0.0009655999999999999,1,0
validation__agentic_coverage__proof__mathd_numbertheory_284__seed0,validation,proof,agentic_coverage,mathd_numbertheory_284,0,True,True,True,False,0.00017704,3785,3782,84,56,0.0008577999999999999,1,0
validation__agentic_coverage__proof__mathd_algebra_421__seed0,validation,proof,agentic_coverage,mathd_algebra_421,0,True,True,True,False,0.0034100400000000005,23871,18512,1640,1149,0.0067422,5,0
validation__agentic_coverage__proof__amc12a_2008_p4__seed1,validation,proof,agentic_coverage,amc12a_2008_p4,1,True,True,True,False,0.01628266,103868,54403,4418,2751,0.0260752,14,0
validation__agentic_coverage__proof__mathd_algebra_190__seed0,validation,proof,agentic_coverage,mathd_algebra_190,0,True,True,True,False,0.00012836,3751,3748,44,29,0.0008029999999999999,1,0
validation__agentic_coverage__proof__amc12_2001_p21__seed1,validation,proof,agentic_coverage,amc12_2001_p21,1,False,False,False,False,0.011705680000000001,67919,43954,5028,3949,0.019617399999999997,11,0
validation__agentic_coverage__proof__amc12a_2002_p6__seed1,validation,proof,agentic_coverage,amc12a_2002_p6,1,True,True,True,False,0.00020154,3810,3807,104,73,0.0008868,1,0
validation__agentic_coverage__proof__imo_1960_p2__seed0,validation,proof,agentic_coverage,imo_1960_p2,0,True,True,True,False,0.00563186,38833,27313,2318,1372,0.010548199999999999,6,0
validation__agentic_coverage__proof__amc12a_2020_p21__seed0,validation,proof,agentic_coverage,amc12a_2020_p21,0,False,False,False,False,0.06830908,410195,222484,21931,13934,0.1083562,31,0
validation__agentic_coverage__proof__mathd_algebra_421__seed1,validation,proof,agentic_coverage,mathd_algebra_421,1,True,True,True,False,0.0019274999999999997,18072,15165,869,456,0.0046572,4,0
validation__agentic_coverage__proof__induction_prod1p1onk3le3m1onn__seed1,validation,proof,agentic_coverage,induction_prod1p1onk3le3m1onn,1,True,True,True,False,0.05184114,276483,108937,13461,5296,0.0714498,22,0
validation__agentic_coverage__proof__amc12b_2003_p6__seed1,validation,proof,agentic_coverage,amc12b_2003_p6,1,True,True,True,False,0.01959994,90974,36747,6683,3434,0.0262144,11,0
validation__agentic_coverage__proof__mathd_numbertheory_33__seed1,validation,proof,agentic_coverage,mathd_numbertheory_33,1,True,True,True,False,0.0038385599999999995,32001,26898,1900,1428,0.008680199999999999,5,0
validation__agentic_coverage__proof__amc12_2001_p21__seed0,validation,proof,agentic_coverage,amc12_2001_p21,0,True,True,True,False,0.006262060000000001,52100,45873,3416,2572,0.0145192,8,0
validation__agentic_coverage__proof__amc12a_2002_p6__seed0,validation,proof,agentic_coverage,amc12a_2002_p6,0,True,True,True,False,0.00022914,3810,3807,127,93,0.0009144,1,0
validation__agentic_coverage__proof__mathd_numbertheory_64__seed1,validation,proof,agentic_coverage,mathd_numbertheory_64,1,True,True,True,False,0.03889643999999999,182064,76222,13503,7771,0.0526164,15,0
validation__agentic_coverage__proof__amc12a_2019_p21__seed0,validation,proof,agentic_coverage,amc12a_2019_p21,0,False,False,False,False,0.05973424,420635,174162,5797,3956,0.0910834,19,0
validation__agentic_coverage__proof__mathd_algebra_327__seed1,validation,proof,agentic_coverage,mathd_algebra_327,1,True,True,True,False,0.00331966,25691,14243,621,299,0.0058834000000000004,4,0
validation__agentic_coverage__proof__amc12_2000_p12__seed0,validation,proof,agentic_coverage,amc12_2000_p12,0,True,True,True,False,0.0211027,112211,77715,10541,8671,0.0350914,15,0
validation__agentic_coverage__proof__mathd_numbertheory_530__seed0,validation,proof,agentic_coverage,mathd_numbertheory_530,0,False,False,False,False,0.06464684000000001,625945,437272,15139,6996,0.1433558,38,0
validation__agentic_coverage__proof__mathd_numbertheory_530__seed1,validation,proof,agentic_coverage,mathd_numbertheory_530,1,False,False,False,False,0.06661864,582173,381262,15676,6220,0.1352458,28,0
validation__agentic_coverage__proof__mathd_algebra_282__seed0,validation,proof,agentic_coverage,mathd_algebra_282,0,False,False,False,False,0.05080302000000002,1316904,1244841,9578,6454,0.27487439999999996,59,0
validation__agentic_coverage__proof__mathd_numbertheory_43__seed1,validation,proof,agentic_coverage,mathd_numbertheory_43,1,False,False,False,False,0.02089934,258979,221747,7515,5731,0.0608138,26,0
validation__agentic_coverage__proof__mathd_numbertheory_303__seed1,validation,proof,agentic_coverage,mathd_numbertheory_303,1,False,False,False,False,0.02877296,144556,120408,17946,7106,0.050446399999999995,18,0
validation__agentic_coverage__proof__amc12b_2020_p5__seed1,validation,proof,agentic_coverage,amc12b_2020_p5,1,True,True,True,False,0.00068506,12761,12193,273,132,0.0028798,3,0
validation__agentic_coverage__proof__aime_1984_p7__seed1,validation,proof,agentic_coverage,aime_1984_p7,1,False,False,False,False,0.04217642,948130,915011,14377,10835,0.2068784,64,0
validation__agentic_coverage__proof__mathd_numbertheory_303__seed0,validation,proof,agentic_coverage,mathd_numbertheory_303,0,False,False,False,False,0.06768464,469684,325672,26974,18038,0.1263056,31,0
validation__agentic_coverage__proof__mathd_numbertheory_43__seed0,validation,proof,agentic_coverage,mathd_numbertheory_43,0,False,False,False,False,0.02617288,249080,191804,9068,6514,0.0606976,24,0
validation__agentic_coverage__proof__aime_1991_p9__seed1,validation,proof,agentic_coverage,aime_1991_p9,1,True,True,True,False,0.04090011999999999,225341,108496,12801,7381,0.060429399999999994,21,0
validation__agentic_coverage__proof__mathd_algebra_234__seed1,validation,proof,agentic_coverage,mathd_algebra_234,1,True,True,True,False,0.00024986,3766,3763,145,126,0.0009272,1,0
validation__agentic_coverage__proof__imo_1969_p2__seed0,validation,proof,agentic_coverage,imo_1969_p2,0,False,False,False,False,0.06109831999999999,247549,66966,19702,8288,0.0731522,17,0
validation__agentic_coverage__proof__mathd_algebra_282__seed1,validation,proof,agentic_coverage,mathd_algebra_282,1,False,False,False,False,0.04693132000000001,1458827,1410676,7573,4842,0.300853,56,0
validation__agentic_coverage__proof__algebra_others_exirrpowirrrat__seed1,validation,proof,agentic_coverage,algebra_others_exirrpowirrrat,1,False,False,False,False,0.06400922000000002,816121,690141,20842,9534,0.1882346,49,0
validation__agentic_coverage__proof__mathd_numbertheory_284__seed1,validation,proof,agentic_coverage,mathd_numbertheory_284,1,True,True,True,False,0.00021663999999999999,3785,3782,117,91,0.0008974,1,0
validation__agentic_coverage__proof__mathd_numbertheory_461__seed1,validation,proof,agentic_coverage,mathd_numbertheory_461,1,True,True,True,False,0.00044556,7788,7598,213,160,0.0018132,2,0
validation__agentic_coverage__proof__mathd_algebra_214__seed0,validation,proof,agentic_coverage,mathd_algebra_214,0,True,True,True,False,0.00057254,3877,2607,222,174,0.0010417999999999998,1,0
validation__agentic_coverage__proof__amc12a_2019_p21__seed1,validation,proof,agentic_coverage,amc12a_2019_p21,1,False,False,False,False,0.0673142,454240,221610,13630,9040,0.107204,31,0
validation__agentic_coverage__proof__aime_1989_p8__seed0,validation,proof,agentic_coverage,aime_1989_p8,0,True,True,True,False,0.0001565,4378,4375,57,27,0.000944,1,0
validation__agentic_coverage__proof__mathd_algebra_251__seed0,validation,proof,agentic_coverage,mathd_algebra_251,0,True,True,True,False,0.00375212,29434,22786,1639,1255,0.007853599999999999,6,0
validation__agentic_coverage__proof__mathd_algebra_433__seed1,validation,proof,agentic_coverage,mathd_algebra_433,1,True,True,True,False,0.0015680999999999998,17253,14025,535,189,0.0040926,4,0
validation__agentic_coverage__proof__amc12b_2002_p3__seed1,validation,proof,agentic_coverage,amc12b_2002_p3,1,True,True,True,False,0.01004892,88773,65696,3433,1885,0.0218742,11,0
validation__agentic_coverage__proof__amc12b_2002_p3__seed0,validation,proof,agentic_coverage,amc12b_2002_p3,0,True,True,True,False,0.01059978,53649,23869,3472,1891,0.014896199999999998,7,0
validation__agentic_coverage__proof__mathd_numbertheory_33__seed0,validation,proof,agentic_coverage,mathd_numbertheory_33,0,True,True,True,False,0.005970079999999999,64525,53034,2176,1219,0.015516199999999999,9,0
validation__agentic_coverage__proof__induction_prod1p1onk3le3m1onn__seed0,validation,proof,agentic_coverage,induction_prod1p1onk3le3m1onn,0,False,False,False,False,0.0669847,510644,288565,13998,7255,0.11892639999999999,33,0
validation__agentic_coverage__proof__mathd_numbertheory_405__seed0,validation,proof,agentic_coverage,mathd_numbertheory_405,0,True,True,True,False,0.033690479999999995,111267,35354,14834,5552,0.0400542,11,0
validation__agentic_coverage__proof__mathd_algebra_214__seed1,validation,proof,agentic_coverage,mathd_algebra_214,1,True,True,True,False,0.00023287999999999998,3877,3874,129,88,0.0009302,1,0
validation__agentic_coverage__proof__amc12a_2013_p8__seed0,validation,proof,agentic_coverage,amc12a_2013_p8,0,True,True,True,False,0.01190122,44255,22121,5860,4564,0.015882999999999998,8,0
validation__agentic_coverage__proof__aime_1984_p7__seed0,validation,proof,agentic_coverage,aime_1984_p7,0,True,True,True,False,0.011052519999999998,103283,94576,6183,4916,0.0280762,11,0
validation__agentic_coverage__proof__amc12b_2020_p5__seed0,validation,proof,agentic_coverage,amc12b_2020_p5,0,True,True,True,False,0.0035341399999999994,29035,25347,1908,1442,0.008096599999999999,5,0
validation__agentic_coverage__proof__mathd_numbertheory_405__seed1,validation,proof,agentic_coverage,mathd_numbertheory_405,1,False,False,False,False,0.05817654,223335,67167,21333,5762,0.0702666,14,0
validation__agentic_coverage__proof__imo_1960_p2__seed1,validation,proof,agentic_coverage,imo_1960_p2,1,True,True,True,False,0.01427738,212008,194339,5714,2608,0.0492584,25,0
validation__agentic_coverage__proof__imo_1981_p6__seed1,validation,proof,agentic_coverage,imo_1981_p6,1,True,True,True,False,0.00347018,9409,6669,2324,1806,0.0046706,2,0
validation__agentic_coverage__proof__amc12a_2008_p4__seed0,validation,proof,agentic_coverage,amc12a_2008_p4,0,True,True,True,False,0.014877579999999998,81404,39789,4799,2692,0.0220396,11,0
validation__agentic_coverage__proof__mathd_numbertheory_64__seed0,validation,proof,agentic_coverage,mathd_numbertheory_64,0,True,True,True,False,0.00506822,36436,26261,2090,1601,0.0097952,6,0
pilots__output__proof__mathd_algebra_185__seed0,pilots,proof,output,mathd_algebra_185,0,False,False,False,False,0.06411839999999999,496188,301740,15995,7719,0.1184316,27,0
pilots__concise__proof__mathd_algebra_185__seed0,pilots,proof,concise,mathd_algebra_185,0,False,False,False,False,0.0370466,290197,212160,14330,7233,0.0752354,24,0
pilots__output__proof__mathd_numbertheory_221__seed0,pilots,proof,output,mathd_numbertheory_221,0,True,True,True,False,0.0005728599999999999,6170,4873,180,140,0.00145,1,0
pilots__incumbent__proof__amc12a_2016_p2__seed0,pilots,proof,incumbent,amc12a_2016_p2,0,True,True,True,False,0.011933639999999999,91521,70412,5253,3609,0.0246078,10,0
pilots__views__proof__amc12a_2016_p2__seed0,pilots,proof,views,amc12a_2016_p2,0,True,True,True,False,0.00473446,44531,35223,1807,1023,0.011074599999999999,6,0
pilots__drop__proof__amc12_2000_p6__seed0,pilots,proof,drop,amc12_2000_p6,0,False,False,False,False,0.04097628,274329,198804,18246,11221,0.076761,24,1
pilots__views__proof__amc12a_2020_p13__seed0,pilots,proof,views,amc12a_2020_p13,0,False,False,False,False,0.039383480000000005,239038,146134,14900,6894,0.0656876,17,0
pilots__drop__proof__mathd_numbertheory_221__seed0,pilots,proof,drop,mathd_numbertheory_221,0,True,True,True,False,0.00033513999999999994,6170,6167,176,131,0.0014451999999999998,1,0
pilots__book__proof__mathd_algebra_185__seed0,pilots,proof,book,mathd_algebra_185,0,False,False,False,False,0.029934759999999998,212879,135788,9834,5411,0.0543766,16,0
pilots__book__proof__aime_1988_p3__seed0,pilots,proof,book,aime_1988_p3,0,False,False,False,False,0.036236979999999995,169541,79529,13870,4028,0.0505522,13,0
pilots__drop__proof__mathd_algebra_224__seed0,pilots,proof,drop,mathd_algebra_224,0,False,False,False,False,0.041615479999999996,282046,181314,14869,4815,0.074252,23,1
pilots__drop__proof__aime_1988_p3__seed0,pilots,proof,drop,aime_1988_p3,0,False,False,False,False,0.04443771999999999,266021,160356,16748,6551,0.0733018,20,1
pilots__views__proof__mathd_numbertheory_221__seed0,pilots,proof,views,mathd_numbertheory_221,0,True,True,True,False,0.00029073999999999994,6170,6167,139,79,0.0014007999999999998,1,0
pilots__drop__proof__amc12a_2020_p13__seed0,pilots,proof,drop,amc12a_2020_p13,0,False,False,False,False,0.04354016,249190,164868,19482,10527,0.0732164,21,1
pilots__output__proof__amc12a_2016_p2__seed0,pilots,proof,output,amc12a_2016_p2,0,True,True,True,False,0.019763499999999996,157769,113855,7253,5495,0.0402574,15,0
pilots__book__proof__amc12_2000_p6__seed0,pilots,proof,book,amc12_2000_p6,0,True,True,True,False,0.02537774,266770,218377,9443,6643,0.0646856,22,0
pilots__concise__proof__mathd_numbertheory_221__seed0,pilots,proof,concise,mathd_numbertheory_221,0,True,True,True,False,0.0013254,4593,0,339,270,0.0013254,1,0
pilots__output__proof__mathd_algebra_224__seed0,pilots,proof,output,mathd_algebra_224,0,False,False,False,False,0.06174072,409224,229276,17638,4420,0.10301039999999999,25,0
pilots__book__proof__mathd_numbertheory_221__seed0,pilots,proof,book,mathd_numbertheory_221,0,True,True,True,False,0.00054984,6339,5042,158,91,0.0014574,1,0
pilots__concise__proof__aime_1988_p3__seed0,pilots,proof,concise,aime_1988_p3,0,False,False,False,False,0.04225709999999999,184584,95345,18752,6320,0.0594192,13,0
pilots__incumbent__proof__amc12a_2020_p13__seed0,pilots,proof,incumbent,amc12a_2020_p13,0,False,False,False,False,0.03940114,230612,118747,12211,6510,0.0607756,15,0
pilots__views__proof__aime_1988_p3__seed0,pilots,proof,views,aime_1988_p3,0,False,False,False,False,0.04080818,205906,109559,16123,6394,0.060528799999999994,15,0
pilots__output__proof__aime_1988_p3__seed0,pilots,proof,output,aime_1988_p3,0,True,True,True,False,0.048840499999999995,251863,122585,17111,6667,0.07090579999999999,16,0
pilots__incumbent__proof__mathd_algebra_185__seed0,pilots,proof,incumbent,mathd_algebra_185,0,False,False,False,False,0.03621766,282245,168263,8380,4877,0.066505,19,0
pilots__drop__proof__mathd_numbertheory_48__seed0,pilots,proof,drop,mathd_numbertheory_48,0,True,True,True,False,0.00348964,26753,19492,1373,923,0.0069981999999999996,4,0
pilots__book__proof__amc12a_2016_p2__seed0,pilots,proof,book,amc12a_2016_p2,0,True,True,True,False,0.01605608,107230,56304,3954,2963,0.0261908,9,0
pilots__views__proof__mathd_numbertheory_48__seed0,pilots,proof,views,mathd_numbertheory_48,0,True,True,True,False,0.001447,12524,10990,767,606,0.0034251999999999998,2,0
pilots__incumbent__proof__amc12_2000_p6__seed0,pilots,proof,incumbent,amc12_2000_p6,0,True,True,True,False,0.013014779999999998,94947,76259,6460,4373,0.0267414,11,0
pilots__drop__proof__mathd_algebra_185__seed0,pilots,proof,drop,mathd_algebra_185,0,False,False,False,False,0.04232894,321805,229927,16129,9343,0.08371579999999999,27,1
pilots__incumbent__proof__mathd_numbertheory_48__seed0,pilots,proof,incumbent,mathd_numbertheory_48,0,True,True,True,False,0.0013647999999999998,12557,10990,693,543,0.0033429999999999996,2,0
pilots__views__proof__mathd_algebra_185__seed0,pilots,proof,views,mathd_algebra_185,0,False,False,False,False,0.04001356,327932,222838,12115,7382,0.0801244,25,0
pilots__incumbent__proof__mathd_algebra_224__seed0,pilots,proof,incumbent,mathd_algebra_224,0,False,False,False,False,0.037783180000000006,191090,104269,15278,5506,0.0565516,15,0
pilots__output__proof__mathd_numbertheory_48__seed0,pilots,proof,output,mathd_numbertheory_48,0,True,True,True,False,0.00982498,81623,61949,3876,2515,0.0209758,10,0
pilots__output__proof__amc12_2000_p6__seed0,pilots,proof,output,amc12_2000_p6,0,True,True,True,False,0.00424422,55701,51211,1935,1303,0.0134622,7,0
pilots__concise__proof__mathd_algebra_224__seed0,pilots,proof,concise,mathd_algebra_224,0,False,False,False,False,0.040855760000000005,285031,186958,14585,4864,0.0745082,22,0
pilots__views__proof__mathd_algebra_224__seed0,pilots,proof,views,mathd_algebra_224,0,False,False,False,False,0.03661528,328805,235674,11063,4208,0.0790366,23,0
pilots__concise__proof__amc12a_2020_p13__seed0,pilots,proof,concise,amc12a_2020_p13,0,False,False,False,False,0.04235736,245790,153128,17302,9515,0.0699204,18,0
pilots__incumbent__proof__mathd_numbertheory_221__seed0,pilots,proof,incumbent,mathd_numbertheory_221,0,True,True,True,False,0.00023073999999999998,6170,6167,89,30,0.0013407999999999998,1,0
pilots__book__proof__amc12a_2020_p13__seed0,pilots,proof,book,amc12a_2020_p13,0,False,False,False,False,0.037992399999999996,276059,183490,13174,6578,0.0710206,19,0
pilots__concise__proof__amc12a_2016_p2__seed0,pilots,proof,concise,amc12a_2016_p2,0,True,True,True,False,0.0031007400000000003,45954,42547,1307,575,0.0107592,8,0
pilots__incumbent__proof__aime_1988_p3__seed0,pilots,proof,incumbent,aime_1988_p3,0,False,False,False,False,0.03822199999999999,249559,155410,13570,3823,0.0661958,16,0
pilots__concise__proof__amc12_2000_p6__seed0,pilots,proof,concise,amc12_2000_p6,0,True,True,True,False,0.01341172,83123,60136,6343,4043,0.0242362,10,0
pilots__book__proof__mathd_algebra_224__seed0,pilots,proof,book,mathd_algebra_224,0,False,False,False,False,0.0395132,278452,182420,13882,6967,0.07234879999999999,20,0
pilots__views__proof__amc12_2000_p6__seed0,pilots,proof,views,amc12_2000_p6,0,True,True,True,False,0.01669548,89742,61774,8222,6310,0.0278148,10,0
pilots__output__proof__amc12a_2020_p13__seed0,pilots,proof,output,amc12a_2020_p13,0,False,False,False,False,0.06092023999999999,360217,183402,18241,7472,0.09393259999999999,19,0
pilots__book__proof__mathd_numbertheory_48__seed0,pilots,proof,book,mathd_numbertheory_48,0,True,True,True,False,0.00797118,53772,39729,3640,2754,0.0151224,7,0
pilots__drop__proof__amc12a_2016_p2__seed0,pilots,proof,drop,amc12a_2016_p2,0,False,False,False,False,0.02894502,191154,107481,8384,5957,0.0482916,18,1
pilots__concise__proof__mathd_numbertheory_48__seed0,pilots,proof,concise,mathd_numbertheory_48,0,True,True,True,False,0.00418256,16888,9888,2154,1804,0.0059624,3,0
learning__schema_control__schema__aime_1988_p3__seed0,learning,schema,schema_control,aime_1988_p3,0,True,,,False,0.0024592,11006,0,215,87,0.0024592,1,0
learning__schema_candidate__schema__aime_1988_p3__seed0,learning,schema,schema_candidate,aime_1988_p3,0,True,,,False,0.0027359999999999997,11292,0,398,291,0.0027359999999999997,1,0
learning__schema_control__schema__aime_1990_p4__seed0,learning,schema,schema_control,aime_1990_p4,0,True,,,False,0.0030943999999999998,13918,0,259,96,0.0030943999999999998,1,0
learning__schema_candidate__schema__aime_1990_p4__seed0,learning,schema,schema_candidate,aime_1990_p4,0,True,,,False,0.0031347999999999997,14204,0,245,120,0.0031347999999999997,1,0
learning__schema_control__schema__amc12_2000_p6__seed0,learning,schema,schema_control,amc12_2000_p6,0,True,,,False,0.0030302,10453,0,783,457,0.0030302,1,0
learning__schema_candidate__schema__amc12_2000_p6__seed0,learning,schema,schema_candidate,amc12_2000_p6,0,True,,,False,0.0029818,10739,0,695,176,0.0029818,1,0
learning__schema_control__schema__amc12b_2003_p17__seed0,learning,schema,schema_control,amc12b_2003_p17,0,True,,,False,0.0028192,10550,0,591,302,0.0028192,1,0
learning__schema_candidate__schema__amc12b_2003_p17__seed0,learning,schema,schema_candidate,amc12b_2003_p17,0,True,,,False,0.0032195999999999995,10836,0,877,330,0.0032195999999999995,1,0
learning__schema_control__schema__imo_1983_p6__seed0,learning,schema,schema_control,imo_1983_p6,0,True,,,False,0.0030635999999999997,11694,0,604,480,0.0030635999999999997,1,0
learning__schema_candidate__schema__imo_1983_p6__seed0,learning,schema,schema_candidate,imo_1983_p6,0,True,,,False,0.003194,11980,0,665,427,0.003194,1,0
learning__schema_control__schema__induction_pord1p1on2powklt5on2__seed0,learning,schema,schema_control,induction_pord1p1on2powklt5on2,0,True,,,False,0.0028738,10379,0,665,516,0.0028738,1,0
learning__schema_candidate__schema__induction_pord1p1on2powklt5on2__seed0,learning,schema,schema_candidate,induction_pord1p1on2powklt5on2,0,True,,,False,0.0027906,10665,0,548,420,0.0027906,1,0
learning__schema_control__schema__amc12a_2020_p13__seed0,learning,schema,schema_control,amc12a_2020_p13,0,True,,,False,0.0028237999999999996,11479,0,440,220,0.0028237999999999996,1,0
learning__schema_candidate__schema__amc12a_2020_p13__seed0,learning,schema,schema_candidate,amc12a_2020_p13,0,True,,,False,0.0027922,11765,0,366,151,0.0027922,1,0
learning__schema_control__schema__mathd_algebra_206__seed0,learning,schema,schema_control,mathd_algebra_206,0,True,,,False,0.0024544000000000002,10322,0,325,190,0.0024544000000000002,1,0
learning__schema_candidate__schema__mathd_algebra_206__seed0,learning,schema,schema_candidate,mathd_algebra_206,0,True,,,False,0.0026292,10608,0,423,217,0.0026292,1,0
learning__schema_control__schema__mathd_algebra_28__seed0,learning,schema,schema_control,mathd_algebra_28,0,True,,,False,0.002567,10189,0,441,305,0.002567,1,0
learning__schema_candidate__schema__mathd_algebra_28__seed0,learning,schema,schema_candidate,mathd_algebra_28,0,True,,,False,0.0025522,10475,0,381,116,0.0025522,1,0
learning__schema_control__schema__algebra_amgm_sum1toneqn_prod1tonleq1__seed0,learning,schema,schema_control,algebra_amgm_sum1toneqn_prod1tonleq1,0,True,,,False,0.0022574,9301,0,331,117,0.0022574,1,0
learning__schema_candidate__schema__algebra_amgm_sum1toneqn_prod1tonleq1__seed0,learning,schema,schema_candidate,algebra_amgm_sum1toneqn_prod1tonleq1,0,True,,,False,0.002203,9587,0,238,116,0.002203,1,0
learning__schema_control__schema__aime_1988_p8__seed0,learning,schema,schema_control,aime_1988_p8,0,True,,,False,0.0024798,9909,0,415,215,0.0024798,1,0
learning__schema_candidate__schema__aime_1988_p8__seed0,learning,schema,schema_candidate,aime_1988_p8,0,True,,,False,0.0024878,10195,0,374,166,0.0024878,1,0
learning__schema_control__schema__amc12a_2003_p1__seed0,learning,schema,schema_control,amc12a_2003_p1,0,True,,,False,0.0024285999999999995,10055,0,348,237,0.0024285999999999995,1,0
learning__schema_candidate__schema__amc12a_2003_p1__seed0,learning,schema,schema_candidate,amc12a_2003_p1,0,True,,,False,0.0023166000000000003,10341,0,207,100,0.0023166000000000003,1,0
learning__review_control__review__batch1_review0__seed0,learning,review,review_control,batch1_review0,0,True,,,False,0.0035009999999999998,16695,0,135,40,0.0035009999999999998,1,0
learning__review_candidate__review__batch1_review0__seed0,learning,review,review_candidate,batch1_review0,0,True,,,False,0.0035915999999999995,16884,0,179,96,0.0035915999999999995,1,0
learning__review_control__review__batch1_review1__seed0,learning,review,review_control,batch1_review1,0,True,,,False,0.0037597999999999998,17323,0,246,132,0.0037597999999999998,1,0
learning__review_candidate__review__batch1_review1__seed0,learning,review,review_candidate,batch1_review1,0,True,,,False,0.004105999999999999,17512,0,503,381,0.004105999999999999,1,0
learning__review_control__review__batch2_review0__seed0,learning,review,review_control,batch2_review0,0,True,,,False,0.0030778,13877,0,252,140,0.0030778,1,0
learning__review_candidate__review__batch2_review0__seed0,learning,review,review_candidate,batch2_review0,0,True,,,False,0.0031624,14066,0,291,168,0.0031624,1,0
learning__review_control__review__batch3_review0__seed0,learning,review,review_control,batch3_review0,0,True,,,False,0.0027088,9650,0,649,516,0.0027088,1,0
learning__review_candidate__review__batch3_review0__seed0,learning,review,review_candidate,batch3_review0,0,True,,,False,0.0024526,9839,0,404,296,0.0024526,1,0
learning__review_control__review__batch5_review0__seed0,learning,review,review_control,batch5_review0,0,True,,,False,0.0032936,15172,0,216,114,0.0032936,1,0
learning__review_candidate__review__batch5_review0__seed0,learning,review,review_candidate,batch5_review0,0,True,,,False,0.0034009999999999995,15361,0,274,183,0.0034009999999999995,1,0
learning__review_control__review__batch5_review1__seed0,learning,review,review_control,batch5_review1,0,True,,,False,0.0030754,13991,0,231,127,0.0030754,1,0
learning__review_candidate__review__batch5_review1__seed0,learning,review,review_candidate,batch5_review1,0,True,,,False,0.0031264,14180,0,242,134,0.0031264,1,0
learning__review_control__review__batch6_review0__seed0,learning,review,review_control,batch6_review0,0,True,,,False,0.0032359999999999997,14782,0,233,132,0.0032359999999999997,1,0
learning__review_candidate__review__batch6_review0__seed0,learning,review,review_candidate,batch6_review0,0,True,,,False,0.0032486,14971,0,212,108,0.0032486,1,0
learning__review_control__review__batch6_review1__seed0,learning,review,review_control,batch6_review1,0,True,,,False,0.0031011999999999997,14336,0,195,88,0.0031011999999999997,1,0
learning__review_candidate__review__batch6_review1__seed0,learning,review,review_candidate,batch6_review1,0,True,,,False,0.0031006000000000002,14525,0,163,61,0.0031006000000000002,1,0
learning__review_control__review__batch6_review2__seed0,learning,review,review_control,batch6_review2,0,True,,,False,0.004030199999999999,18669,0,247,154,0.004030199999999999,1,0
learning__review_candidate__review__batch6_review2__seed0,learning,review,review_candidate,batch6_review2,0,True,,,False,0.00414,18858,0,307,215,0.00414,1,0
learning__review_control__review__batch7_review0__seed0,learning,review,review_control,batch7_review0,0,True,,,False,0.0030935999999999997,14094,0,229,123,0.0030935999999999997,1,0
learning__review_candidate__review__batch7_review0__seed0,learning,review,review_candidate,batch7_review0,0,True,,,False,0.0032166,14283,0,300,221,0.0032166,1,0
learning__review_control__review__batch7_review1__seed0,learning,review,review_control,batch7_review1,0,True,,,False,0.0031828,14654,0,210,122,0.0031828,1,0
learning__review_candidate__review__batch7_review1__seed0,learning,review,review_candidate,batch7_review1,0,True,,,False,0.0033442,14843,0,313,232,0.0033442,1,0
learning__review_control__review__batch7_review2__seed0,learning,review,review_control,batch7_review2,0,True,,,False,0.0033239999999999997,13818,0,467,382,0.0033239999999999997,1,0
learning__review_candidate__review__batch7_review2__seed0,learning,review,review_candidate,batch7_review2,0,True,,,False,0.0032633999999999996,14007,0,385,295,0.0032633999999999996,1,0
learning__review_control__review__batch8_review0__seed0,learning,review,review_control,batch8_review0,0,True,,,False,0.0030166,13715,0,228,119,0.0030166,1,0
learning__review_candidate__review__batch8_review0__seed0,learning,review,review_candidate,batch8_review0,0,True,,,False,0.0031084,13904,0,273,131,0.0031084,1,0
learning__review_control__review__batch9_review0__seed0,learning,review,review_control,batch9_review0,0,True,,,False,0.0037532,16828,0,323,221,0.0037532,1,0
learning__review_candidate__review__batch9_review0__seed0,learning,review,review_candidate,batch9_review0,0,True,,,False,0.0038174,17017,0,345,237,0.0038174,1,0
learning__review_control__review__batch9_review1__seed0,learning,review,review_control,batch9_review1,0,True,,,False,0.0030272,14278,0,143,42,0.0030272,1,0
learning__review_candidate__review__batch9_review1__seed0,learning,review,review_candidate,batch9_review1,0,True,,,False,0.0030553999999999998,14467,0,135,35,0.0030553999999999998,1,0
learning__review_control__review__batch9_review2__seed0,learning,review,review_control,batch9_review2,0,True,,,False,0.0031128,13488,0,346,246,0.0031128,1,0
learning__review_candidate__review__batch9_review2__seed0,learning,review,review_candidate,batch9_review2,0,True,,,False,0.0032286,13677,0,411,310,0.0032286,1,0
learning__review_control__review__negative_duplicate__seed0,learning,review,review_control,negative_duplicate,0,True,,,False,0.0021127999999999997,9628,0,156,65,0.0021127999999999997,1,0
learning__review_candidate__review__negative_duplicate__seed0,learning,review,review_candidate,negative_duplicate,0,True,,,False,0.002339,9817,0,313,193,0.002339,1,0
learning__review_control__review__negative_context__seed0,learning,review,review_control,negative_context,0,True,,,False,0.0020812,9578,0,138,44,0.0020812,1,0
learning__review_candidate__review__negative_context__seed0,learning,review,review_candidate,negative_context,0,True,,,False,0.002125,9767,0,143,61,0.002125,1,0
learning__review_control__review__negative_assertion__seed0,learning,review,review_control,negative_assertion,0,True,,,False,0.0019275999999999998,8594,0,174,81,0.0019275999999999998,1,0
learning__review_candidate__review__negative_assertion__seed0,learning,review,review_candidate,negative_assertion,0,True,,,False,0.0019521999999999999,8783,0,163,56,0.0019521999999999999,1,0
learning__review_control__review__negative_premise__seed0,learning,review,review_control,negative_premise,0,True,,,False,0.0029533999999999997,13057,0,285,181,0.0029533999999999997,1,0
learning__review_candidate__review__negative_premise__seed0,learning,review,review_candidate,negative_premise,0,True,,,False,0.0029252,13246,0,230,94,0.0029252,1,0
