archive,arm,seed,cells,complete,raw_solves,qualified_solves,cost_usd,observed_cost_lower_bound,cap,cost_basis,playbook,rendering
ace_online_x-online-s0_agentic,evolving book,0,40,True,28,28,1.0278081399999999,1.0278081399999999,0.1,2026-09-12 repricing; separate from campaign bills,evolving,2
ace_online_x-online-s1_agentic,evolving book,1,40,True,28,28,0.99265034,0.99265034,0.1,2026-09-12 repricing; separate from campaign bills,evolving,2
ace_online_x-online-warm-s0_agentic,evolving book,0,40,True,26,26,0.90926812,0.90926812,0.1,2026-09-12 repricing; separate from campaign bills,evolving,2
ace_online_x-online-warm-s1_agentic,evolving book,1,40,True,24,24,1.05223738,1.05223738,0.1,2026-09-12 repricing; separate from campaign bills,evolving,2
ace_online_x3-online-s0_agentic,evolving book,0,40,False,28,28,,0.72611704,0.1,2026-09-12 repricing; separate from campaign bills,evolving,3
ace_online_x3-online-s1_agentic,evolving book,1,40,True,27,27,0.83751672,0.83751672,0.1,2026-09-12 repricing; separate from campaign bills,evolving,3
ace_online_x4-online-s0_agentic,evolving book,0,40,True,27,27,0.86176396,0.86176396,0.1,2026-09-12 repricing; separate from campaign bills,evolving,3
ace_review_development,baseline-r64,0,40,True,23,23,1.78529516,1.78529516,0.1,2026-09-12 repricing; separate from campaign bills,,1
ace_review_development,baseline-r64,1,40,True,29,29,1.2995337,1.2995337,0.1,2026-09-12 repricing; separate from campaign bills,,1
ace_review_development,repair0-r64,0,40,True,28,28,1.37863318,1.37863318,0.1,2026-09-12 repricing; separate from campaign bills,experiments/playbooks/ace_review_repair_s0.yaml,1
ace_review_development,repair0-r64,1,40,True,27,26,1.61830108,1.61830108,0.1,2026-09-12 repricing; separate from campaign bills,experiments/playbooks/ace_review_repair_s0.yaml,1
ace_review_development,repair1-r64,0,40,True,28,28,1.3639433399999998,1.3639433399999998,0.1,2026-09-12 repricing; separate from campaign bills,experiments/playbooks/ace_review_repair_s1.yaml,1
ace_review_development,repair1-r64,1,40,True,26,26,1.4185693799999999,1.4185693799999999,0.1,2026-09-12 repricing; separate from campaign bills,experiments/playbooks/ace_review_repair_s1.yaml,1
ace_review_development,x3-r64,0,40,True,28,28,1.52378888,1.52378888,0.1,2026-09-12 repricing; separate from campaign bills,experiments/playbooks/ace_x3_offline.yaml,1
ace_review_development,x3-r64,1,40,True,29,29,1.3417959,1.3417959,0.1,2026-09-12 repricing; separate from campaign bills,experiments/playbooks/ace_x3_offline.yaml,1
ace_validation_agentic,ace-30ffc40f-core-medium,0,20,True,15,15,0.24639413999999998,0.24639413999999998,0.05,2026-09-12 repricing; separate from campaign bills,experiments/playbooks/ace_v1.yaml,1
ace_validation_agentic,ace-30ffc40f-core-medium,1,20,True,17,17,0.25937514,0.25937514,0.05,2026-09-12 repricing; separate from campaign bills,experiments/playbooks/ace_v1.yaml,1
ace_x_validation_ace_digest_table_rv2_agentic,ace-ca62b40b-core-medium,0,40,True,26,26,0.74847884,0.74847884,0.1,2026-09-12 repricing; separate from campaign bills,experiments/playbooks/ace_digest_table.yaml,2
ace_x_validation_ace_digest_table_rv2_agentic,ace-ca62b40b-core-medium,1,40,True,25,25,0.9761768399999999,0.9761768399999999,0.1,2026-09-12 repricing; separate from campaign bills,experiments/playbooks/ace_digest_table.yaml,2
ace_x_validation_ace_x3_mono_rv3_agentic,ace-0e162d51-core-medium,0,40,True,27,27,0.89987902,0.89987902,0.1,2026-09-12 repricing; separate from campaign bills,experiments/playbooks/ace_x3_mono.yaml,3
ace_x_validation_ace_x3_mono_rv3_agentic,ace-0e162d51-core-medium,1,40,True,28,28,0.8495805399999999,0.8495805399999999,0.1,2026-09-12 repricing; separate from campaign bills,experiments/playbooks/ace_x3_mono.yaml,3
ace_x_validation_ace_x3_noreflect_agentic,ace-1ac8a092-core-medium,0,40,False,27,26,,0.8147574999999999,0.1,2026-09-12 repricing; separate from campaign bills,experiments/playbooks/ace_x_offline.yaml,2
ace_x_validation_ace_x3_noreflect_agentic,ace-1ac8a092-core-medium,1,40,False,8,8,,0.19623503999999997,0.1,2026-09-12 repricing; separate from campaign bills,experiments/playbooks/ace_x_offline.yaml,2
ace_x_validation_ace_x3_noreflect_rv3_agentic,ace-ce233fe0-core-medium,0,40,True,29,29,0.82596954,0.82596954,0.1,2026-09-12 repricing; separate from campaign bills,experiments/playbooks/ace_x3_noreflect.yaml,3
ace_x_validation_ace_x3_noreflect_rv3_agentic,ace-ce233fe0-core-medium,1,40,True,28,28,0.7369698,0.7369698,0.1,2026-09-12 repricing; separate from campaign bills,experiments/playbooks/ace_x3_noreflect.yaml,3
ace_x_validation_ace_x3_offline_agentic,ace-1ac8a092-core-medium,0,40,False,27,27,,0.61861912,0.1,2026-09-12 repricing; separate from campaign bills,experiments/playbooks/ace_x_offline.yaml,2
ace_x_validation_ace_x3_offline_agentic,ace-1ac8a092-core-medium,1,40,False,27,27,,0.70208934,0.1,2026-09-12 repricing; separate from campaign bills,experiments/playbooks/ace_x_offline.yaml,2
ace_x_validation_ace_x3_offline_agentic,ace-1e4aec7d-core-medium,0,40,False,14,14,,0.36664152,0.1,2026-09-12 repricing; separate from campaign bills,experiments/playbooks/ace_x3_offline.yaml,2
ace_x_validation_ace_x3_offline_agentic,ace-1e4aec7d-core-medium,1,40,False,0,0,,0,0.1,2026-09-12 repricing; separate from campaign bills,experiments/playbooks/ace_x3_offline.yaml,2
ace_x_validation_ace_x3_offline_e3_rv3_agentic,ace-d0d7ce24-core-medium,0,40,True,26,26,0.85166406,0.85166406,0.1,2026-09-12 repricing; separate from campaign bills,experiments/playbooks/ace_x3_offline_e3.yaml,3
ace_x_validation_ace_x3_offline_e3_rv3_agentic,ace-d0d7ce24-core-medium,1,40,True,27,27,0.7465417799999999,0.7465417799999999,0.1,2026-09-12 repricing; separate from campaign bills,experiments/playbooks/ace_x3_offline_e3.yaml,3
ace_x_validation_ace_x3_offline_rv2_agentic,ace-1e4aec7d-core-medium,0,40,True,28,28,0.88574972,0.88574972,0.1,2026-09-12 repricing; separate from campaign bills,experiments/playbooks/ace_x3_offline.yaml,2
ace_x_validation_ace_x3_offline_rv2_agentic,ace-1e4aec7d-core-medium,1,40,True,28,28,0.96958036,0.96958036,0.1,2026-09-12 repricing; separate from campaign bills,experiments/playbooks/ace_x3_offline.yaml,2
ace_x_validation_ace_x3_offline_rv3_agentic,ace-1e4aec7d-core-medium,0,40,True,29,29,0.73209336,0.73209336,0.1,2026-09-12 repricing; separate from campaign bills,experiments/playbooks/ace_x3_offline.yaml,3
ace_x_validation_ace_x3_offline_rv3_agentic,ace-1e4aec7d-core-medium,1,40,True,28,28,0.82569748,0.82569748,0.1,2026-09-12 repricing; separate from campaign bills,experiments/playbooks/ace_x3_offline.yaml,3
ace_x_validation_ace_x3_strong_rv3_agentic,ace-b596e7df-core-medium,0,40,True,27,27,0.87324956,0.87324956,0.1,2026-09-12 repricing; separate from campaign bills,experiments/playbooks/ace_x3_strong.yaml,3
ace_x_validation_ace_x3_strong_rv3_agentic,ace-b596e7df-core-medium,1,40,True,28,28,0.75302466,0.75302466,0.1,2026-09-12 repricing; separate from campaign bills,experiments/playbooks/ace_x3_strong.yaml,3
ace_x_validation_ace_x4_offline_rv3_agentic,ace-f1dd5c3a-core-medium,0,40,True,28,28,0.8760484199999999,0.8760484199999999,0.1,2026-09-12 repricing; separate from campaign bills,experiments/playbooks/ace_x4_offline.yaml,3
ace_x_validation_ace_x4_offline_rv3_agentic,ace-f1dd5c3a-core-medium,1,40,True,27,27,0.82828636,0.82828636,0.1,2026-09-12 repricing; separate from campaign bills,experiments/playbooks/ace_x4_offline.yaml,3
ace_x_validation_ace_x5_offline_rv2_agentic,ace-fc7b45d4-core-medium,0,40,True,26,26,0.76744412,0.76744412,0.1,2026-09-12 repricing; separate from campaign bills,experiments/playbooks/ace_x5_offline.yaml,2
ace_x_validation_ace_x5_offline_rv2_agentic,ace-fc7b45d4-core-medium,1,40,True,27,27,0.81521184,0.81521184,0.1,2026-09-12 repricing; separate from campaign bills,experiments/playbooks/ace_x5_offline.yaml,2
ace_x_validation_ace_x5_offline_rv3_agentic,ace-fc7b45d4-core-medium,0,40,True,26,26,0.90223336,0.90223336,0.1,2026-09-12 repricing; separate from campaign bills,experiments/playbooks/ace_x5_offline.yaml,3
ace_x_validation_ace_x5_offline_rv3_agentic,ace-fc7b45d4-core-medium,1,40,True,27,27,0.9729488799999999,0.9729488799999999,0.1,2026-09-12 repricing; separate from campaign bills,experiments/playbooks/ace_x5_offline.yaml,3
ace_x_validation_agentic,ace-1ac8a092-core-medium,0,40,True,26,26,0.89935678,0.89935678,0.1,2026-09-12 repricing; separate from campaign bills,experiments/playbooks/ace_x_offline.yaml,2
ace_x_validation_agentic,ace-1ac8a092-core-medium,1,40,True,28,28,0.93247718,0.93247718,0.1,2026-09-12 repricing; separate from campaign bills,experiments/playbooks/ace_x_offline.yaml,2
ace_x_validation_agentic,ace-1ac8a092-k10-core-medium,0,40,True,26,26,1.08005994,1.08005994,0.1,2026-09-12 repricing; separate from campaign bills,experiments/playbooks/ace_x_offline.yaml,2
ace_x_validation_agentic,ace-1ac8a092-k10-core-medium,1,40,False,15,15,,0.60822818,0.1,2026-09-12 repricing; separate from campaign bills,experiments/playbooks/ace_x_offline.yaml,2
ace_x_validation_agentic,ace-d56da056-core-medium,0,40,True,25,25,1.0825614399999999,1.0825614399999999,0.1,2026-09-12 repricing; separate from campaign bills,experiments/playbooks/ace_x_noreflect.yaml,2
ace_x_validation_agentic,ace-d56da056-core-medium,1,40,True,25,25,0.9625387,0.9625387,0.1,2026-09-12 repricing; separate from campaign bills,experiments/playbooks/ace_x_noreflect.yaml,2
ace_x_validation_agentic,ace-fa985e70-core-medium,0,40,False,7,7,,0.04008008,0.1,2026-09-12 repricing; separate from campaign bills,experiments/playbooks/ace_x_mono.yaml,2
ace_x_validation_agentic,ace-fa985e70-core-medium,1,40,False,0,0,,0,0.1,2026-09-12 repricing; separate from campaign bills,experiments/playbooks/ace_x_mono.yaml,2
acet_x_validation_ace_x5_offline_k3_agentic,acet-fc7b45d4-b1806cce-k3-core-medium,0,40,True,26,26,0.76768808,0.76768808,0.1,2026-09-12 repricing; separate from campaign bills,experiments/playbooks/ace_x5_offline.yaml,3
acet_x_validation_ace_x5_offline_k3_agentic,acet-fc7b45d4-b1806cce-k3-core-medium,1,40,True,27,27,0.90546518,0.90546518,0.1,2026-09-12 repricing; separate from campaign bills,experiments/playbooks/ace_x5_offline.yaml,3
acet_x_validation_ace_x6_repairs_k3_r2_agentic,acet-1d2bc630-30d3e288-k3-r2-core-medium,0,40,True,28,28,0.8927582399999999,0.8927582399999999,0.1,2026-09-12 repricing; separate from campaign bills,experiments/playbooks/ace_x6_repairs.yaml,2
acet_x_validation_ace_x6_repairs_k3_r2_agentic,acet-1d2bc630-30d3e288-k3-r2-core-medium,1,40,True,28,27,0.90585272,0.90585272,0.1,2026-09-12 repricing; separate from campaign bills,experiments/playbooks/ace_x6_repairs.yaml,2
luna_validation_agentic,core-medium,0,20,True,16,16,0.23165766,0.23165766,0.05,2026-09-12 repricing; separate from campaign bills,,1
luna_validation_agentic,core-medium,1,20,True,16,16,0.21293484,0.21293484,0.05,2026-09-12 repricing; separate from campaign bills,,1
x_train_agentic,core-medium,0,40,True,33,33,0.77731586,0.77731586,0.1,2026-09-12 repricing; separate from campaign bills,,1
x_train_agentic,core-medium,1,40,True,32,32,0.93246696,0.93246696,0.1,2026-09-12 repricing; separate from campaign bills,,1
x_validation_agentic,core-medium,0,40,True,27,27,0.8869611,0.8869611,0.1,2026-09-12 repricing; separate from campaign bills,,1
x_validation_agentic,core-medium,1,40,True,27,27,0.7189751,0.7189751,0.1,2026-09-12 repricing; separate from campaign bills,,1
x_validation_stall_seenstate4_agentic,core-medium-stall-seenstate4,0,40,True,26,26,0.7942539,0.7942539,0.1,2026-09-12 repricing; separate from campaign bills,,1
