cell,theorem,stage,arm,seed,success,qualified_solve,platform_failed,cost,input_tokens,cached_input_tokens,output_tokens,model_requests,tool_advertised_requests,real_snippet_checks,snippet_rejected,snippet_open,snippet_completed,snippet_resource_exhausted,snippet_unknown,snippet_reused,snippet_requests,actual_book_requests,source
snippets-v1__mathd_algebra_323__training-A__seed0,mathd_algebra_323,training,A,0,True,True,False,0.005383440000000001,30441,10062,922,3,3,3,1,1,1,0,0,0,3,0,experiments/output/ace_snippets_20260913/training/configs/snippets-v1__mathd_algebra_323__training-A__seed0
snippets-v1__amc12_2000_p1__training-A__seed0,amc12_2000_p1,training,A,0,True,True,False,0.0265416,81420,0,8548,6,6,1,0,1,0,0,0,0,1,0,experiments/output/ace_snippets_20260913/training/configs/snippets-v1__amc12_2000_p1__training-A__seed0
snippets-v1__amc12b_2004_p3__training-A__seed0,amc12b_2004_p3,training,A,0,False,False,False,0.0374185,193199,89185,12360,15,15,0,0,0,0,0,0,0,0,0,experiments/output/ace_snippets_20260913/training/configs/snippets-v1__amc12b_2004_p3__training-A__seed0
snippets-v1__amc12b_2003_p17__training-A__seed0,amc12b_2003_p17,training,A,0,True,True,False,0.008619660000000001,63792,30953,1194,6,6,0,0,0,0,0,0,0,0,0,experiments/output/ace_snippets_20260913/training/configs/snippets-v1__amc12b_2003_p17__training-A__seed0
snippets-v1__mathd_algebra_224__training-A__seed0,mathd_algebra_224,training,A,0,False,False,False,0.03939488,258355,135854,10148,17,17,0,0,0,0,0,0,0,0,0,experiments/output/ace_snippets_20260913/training/configs/snippets-v1__mathd_algebra_224__training-A__seed0
snippets-v1__aime_1988_p3__training-A__seed0,aime_1988_p3,training,A,0,False,False,False,0.04287404,269476,125482,9638,17,17,0,0,0,0,0,0,0,0,0,experiments/output/ace_snippets_20260913/training/configs/snippets-v1__aime_1988_p3__training-A__seed0
snippets-v1__mathd_algebra_28__training-A__seed0,mathd_algebra_28,training,A,0,True,True,False,0.00728938,37427,9169,1212,4,4,0,0,0,0,0,0,0,0,0,experiments/output/ace_snippets_20260913/training/configs/snippets-v1__mathd_algebra_28__training-A__seed0
snippets-v1__aime_1988_p8__training-A__seed0,aime_1988_p8,training,A,0,True,True,False,0.01557752,64411,11046,3903,5,5,0,0,0,0,0,0,0,0,0,experiments/output/ace_snippets_20260913/training/configs/snippets-v1__aime_1988_p8__training-A__seed0
snippets-v1__amc12b_2002_p11__training-A__seed0,amc12b_2002_p11,training,A,0,False,False,False,0.040489859999999996,434331,332773,11269,22,22,0,0,0,0,0,0,0,0,0,experiments/output/ace_snippets_20260913/training/configs/snippets-v1__amc12b_2002_p11__training-A__seed0
snippets-v1__mathd_numbertheory_629__training-A__seed0,mathd_numbertheory_629,training,A,0,False,False,False,0.0425423,193720,68065,13375,14,14,1,1,0,0,0,0,0,1,0,experiments/output/ace_snippets_20260913/training/configs/snippets-v1__mathd_numbertheory_629__training-A__seed0
snippets-v1__induction_pord1p1on2powklt5on2__training-A__seed0,induction_pord1p1on2powklt5on2,training,A,0,False,False,False,0.040882199999999994,172293,30400,9913,12,12,2,1,2,0,0,0,0,3,0,experiments/output/ace_snippets_20260913/training/configs/snippets-v1__induction_pord1p1on2powklt5on2__training-A__seed0
snippets-v1__imo_1983_p6__training-A__seed0,imo_1983_p6,training,A,0,True,True,False,0.031912220000000005,202936,98801,7591,13,13,2,1,1,0,0,0,0,2,0,experiments/output/ace_snippets_20260913/training/configs/snippets-v1__imo_1983_p6__training-A__seed0
snippets-v1__aime_1984_p1__training-A__seed0,aime_1984_p1,training,A,0,False,False,False,0.04230512,222409,95606,12527,15,8,4,2,2,0,0,0,0,4,0,experiments/output/ace_snippets_20260913/training/configs/snippets-v1__aime_1984_p1__training-A__seed0
snippets-v1__amc12a_2002_p13__training-A__seed0,amc12a_2002_p13,training,A,0,True,True,False,0.02191872,82575,16206,6934,6,6,0,0,0,0,0,0,0,0,0,experiments/output/ace_snippets_20260913/training/configs/snippets-v1__amc12a_2002_p13__training-A__seed0
snippets-v1__mathd_numbertheory_42__training-A__seed0,mathd_numbertheory_42,training,A,0,True,True,False,0.00611978,40780,15639,649,4,4,2,0,1,1,0,0,0,2,0,experiments/output/ace_snippets_20260913/training/configs/snippets-v1__mathd_numbertheory_42__training-A__seed0
snippets-v1__imo_1968_p5_1__training-A__seed0,imo_1968_p5_1,training,A,0,True,True,False,0.03408219999999999,193358,82730,8585,13,13,0,0,0,0,0,0,0,0,0,experiments/output/ace_snippets_20260913/training/configs/snippets-v1__imo_1968_p5_1__training-A__seed0
snippets-v1__imo_1963_p5__training-A__seed0,imo_1963_p5,training,A,0,False,False,False,0.041821899999999995,304304,179185,11012,20,20,0,0,0,0,0,0,0,0,0,experiments/output/ace_snippets_20260913/training/configs/snippets-v1__imo_1963_p5__training-A__seed0
snippets-v1__amc12a_2020_p13__training-A__seed0,amc12a_2020_p13,training,A,0,False,False,False,0.035568,252591,151930,10331,16,16,1,1,0,0,0,0,0,1,0,experiments/output/ace_snippets_20260913/training/configs/snippets-v1__amc12a_2020_p13__training-A__seed0
snippets-v1__amc12a_2017_p7__training-A__seed0,amc12a_2017_p7,training,A,0,False,False,False,0.03798238,213140,76609,7620,13,13,0,0,0,0,0,0,0,0,0,experiments/output/ace_snippets_20260913/training/configs/snippets-v1__amc12a_2017_p7__training-A__seed0
snippets-v1__aime_1990_p4__training-A__seed0,aime_1990_p4,training,A,0,True,True,False,0.02124476,118558,44778,4661,10,7,3,2,1,0,0,0,1,4,0,experiments/output/ace_snippets_20260913/training/configs/snippets-v1__aime_1990_p4__training-A__seed0
snippets-v1__aime_1991_p6__validation-A__seed0,aime_1991_p6,validation,A,0,False,False,False,0.035498999999999996,255111,155300,10359,12,12,2,1,1,0,0,0,0,2,0,experiments/output/ace_snippets_20260913/validation/configs/snippets-v1__aime_1991_p6__validation-A__seed0
snippets-v1__mathd_numbertheory_405__validation-A__seed0,mathd_numbertheory_405,validation,A,0,False,False,False,0.032642279999999996,113118,25574,12185,6,6,0,0,0,0,0,0,0,0,0,experiments/output/ace_snippets_20260913/validation/configs/snippets-v1__mathd_numbertheory_405__validation-A__seed0
snippets-v1__amc12a_2013_p8__validation-A__seed0,amc12a_2013_p8,validation,A,0,True,True,False,0.02489532,138930,58666,6391,12,4,4,3,1,0,0,0,0,4,0,experiments/output/ace_snippets_20260913/validation/configs/snippets-v1__amc12a_2013_p8__validation-A__seed0
snippets-v1__amc12_2001_p21__validation-A__seed0,amc12_2001_p21,validation,A,0,True,True,False,0.01767476,122215,66128,4279,9,9,0,0,0,0,0,0,0,0,0,experiments/output/ace_snippets_20260913/validation/configs/snippets-v1__amc12_2001_p21__validation-A__seed0
snippets-v1__mathd_numbertheory_284__validation-A__seed0,mathd_numbertheory_284,validation,A,0,True,True,False,0.0020231999999999997,9480,0,106,1,1,0,0,0,0,0,0,0,0,0,experiments/output/ace_snippets_20260913/validation/configs/snippets-v1__mathd_numbertheory_284__validation-A__seed0
snippets-v1__mathd_algebra_234__validation-A__seed0,mathd_algebra_234,validation,A,0,True,True,False,0.0021394,9461,0,206,1,1,0,0,0,0,0,0,0,0,0,experiments/output/ace_snippets_20260913/validation/configs/snippets-v1__mathd_algebra_234__validation-A__seed0
snippets-v1__algebra_others_exirrpowirrrat__validation-A__seed0,algebra_others_exirrpowirrrat,validation,A,0,False,False,False,0.036729679999999994,492658,406544,9480,30,30,0,0,0,0,0,0,0,0,0,experiments/output/ace_snippets_20260913/validation/configs/snippets-v1__algebra_others_exirrpowirrrat__validation-A__seed0
snippets-v1__mathd_algebra_327__validation-A__seed0,mathd_algebra_327,validation,A,0,True,True,False,0.0033507199999999997,31900,19096,340,3,3,0,0,0,0,0,0,0,0,0,experiments/output/ace_snippets_20260913/validation/configs/snippets-v1__mathd_algebra_327__validation-A__seed0
snippets-v1__mathd_numbertheory_64__validation-A__seed0,mathd_numbertheory_64,validation,A,0,True,True,False,0.012337,114185,80200,3280,10,10,0,0,0,0,0,0,0,0,0,experiments/output/ace_snippets_20260913/validation/configs/snippets-v1__mathd_numbertheory_64__validation-A__seed0
snippets-v1__imo_1981_p6__validation-A__seed0,imo_1981_p6,validation,A,0,True,True,False,0.007407799999999999,21121,0,2653,2,2,0,0,0,0,0,0,0,0,0,experiments/output/ace_snippets_20260913/validation/configs/snippets-v1__imo_1981_p6__validation-A__seed0
snippets-v1__mathd_numbertheory_37__validation-A__seed0,mathd_numbertheory_37,validation,A,0,False,False,False,0.02392192,377066,318236,4826,27,27,0,0,0,0,0,0,0,0,0,experiments/output/ace_snippets_20260913/validation/configs/snippets-v1__mathd_numbertheory_37__validation-A__seed0
snippets-v1__induction_prod1p1onk3le3m1onn__validation-A__seed0,induction_prod1p1onk3le3m1onn,validation,A,0,False,False,False,0.03892268,227767,96044,8881,14,14,0,0,0,0,0,0,0,0,0,experiments/output/ace_snippets_20260913/validation/configs/snippets-v1__induction_prod1p1onk3le3m1onn__validation-A__seed0
snippets-v1__imo_1984_p6__validation-A__seed0,imo_1984_p6,validation,A,0,False,False,False,0.009580179999999999,85382,53719,1811,7,7,0,0,0,0,0,0,0,0,0,experiments/output/ace_snippets_20260913/validation/configs/snippets-v1__imo_1984_p6__validation-A__seed0
snippets-v1__mathd_numbertheory_303__validation-A__seed0,mathd_numbertheory_303,validation,A,0,False,False,False,0.03740024,256675,165902,13273,18,18,0,0,0,0,0,0,0,0,0,experiments/output/ace_snippets_20260913/validation/configs/snippets-v1__mathd_numbertheory_303__validation-A__seed0
snippets-v1__amc12b_2002_p3__validation-A__seed0,amc12b_2002_p3,validation,A,0,True,True,False,0.03722606,219661,85763,7276,16,16,0,0,0,0,0,0,0,0,0,experiments/output/ace_snippets_20260913/validation/configs/snippets-v1__amc12b_2002_p3__validation-A__seed0
snippets-v1__imo_1964_p2__validation-A__seed0,imo_1964_p2,validation,A,0,True,True,False,0.04310344,252044,104592,9601,16,16,3,3,0,0,0,0,0,3,0,experiments/output/ace_snippets_20260913/validation/configs/snippets-v1__imo_1964_p2__validation-A__seed0
snippets-v1__mathd_algebra_433__validation-A__seed0,mathd_algebra_433,validation,A,0,True,True,False,0.00465314,29080,9407,442,3,3,0,0,0,0,0,0,0,0,0,experiments/output/ace_snippets_20260913/validation/configs/snippets-v1__mathd_algebra_433__validation-A__seed0
snippets-v1__amc12b_2003_p6__validation-A__seed0,amc12b_2003_p6,validation,A,0,True,True,False,0.036898400000000005,211003,81690,7835,16,16,0,0,0,0,0,0,0,0,0,experiments/output/ace_snippets_20260913/validation/configs/snippets-v1__amc12b_2003_p6__validation-A__seed0
snippets-v1__amc12b_2020_p5__validation-A__seed0,amc12b_2020_p5,validation,A,0,True,True,False,0.002274,9714,0,276,1,1,0,0,0,0,0,0,0,0,0,experiments/output/ace_snippets_20260913/validation/configs/snippets-v1__amc12b_2020_p5__validation-A__seed0
snippets-v1__amc12a_2008_p4__validation-A__seed0,amc12a_2008_p4,validation,A,0,False,False,False,0.04117386,179982,41203,10495,14,14,0,0,0,0,0,0,0,0,0,experiments/output/ace_snippets_20260913/validation/configs/snippets-v1__amc12a_2008_p4__validation-A__seed0
snippets-v1__mathd_numbertheory_530__validation-A__seed0,mathd_numbertheory_530,validation,A,0,False,False,False,0.03958372,353231,243036,10570,24,24,0,0,0,0,0,0,0,0,0,experiments/output/ace_snippets_20260913/validation/configs/snippets-v1__mathd_numbertheory_530__validation-A__seed0
snippets-v1__imo_1960_p2__validation-A__seed0,imo_1960_p2,validation,A,0,True,True,False,0.00622334,41089,20187,1366,4,4,0,0,0,0,0,0,0,0,0,experiments/output/ace_snippets_20260913/validation/configs/snippets-v1__imo_1960_p2__validation-A__seed0
snippets-v1__mathd_algebra_393__validation-A__seed0,mathd_algebra_393,validation,A,0,True,True,False,0.023170080000000003,213891,145294,5454,15,4,4,4,0,0,0,0,0,4,0,experiments/output/ace_snippets_20260913/validation/configs/snippets-v1__mathd_algebra_393__validation-A__seed0
snippets-v1__aime_1991_p9__validation-A__seed0,aime_1991_p9,validation,A,0,False,False,False,0.04057145999999999,287892,151563,8562,19,16,4,4,0,0,0,0,0,4,0,experiments/output/ace_snippets_20260913/validation/configs/snippets-v1__aime_1991_p9__validation-A__seed0
snippets-v1__amc12a_2002_p6__validation-A__seed0,amc12a_2002_p6,validation,A,0,True,True,False,0.0020488,9506,0,123,1,1,0,0,0,0,0,0,0,0,0,experiments/output/ace_snippets_20260913/validation/configs/snippets-v1__amc12a_2002_p6__validation-A__seed0
snippets-v1__amc12a_2016_p3__validation-A__seed0,amc12a_2016_p3,validation,A,0,False,False,False,0.041353720000000004,218684,70986,8662,15,15,3,3,0,0,0,0,0,3,0,experiments/output/ace_snippets_20260913/validation/configs/snippets-v1__amc12a_2016_p3__validation-A__seed0
snippets-v1__amc12_2000_p12__validation-A__seed0,amc12_2000_p12,validation,A,0,True,True,False,0.036246759999999996,143336,45138,13087,12,12,1,0,1,0,0,0,0,1,0,experiments/output/ace_snippets_20260913/validation/configs/snippets-v1__amc12_2000_p12__validation-A__seed0
snippets-v1__mathd_algebra_251__validation-A__seed0,mathd_algebra_251,validation,A,0,True,True,False,0.00295248,19464,9464,636,2,2,2,1,0,1,0,0,0,2,0,experiments/output/ace_snippets_20260913/validation/configs/snippets-v1__mathd_algebra_251__validation-A__seed0
snippets-v1__mathd_algebra_214__validation-A__seed0,mathd_algebra_214,validation,A,0,True,True,False,0.0020744,9574,0,133,1,1,0,0,0,0,0,0,0,0,0,experiments/output/ace_snippets_20260913/validation/configs/snippets-v1__mathd_algebra_214__validation-A__seed0
snippets-v1__amc12a_2019_p21__validation-A__seed0,amc12a_2019_p21,validation,A,0,False,False,False,0.04079442,341547,193081,6033,22,15,4,3,1,0,0,0,0,4,0,experiments/output/ace_snippets_20260913/validation/configs/snippets-v1__amc12a_2019_p21__validation-A__seed0
snippets-v1__aime_1989_p8__validation-A__seed0,aime_1989_p8,validation,A,0,True,True,False,0.0021546,10077,0,116,1,1,0,0,0,0,0,0,0,0,0,experiments/output/ace_snippets_20260913/validation/configs/snippets-v1__aime_1989_p8__validation-A__seed0
snippets-v1__mathd_numbertheory_33__validation-A__seed0,mathd_numbertheory_33,validation,A,0,True,True,False,0.0022234,9431,0,281,1,1,0,0,0,0,0,0,0,0,0,experiments/output/ace_snippets_20260913/validation/configs/snippets-v1__mathd_numbertheory_33__validation-A__seed0
snippets-v1__amc12a_2020_p21__validation-A__seed0,amc12a_2020_p21,validation,A,0,False,False,False,0.037183719999999996,287099,177816,9809,18,18,1,0,1,0,0,0,0,1,0,experiments/output/ace_snippets_20260913/validation/configs/snippets-v1__amc12a_2020_p21__validation-A__seed0
snippets-v1__imo_1969_p2__validation-A__seed0,imo_1969_p2,validation,A,0,False,False,False,0.03148388,588589,519584,6076,33,33,0,0,0,0,0,0,0,0,0,experiments/output/ace_snippets_20260913/validation/configs/snippets-v1__imo_1969_p2__validation-A__seed0
snippets-v1__mathd_numbertheory_461__validation-A__seed0,mathd_numbertheory_461,validation,A,0,True,True,False,0.002136,9498,0,197,1,1,0,0,0,0,0,0,0,0,0,experiments/output/ace_snippets_20260913/validation/configs/snippets-v1__mathd_numbertheory_461__validation-A__seed0
snippets-v1__aime_1984_p7__validation-A__seed0,aime_1984_p7,validation,A,0,False,False,False,0.04602964,151469,23292,16607,12,12,1,1,0,0,0,0,0,1,0,experiments/output/ace_snippets_20260913/validation/configs/snippets-v1__aime_1984_p7__validation-A__seed0
snippets-v1__mathd_numbertheory_43__validation-A__seed0,mathd_numbertheory_43,validation,A,0,False,False,False,0.03687916000000001,409187,312848,9462,27,19,4,1,0,0,2,1,0,4,0,experiments/output/ace_snippets_20260913/validation/configs/snippets-v1__mathd_numbertheory_43__validation-A__seed0
snippets-v1__mathd_algebra_190__validation-A__seed0,mathd_algebra_190,validation,A,0,True,True,False,0.0019858,9449,0,80,1,1,0,0,0,0,0,0,0,0,0,experiments/output/ace_snippets_20260913/validation/configs/snippets-v1__mathd_algebra_190__validation-A__seed0
snippets-v1__mathd_algebra_421__validation-A__seed0,mathd_algebra_421,validation,A,0,True,True,False,0.0047074,20375,0,527,2,2,2,0,1,1,0,0,0,2,0,experiments/output/ace_snippets_20260913/validation/configs/snippets-v1__mathd_algebra_421__validation-A__seed0
snippets-v1__mathd_algebra_282__validation-A__seed0,mathd_algebra_282,validation,A,0,False,False,False,0.0369175,451553,346355,7459,27,27,0,0,0,0,0,0,0,0,0,experiments/output/ace_snippets_20260913/validation/configs/snippets-v1__mathd_algebra_282__validation-A__seed0
snippets-v1__aime_1984_p1__writing-0-curator__seed0,aime_1984_p1,writing,0-curator,0,True,False,False,0.0011033999999999998,4287,0,205,1,1,0,0,0,0,0,0,0,0,0,experiments/output/ace_snippets_20260913/writing/configs/snippets-v1__aime_1984_p1__writing-0-curator__seed0
snippets-v1__amc12_2000_p1__writing-0-curator__seed0,amc12_2000_p1,writing,0-curator,0,True,False,False,0.0010513999999999999,4183,0,179,1,1,0,0,0,0,0,0,0,0,0,experiments/output/ace_snippets_20260913/writing/configs/snippets-v1__amc12_2000_p1__writing-0-curator__seed0
snippets-v1__amc12a_2020_p13__writing-0-curator__seed0,amc12a_2020_p13,writing,0-curator,0,True,False,False,0.0013326,5421,0,207,1,1,0,0,0,0,0,0,0,0,0,experiments/output/ace_snippets_20260913/writing/configs/snippets-v1__amc12a_2020_p13__writing-0-curator__seed0
snippets-v1__amc12b_2004_p3__writing-0-curator__seed0,amc12b_2004_p3,writing,0-curator,0,True,False,False,0.0009896,3682,0,211,1,1,0,0,0,0,0,0,0,0,0,experiments/output/ace_snippets_20260913/writing/configs/snippets-v1__amc12b_2004_p3__writing-0-curator__seed0
snippets-v1__aime_1984_p1__writing-0-reducer__seed0,aime_1984_p1,writing,0-reducer,0,True,False,False,0.0021966,9663,0,220,1,1,0,0,0,0,0,0,0,0,0,experiments/output/ace_snippets_20260913/writing/configs/snippets-v1__aime_1984_p1__writing-0-reducer__seed0
snippets-v1__aime_1984_p1__writing-0-reflector__seed0,aime_1984_p1,writing,0-reflector,0,True,False,False,0.008013999999999999,38798,0,212,1,1,0,0,0,0,0,0,0,0,0,experiments/output/ace_snippets_20260913/writing/configs/snippets-v1__aime_1984_p1__writing-0-reflector__seed0
snippets-v1__amc12_2000_p1__writing-0-reflector__seed0,amc12_2000_p1,writing,0-reflector,0,True,False,False,0.0042978,19413,0,346,1,1,0,0,0,0,0,0,0,0,0,experiments/output/ace_snippets_20260913/writing/configs/snippets-v1__amc12_2000_p1__writing-0-reflector__seed0
snippets-v1__amc12a_2020_p13__writing-0-reflector__seed0,amc12a_2020_p13,writing,0-reflector,0,True,False,False,0.005626999999999999,26323,0,302,1,1,0,0,0,0,0,0,0,0,0,experiments/output/ace_snippets_20260913/writing/configs/snippets-v1__amc12a_2020_p13__writing-0-reflector__seed0
snippets-v1__amc12b_2004_p3__writing-0-reflector__seed0,amc12b_2004_p3,writing,0-reflector,0,True,False,False,0.004536,20958,0,287,1,1,0,0,0,0,0,0,0,0,0,experiments/output/ace_snippets_20260913/writing/configs/snippets-v1__amc12b_2004_p3__writing-0-reflector__seed0
snippets-v1__imo_1968_p5_1__writing-1-curator__seed0,imo_1968_p5_1,writing,1-curator,0,True,False,False,0.0011324,4246,0,236,1,1,0,0,0,0,0,0,0,0,0,experiments/output/ace_snippets_20260913/writing/configs/snippets-v1__imo_1968_p5_1__writing-1-curator__seed0
snippets-v1__mathd_algebra_224__writing-1-curator__seed0,mathd_algebra_224,writing,1-curator,0,True,False,False,0.0009553999999999999,3511,0,211,1,1,0,0,0,0,0,0,0,0,0,experiments/output/ace_snippets_20260913/writing/configs/snippets-v1__mathd_algebra_224__writing-1-curator__seed0
snippets-v1__mathd_algebra_28__writing-1-curator__seed0,mathd_algebra_28,writing,1-curator,0,True,False,False,0.0008738,3097,0,212,1,1,0,0,0,0,0,0,0,0,0,experiments/output/ace_snippets_20260913/writing/configs/snippets-v1__mathd_algebra_28__writing-1-curator__seed0
snippets-v1__mathd_numbertheory_629__writing-1-curator__seed0,mathd_numbertheory_629,writing,1-curator,0,True,False,False,0.0009209999999999999,3465,0,190,1,1,0,0,0,0,0,0,0,0,0,experiments/output/ace_snippets_20260913/writing/configs/snippets-v1__mathd_numbertheory_629__writing-1-curator__seed0
snippets-v1__imo_1968_p5_1__writing-1-reducer__seed0,imo_1968_p5_1,writing,1-reducer,0,True,False,False,0.0014927999999999999,6396,0,178,1,1,0,0,0,0,0,0,0,0,0,experiments/output/ace_snippets_20260913/writing/configs/snippets-v1__imo_1968_p5_1__writing-1-reducer__seed0
snippets-v1__imo_1968_p5_1__writing-1-reflector__seed0,imo_1968_p5_1,writing,1-reflector,0,True,False,False,0.005043799999999999,23191,0,338,1,1,0,0,0,0,0,0,0,0,0,experiments/output/ace_snippets_20260913/writing/configs/snippets-v1__imo_1968_p5_1__writing-1-reflector__seed0
snippets-v1__mathd_algebra_224__writing-1-reflector__seed0,mathd_algebra_224,writing,1-reflector,0,True,False,False,0.0049006,23093,0,235,1,1,0,0,0,0,0,0,0,0,0,experiments/output/ace_snippets_20260913/writing/configs/snippets-v1__mathd_algebra_224__writing-1-reflector__seed0
snippets-v1__mathd_algebra_28__writing-1-reflector__seed0,mathd_algebra_28,writing,1-reflector,0,True,False,False,0.0014108,5440,0,269,1,1,0,0,0,0,0,0,0,0,0,experiments/output/ace_snippets_20260913/writing/configs/snippets-v1__mathd_algebra_28__writing-1-reflector__seed0
snippets-v1__mathd_numbertheory_629__writing-1-reflector__seed0,mathd_numbertheory_629,writing,1-reflector,0,True,False,False,0.0038745999999999997,17987,0,231,1,1,0,0,0,0,0,0,0,0,0,experiments/output/ace_snippets_20260913/writing/configs/snippets-v1__mathd_numbertheory_629__writing-1-reflector__seed0
