cell,request,receipt,output_limit,reserved_bound,charged,truncated,rejected
snippets-v1__mathd_algebra_323__training-A__seed0,1,51b6fe74411540ffb295768c060f55d8,32768,0.052813799999999994,0.0025322,False,False
snippets-v1__mathd_algebra_323__training-A__seed0,2,71898cc968d74aa993456ed6a411da70,32768,0.0532292,0.002349,False,False
snippets-v1__mathd_algebra_323__training-A__seed0,3,9212850eff7f42dfa7dd96e99de46646,32768,0.0540376,0.0005022399999999999,False,False
snippets-v1__amc12_2000_p1__training-A__seed0,1,53b6d2e768aa47b699609f05046bc43c,32768,0.052792399999999996,0.0026915999999999997,False,False
snippets-v1__amc12_2000_p1__training-A__seed0,2,f3580f0a229244ce9b093d93978dee8c,32768,0.053233199999999994,0.0048433999999999994,False,False
snippets-v1__amc12_2000_p1__training-A__seed0,3,4f1b0b0630c341ac8809d3c23ed25e78,32768,0.0543954,0.004814,False,False
snippets-v1__amc12_2000_p1__training-A__seed0,4,1763c7bfb8ce46b9a65923b234299d41,32768,0.0563276,0.0043136,False,False
snippets-v1__amc12_2000_p1__training-A__seed0,5,139c37b2f6a744688d41b4c3d3c49b2e,32768,0.058245,0.004774,False,False
snippets-v1__amc12_2000_p1__training-A__seed0,6,0e1cc8fbeab049e9b149590916792fd2,32768,0.060193399999999994,0.005105,False,False
snippets-v1__amc12b_2004_p3__training-A__seed0,1,db06f621ad354f2cb451802bb4eb15f8,32768,0.052728199999999996,0.0022031999999999998,False,False
snippets-v1__amc12b_2004_p3__training-A__seed0,2,5925a7474d5d444b805cc916d869138a,32768,0.0533636,0.00041986,False,False
snippets-v1__amc12b_2004_p3__training-A__seed0,3,34e9e9f87dc74a83be4e1502dbc42437,32768,0.053866199999999996,0.00033816,False,False
snippets-v1__amc12b_2004_p3__training-A__seed0,4,029bab8172dd42388f15e044575aa468,32768,0.0542656,0.00059668,False,False
snippets-v1__amc12b_2004_p3__training-A__seed0,5,ea4163f3ec914fa0bba6c08c3f1e803f,32768,0.054975399999999994,0.0003507,False,False
snippets-v1__amc12b_2004_p3__training-A__seed0,6,b0a585901be94f98ae625dcc469318bb,32768,0.05534939999999999,0.00206912,False,False
snippets-v1__amc12b_2004_p3__training-A__seed0,7,b86537e7d5ce4181ac9234a5f0e61600,32768,0.054384999999999996,0.004871199999999999,False,False
snippets-v1__amc12b_2004_p3__training-A__seed0,8,ca9d2f45642545b5b00e84e286448eeb,32768,0.055281,0.0035112,False,False
snippets-v1__amc12b_2004_p3__training-A__seed0,9,67fc202751964a40bce05ea164657cba,32768,0.056918399999999994,0.0006251799999999999,False,False
snippets-v1__amc12b_2004_p3__training-A__seed0,10,a405596798284d1a83b048ae093ebd54,32768,0.057388999999999996,0.0007570400000000001,False,False
snippets-v1__amc12b_2004_p3__training-A__seed0,11,c756b5d9b2254f35b1fc8297fcf1dd2e,32768,0.058198599999999996,0.00162156,False,False
snippets-v1__amc12b_2004_p3__training-A__seed0,12,bc57b427618c47d99eeaf9927975bf77,32768,0.056953,0.0043078,False,False
snippets-v1__amc12b_2004_p3__training-A__seed0,13,387663dee9bd4b949111cc20d4db384f,32768,0.058420599999999996,0.00541,False,False
snippets-v1__amc12b_2004_p3__training-A__seed0,14,48941250bb6f4a1e8187f3473c213dc6,32768,0.0596174,0.0048292,False,False
snippets-v1__amc12b_2004_p3__training-A__seed0,15,eb9f35af074f4c32b8e64b408160a5cd,32768,0.0613726,0.0055076,False,False
snippets-v1__amc12b_2003_p17__training-A__seed0,1,b27f9c88ffe74ffa9d58a94634ec9ed7,32768,0.0528188,0.0022142,False,False
snippets-v1__amc12b_2003_p17__training-A__seed0,2,917c75aa1dbf43d5a1539434e85f4520,32768,0.053424,0.00056784,False,False
snippets-v1__amc12b_2003_p17__training-A__seed0,3,7b55c5e7fb334c459e4df4fd11fba147,32768,0.0534396,0.002244,False,False
snippets-v1__amc12b_2003_p17__training-A__seed0,4,2bc0090a48c8417ca3f25c333645a9ee,32768,0.053905999999999996,0.00038522,False,False
snippets-v1__amc12b_2003_p17__training-A__seed0,5,e4544914f47349ebbc94b3bfdb067adb,32768,0.0543902,0.0005688,False,False
snippets-v1__amc12b_2003_p17__training-A__seed0,6,eef435e86bec485d9a2889ba4c9a33e3,32768,0.054178199999999996,0.0026396,False,False
snippets-v1__mathd_algebra_224__training-A__seed0,1,6c328c788aad4686b183b2d3beb985c8,32768,0.052846,0.0021042,False,False
snippets-v1__mathd_algebra_224__training-A__seed0,2,c875bf8422b4411bb7715be8a16b53fe,32768,0.053467799999999996,0.00055396,False,False
snippets-v1__mathd_algebra_224__training-A__seed0,3,2d2473e699fe4796bb906a49e21a4326,32768,0.0549206,0.0006237399999999999,False,False
snippets-v1__mathd_algebra_224__training-A__seed0,4,85a32922f8984d689eee8048d3119ca9,32768,0.055565199999999995,0.0005579599999999999,False,False
snippets-v1__mathd_algebra_224__training-A__seed0,5,a82cc8edb42642cf840bcc03251ed478,32768,0.0561788,0.0019015999999999998,False,False
snippets-v1__mathd_algebra_224__training-A__seed0,6,d9537f4b5f34404ab8a3d903cdc2b0eb,32768,0.055545399999999995,0.00355194,False,False
snippets-v1__mathd_algebra_224__training-A__seed0,7,0d1dde4c72074a8988e0b7997051529f,32768,0.0567328,0.0033369999999999997,False,False
snippets-v1__mathd_algebra_224__training-A__seed0,8,67664a97641442a280e53e3bf8b61fbd,32768,0.0570528,0.0020792999999999996,False,False
snippets-v1__mathd_algebra_224__training-A__seed0,9,bb30b3cc856f4338923f0904f9818f9a,32768,0.0575018,0.00038157999999999996,False,False
snippets-v1__mathd_algebra_224__training-A__seed0,10,acb56efd239b4d62ac7b3d28100fe8db,32768,0.057894799999999996,0.0012454,False,False
snippets-v1__mathd_algebra_224__training-A__seed0,11,98053a26711c4126a9a735b1dd1c8879,32768,0.05831019999999999,0.0034538,False,False
snippets-v1__mathd_algebra_224__training-A__seed0,12,b8141e07303942978cac347a5e0a58b0,32768,0.058893799999999996,0.00137648,False,False
snippets-v1__mathd_algebra_224__training-A__seed0,13,463172de1b4d450a9ac7829cb530bdae,32768,0.059542199999999997,0.0049884,False,False
snippets-v1__mathd_algebra_224__training-A__seed0,14,34fd7a85e2604c9fb67c5a313288edbf,32768,0.061751,0.0018260999999999998,False,False
snippets-v1__mathd_algebra_224__training-A__seed0,15,67d937ff3c9746dca9c1c52138446062,32768,0.0616194,0.00434,False,False
snippets-v1__mathd_algebra_224__training-A__seed0,16,a42409197b2e4a5ea5b51ef94c79adab,32768,0.0625806,0.00212102,False,False
snippets-v1__mathd_algebra_224__training-A__seed0,17,eb4f8ab6cdd34c669742ab1b44e53343,32768,0.0635308,0.0049524,False,False
snippets-v1__aime_1988_p3__training-A__seed0,1,732a742e8d504dc3991d9209a36817fe,32768,0.0528932,0.0024208,False,False
snippets-v1__aime_1988_p3__training-A__seed0,2,4d0b494903314132becad167423d15d0,32768,0.054279799999999996,0.0006439,False,False
snippets-v1__aime_1988_p3__training-A__seed0,3,9908314070d3482c8516d1f8020c4f17,32768,0.0548844,0.0004953,False,False
snippets-v1__aime_1988_p3__training-A__seed0,4,5532af332d954be2ab3c955b9b74a1aa,32768,0.055521,0.00059238,False,False
snippets-v1__aime_1988_p3__training-A__seed0,5,3a05c167a676460eb3aeaaa5569232c5,32768,0.0562618,0.00138194,False,False
snippets-v1__aime_1988_p3__training-A__seed0,6,f00ea5e2e30d468b96e159eb0b6e617f,32768,0.0554492,0.0043542,False,False
snippets-v1__aime_1988_p3__training-A__seed0,7,d9ca94912bf74726acbca81a29c97899,32768,0.0561388,0.00283508,False,False
snippets-v1__aime_1988_p3__training-A__seed0,8,5b79106b12e84cb09fca0a264d4dae37,32768,0.05677259999999999,0.0038615999999999998,False,False
snippets-v1__aime_1988_p3__training-A__seed0,9,c391b28f14c84d0681b78807b08eab61,32768,0.057378,0.0041014,False,False
snippets-v1__aime_1988_p3__training-A__seed0,10,503d15e521ea48c38c28f6b8add03536,32768,0.0586016,0.001445,False,False
snippets-v1__aime_1988_p3__training-A__seed0,11,90bc0c065bc64c0bb5a346f9e4da757e,32768,0.0586972,0.0045822,False,False
snippets-v1__aime_1988_p3__training-A__seed0,12,fde89afe2aff4af0915ebb4e087871c6,32768,0.059519,0.0045784,False,False
snippets-v1__aime_1988_p3__training-A__seed0,13,a1f04722218a4052b95cdd7f177e23b9,32768,0.06028119999999999,0.004044,False,False
snippets-v1__aime_1988_p3__training-A__seed0,14,d39ac4b7caab437b944b64a01c3365dc,32768,0.0606704,0.00048938,False,False
snippets-v1__aime_1988_p3__training-A__seed0,15,d23b3c9289a649fd9530f598ef19a309,32768,0.0610368,0.00052688,False,False
snippets-v1__aime_1988_p3__training-A__seed0,16,6b741fbf03b240c0ace38583e1f4bae9,32768,0.061526199999999996,0.00120398,False,False
snippets-v1__aime_1988_p3__training-A__seed0,17,84b6a4502390423b9ebe2d1d772e5e7e,32768,0.0613394,0.0053176000000000005,False,False
snippets-v1__mathd_algebra_28__training-A__seed0,1,2fbb6552943043d09e637db46d2fdf05,32768,0.0520958,0.0022738,False,False
snippets-v1__mathd_algebra_28__training-A__seed0,2,29c42e0acb0f4ff5a71d393404725ff2,32768,0.0526672,0.0021332,False,False
snippets-v1__mathd_algebra_28__training-A__seed0,3,e2ea97d394e94f548a9f015dbe8580f1,32768,0.053401,0.00059618,False,False
snippets-v1__mathd_algebra_28__training-A__seed0,4,772b1b17f9db421bb0d3f7dd734855d2,32768,0.053280999999999995,0.0022862,False,False
snippets-v1__aime_1988_p8__training-A__seed0,1,d3d2ddd5892f42ff829fb410e49c2f56,32768,0.0530934,0.0036115999999999995,False,False
snippets-v1__aime_1988_p8__training-A__seed0,2,6f7f4042576a4d879fc881884cbd02c9,32768,0.0538424,0.0031986000000000002,False,False
snippets-v1__aime_1988_p8__training-A__seed0,3,689a4f4173c44f8e98c30bf604eb5940,32768,0.0550834,0.0009495199999999999,False,False
snippets-v1__aime_1988_p8__training-A__seed0,4,2dc31e2f867c495487f232ec9d42960b,32768,0.0556362,0.0036588,False,False
snippets-v1__aime_1988_p8__training-A__seed0,5,99596372881141aba0d6625dd442ba5f,32768,0.0565592,0.0041589999999999995,False,False
snippets-v1__amc12b_2002_p11__training-A__seed0,1,6509bbfb2d614e5a8cf9b82312b523e5,32768,0.052879999999999996,0.0021885999999999997,False,False
snippets-v1__amc12b_2002_p11__training-A__seed0,2,eb069a46a51c4f6a8968dab3996f45ff,32768,0.0551932,0.00115644,False,False
snippets-v1__amc12b_2002_p11__training-A__seed0,3,ed4c306526574ae0912b6ec1db8cd985,32768,0.055802199999999996,0.0009392000000000001,False,False
snippets-v1__amc12b_2002_p11__training-A__seed0,4,1a06ed03343b4949b2bd4f970334a8f8,32768,0.0575894,0.0012696399999999998,False,False
snippets-v1__amc12b_2002_p11__training-A__seed0,5,ecc6a5f1e8d543a58e0a53e6701b0afe,32768,0.0583726,0.00049146,False,False
snippets-v1__amc12b_2002_p11__training-A__seed0,6,f21642714e6b4e5e87ca3661d319fe64,32768,0.0587756,0.00045756000000000003,False,False
snippets-v1__amc12b_2002_p11__training-A__seed0,7,df5ae83d50ea46ac9a16fbbe2603310f,32768,0.0592302,0.00054814,False,False
snippets-v1__amc12b_2002_p11__training-A__seed0,8,8e20f3722ec742358a646efa4cac7d7b,32768,0.059700199999999995,0.0012763599999999998,False,False
snippets-v1__amc12b_2002_p11__training-A__seed0,9,56ddaa9dac064c3293beeda31a06f946,32768,0.0611048,0.00095348,False,False
snippets-v1__amc12b_2002_p11__training-A__seed0,10,9d4e5fc190c04a0885cabff3bc228d88,32768,0.061810199999999996,0.0007223399999999999,False,False
snippets-v1__amc12b_2002_p11__training-A__seed0,11,6269c62c2d864ac48ea765b83b92528a,32768,0.062340999999999994,0.00053388,False,False
snippets-v1__amc12b_2002_p11__training-A__seed0,12,9091865e69294e4897e8ee6e77941822,32768,0.0627464,0.00070266,False,False
snippets-v1__amc12b_2002_p11__training-A__seed0,13,9c9c7fec40694f9a8d930f0b77f2b141,32768,0.0635246,0.00062754,False,False
snippets-v1__amc12b_2002_p11__training-A__seed0,14,dfbb60dbcebb4c9f95b2625ab00d5376,32768,0.0638942,0.0005340400000000001,False,False
snippets-v1__amc12b_2002_p11__training-A__seed0,15,d94e494cd0ca42c5b61a145bdd448ea9,32768,0.0643256,0.0006796,False,False
snippets-v1__amc12b_2002_p11__training-A__seed0,16,1adeab15037a4963926b0a3687c77bf8,32768,0.0649134,0.00070692,False,False
snippets-v1__amc12b_2002_p11__training-A__seed0,17,3ffe562186ba4a5d91acbcc331d149e3,32768,0.0659478,0.00224128,False,False
snippets-v1__amc12b_2002_p11__training-A__seed0,18,0600bb15ca3a4dd0bce8560259e508f8,32768,0.060617599999999994,0.0056327999999999994,False,False
snippets-v1__amc12b_2002_p11__training-A__seed0,19,31301bb26c8848fbab359b305340e199,32768,0.0626062,0.00084898,False,False
snippets-v1__amc12b_2002_p11__training-A__seed0,20,53de1218c6f741feb56c744da3b24fc1,32768,0.06310879999999999,0.00309634,False,False
snippets-v1__amc12b_2002_p11__training-A__seed0,21,3bece874f31f4a909ebb7278fab80e23,32768,0.0632244,0.0070913999999999994,False,False
snippets-v1__amc12b_2002_p11__training-A__seed0,22,99561df9586641cf9b8afea51b9e7442,32768,0.064998,0.0077912,False,False
snippets-v1__mathd_numbertheory_629__training-A__seed0,1,d3ef20673ca24008a27867c0902e1198,32768,0.0529604,0.0038404,False,False
snippets-v1__mathd_numbertheory_629__training-A__seed0,2,1d97590de1954998add723eb55e6c537,32768,0.0535616,0.0026799999999999997,False,False
snippets-v1__mathd_numbertheory_629__training-A__seed0,3,a82cabf754524fea8315098ac8a24fd8,32768,0.0545646,0.00077366,False,False
snippets-v1__mathd_numbertheory_629__training-A__seed0,4,3b23690241ff48b4a410f12c92c2ac06,32768,0.0553858,0.0010100999999999999,False,False
snippets-v1__mathd_numbertheory_629__training-A__seed0,5,8d369d881d8e445eb0e9a0b3b451ce4a,32768,0.054523999999999996,0.003534,False,False
snippets-v1__mathd_numbertheory_629__training-A__seed0,6,58d7abcba5ea4a4d80393621009b2eed,32768,0.055396,0.0041832,False,False
snippets-v1__mathd_numbertheory_629__training-A__seed0,7,07ff4ee294804374b9e363a850deb5ca,32768,0.05628999999999999,0.00335698,False,False
snippets-v1__mathd_numbertheory_629__training-A__seed0,8,6217b2004bd94e08b3643d988de3362f,32768,0.0586316,0.0015155400000000001,False,False
snippets-v1__mathd_numbertheory_629__training-A__seed0,9,a35de8acd9c64f2c89a7a44a62cd30e5,32768,0.057909199999999994,0.004268,False,False
snippets-v1__mathd_numbertheory_629__training-A__seed0,10,73bb7634445c4e04af182d7f3284e327,32768,0.0585146,0.0040816,False,False
snippets-v1__mathd_numbertheory_629__training-A__seed0,11,e721f79c7eb94f20b0fc4e4391251480,32768,0.0590816,0.00474,False,False
snippets-v1__mathd_numbertheory_629__training-A__seed0,12,935fcb4eba9048e697390b83f6be4382,32768,0.0614918,0.0011491,False,False
snippets-v1__mathd_numbertheory_629__training-A__seed0,13,8a80302786aa462e999273ca1a75e2f6,32768,0.0598564,0.00376776,False,False
snippets-v1__mathd_numbertheory_629__training-A__seed0,14,5e61bb57dc29452aaba3db666d785bdd,32768,0.060348399999999996,0.00364196,False,False
snippets-v1__induction_pord1p1on2powklt5on2__training-A__seed0,1,637f071fc52b4f2cb501141c621f06ca,32768,0.052941199999999994,0.0027174,False,False
snippets-v1__induction_pord1p1on2powklt5on2__training-A__seed0,2,1a1cecd59b51410ebfccb06e74b22586,32768,0.053940999999999996,0.00270028,False,False
snippets-v1__induction_pord1p1on2powklt5on2__training-A__seed0,3,e93d751498be4d4388357160b30f43d7,32768,0.0542222,0.0024966,False,False
snippets-v1__induction_pord1p1on2powklt5on2__training-A__seed0,4,3fe4547aeb8e4e74ada61f9e36cb2952,32768,0.054504399999999995,0.0040766,False,False
snippets-v1__induction_pord1p1on2powklt5on2__training-A__seed0,5,cf674cf73c5648949dabe3c202c488e0,32768,0.0553496,0.0032386,False,False
snippets-v1__induction_pord1p1on2powklt5on2__training-A__seed0,6,4e8d510828884976834956a8a241a022,32768,0.056171799999999994,0.003548,False,False
snippets-v1__induction_pord1p1on2powklt5on2__training-A__seed0,7,b8780d15d021440d9cf5355d73329dde,32768,0.056825799999999996,0.0022968199999999998,False,False
snippets-v1__induction_pord1p1on2powklt5on2__training-A__seed0,8,52568ff2a36a4588973faf0522c5fe25,32768,0.0576326,0.0006905,False,False
snippets-v1__induction_pord1p1on2powklt5on2__training-A__seed0,9,de31f3a42756409ba47b72dff5445289,32768,0.057676599999999995,0.0046906,False,False
snippets-v1__induction_pord1p1on2powklt5on2__training-A__seed0,10,d5ce6498f0ec470895280018a5a0ffce,32768,0.05865719999999999,0.004715,False,False
snippets-v1__induction_pord1p1on2powklt5on2__training-A__seed0,11,1011f57d278240089154595295876feb,32768,0.05959199999999999,0.0047354,False,False
snippets-v1__induction_pord1p1on2powklt5on2__training-A__seed0,12,7a5bd69960054c9b92d9765e69285e6a,32768,0.060697,0.0049764,False,False
snippets-v1__imo_1983_p6__training-A__seed0,1,fe3c5fc13db84692ab40b1edbc9fb06f,32768,0.052832199999999996,0.0020934,False,False
snippets-v1__imo_1983_p6__training-A__seed0,2,8dc386d61d3a4a8e8dc887f507643f37,32768,0.0540752,0.0014234,False,False
snippets-v1__imo_1983_p6__training-A__seed0,3,6fa87283d13f44bc8c561a9feb8534fe,32768,0.054164,0.0044714,False,False
snippets-v1__imo_1983_p6__training-A__seed0,4,68955a6d54df469db3d8454503c9979b,32768,0.054925999999999996,0.003244,False,False
snippets-v1__imo_1983_p6__training-A__seed0,5,02820d01ce4e4303b53920270d6cb2b2,32768,0.0558312,0.0010241,False,False
snippets-v1__imo_1983_p6__training-A__seed0,6,b3151ac0c9f2499192700201b1848b10,32768,0.0562134,0.0033146,False,False
snippets-v1__imo_1983_p6__training-A__seed0,7,5ad609b447ff445c8bf48242ba41d2df,32768,0.0570784,0.00074924,False,False
snippets-v1__imo_1983_p6__training-A__seed0,8,5c2826e27ba94ad3841ae83c46887965,32768,0.0570286,0.003883,False,False
snippets-v1__imo_1983_p6__training-A__seed0,9,5087ac2d8bdc4a848e98d527daf2bb73,32768,0.057834399999999994,0.003887,False,False
snippets-v1__imo_1983_p6__training-A__seed0,10,b8aa96cbd9ae48a18ee8c718ea000d5f,32768,0.05842359999999999,0.00106752,False,False
snippets-v1__imo_1983_p6__training-A__seed0,11,08b2713d92f7430e911b21019ad3ac48,32768,0.059339199999999995,0.00124398,False,False
snippets-v1__imo_1983_p6__training-A__seed0,12,3d7b986fa56e440db92c7043aec9d486,32768,0.06033619999999999,0.0012733599999999999,False,False
snippets-v1__imo_1983_p6__training-A__seed0,13,fbdf8dd38c5b423cb6f7841279e11062,32768,0.059663999999999995,0.00423722,False,False
snippets-v1__aime_1984_p1__training-A__seed0,1,ce55c8cabe9048ef90daf2915b7368d5,32768,0.0528576,0.0024875999999999995,False,False
snippets-v1__aime_1984_p1__training-A__seed0,2,4f3bdf57daaa4d7c97e6d4357645e8b4,32768,0.054315999999999996,0.00050502,False,False
snippets-v1__aime_1984_p1__training-A__seed0,3,950b79483018470c8d495748faff93fd,32768,0.054430599999999996,0.0009916999999999999,False,False
snippets-v1__aime_1984_p1__training-A__seed0,4,18b07b789d6a4f949a0431da530e3a30,32768,0.055656399999999995,0.00139024,False,False
snippets-v1__aime_1984_p1__training-A__seed0,5,25345a0d7b50452ba0ae468f15f0908e,32768,0.0571504,0.00082502,False,False
snippets-v1__aime_1984_p1__training-A__seed0,6,16ff2d7899e04f9aac017a9c77a648d2,32768,0.057835,0.00064988,False,False
snippets-v1__aime_1984_p1__training-A__seed0,7,818c8648983845beb2a8fb15b5853f20,32768,0.05539379999999999,0.0029427999999999998,False,False
snippets-v1__aime_1984_p1__training-A__seed0,8,07825704d7db44c1a80ac0194a6f347f,32768,0.05595699999999999,0.0030865999999999997,False,False
snippets-v1__aime_1984_p1__training-A__seed0,9,62007dba7ffb4993b85f2994713f8da5,32768,0.0560916,0.0035399999999999997,False,False
snippets-v1__aime_1984_p1__training-A__seed0,10,affa5d799add4612b7e7eff85ea51935,32768,0.0568466,0.0044092,False,False
snippets-v1__aime_1984_p1__training-A__seed0,11,5966468c98d44bd5a51eea1b6cf49b11,32768,0.0584046,0.0015915399999999998,False,False
snippets-v1__aime_1984_p1__training-A__seed0,12,08df2df9b40e4886a745ead6064405b7,32768,0.0602558,0.0015025,False,False
snippets-v1__aime_1984_p1__training-A__seed0,13,edc41f5cc481493fba1767cbbafa63db,32768,0.0586112,0.00350522,False,False
snippets-v1__aime_1984_p1__training-A__seed0,14,127a81db965f4367863ac34f1582c998,32768,0.059507599999999994,0.0061674,False,False
snippets-v1__aime_1984_p1__training-A__seed0,15,1709b1f33483480f91c25b7bc921f324,32768,0.0605548,0.0087104,False,False
snippets-v1__amc12a_2002_p13__training-A__seed0,1,199199fb640b42d5a97d50d43907ec26,32768,0.0528692,0.0022136,False,False
snippets-v1__amc12a_2002_p13__training-A__seed0,2,31146eb3aaeb4e5287d6b4bb8cee87d3,32768,0.053519,0.0020176599999999997,False,False
snippets-v1__amc12a_2002_p13__training-A__seed0,3,d1255d8246fc4335960cafb5bc0b5905,32768,0.0541438,0.0047676,False,False
snippets-v1__amc12a_2002_p13__training-A__seed0,4,1a5ae5aeca6a41cfa11fe7ebbee040eb,32768,0.0559536,0.0042574,False,False
snippets-v1__amc12a_2002_p13__training-A__seed0,5,b04b4652ff684cf1ba5565b32dac134a,32768,0.057650999999999994,0.004652999999999999,False,False
snippets-v1__amc12a_2002_p13__training-A__seed0,6,af11cf4b13284af0915f38a0e7e8368f,32768,0.058902399999999994,0.004009459999999999,False,False
snippets-v1__mathd_numbertheory_42__training-A__seed0,1,4f3287ab645940c2ae990d9ce1ae7675,32768,0.052858199999999994,0.0021319999999999998,False,False
snippets-v1__mathd_numbertheory_42__training-A__seed0,2,fbbeab6a49964e91ac53e9b752006d92,32768,0.0531612,0.002187,False,False
snippets-v1__mathd_numbertheory_42__training-A__seed0,3,32d3dc36d70049e8b81338b74d9de23f,32768,0.053439,0.0012785399999999999,False,False
snippets-v1__mathd_numbertheory_42__training-A__seed0,4,93243b1120424f56b57a25dc00d1dec1,32768,0.053909399999999996,0.00052224,False,False
snippets-v1__imo_1968_p5_1__training-A__seed0,1,6b34bd8ab74b46f4add3786872fc2597,32768,0.052805399999999995,0.0021292,False,False
snippets-v1__imo_1968_p5_1__training-A__seed0,2,9ba96b21a29644109a98f38d8db0e22c,32768,0.053313,0.00035822,False,False
snippets-v1__imo_1968_p5_1__training-A__seed0,3,ae3fc1ab15fe4d039dd7109c6cd8ae98,32768,0.0538858,0.0011825199999999998,False,False
snippets-v1__imo_1968_p5_1__training-A__seed0,4,1305455b6a5e4fb8afb94dfa5fc3d97a,32768,0.0554086,0.0018808599999999998,False,False
snippets-v1__imo_1968_p5_1__training-A__seed0,5,bfa3d4e06a674bd694aedeab5be3400a,32768,0.05465,0.0025813999999999998,False,False
snippets-v1__imo_1968_p5_1__training-A__seed0,6,f3e4cecac8244a4aace9a80fecf65ab4,32768,0.0553188,0.00125676,False,False
snippets-v1__imo_1968_p5_1__training-A__seed0,7,1aee2d3c178b478db0026d0329e0eae6,32768,0.0559418,0.0041324,False,False
snippets-v1__imo_1968_p5_1__training-A__seed0,8,2bef30144cd94d3198475b28c302b711,32768,0.056769799999999995,0.0030929399999999998,False,False
snippets-v1__imo_1968_p5_1__training-A__seed0,9,98349f253f5e4f9db50ace566ffa2925,32768,0.057778399999999994,0.004541,False,False
snippets-v1__imo_1968_p5_1__training-A__seed0,10,afcec0dde2a94bfdb4750290d8043205,32768,0.0593048,0.000974,False,False
snippets-v1__imo_1968_p5_1__training-A__seed0,11,a3eb089350e9430eade02dbb0a3dc331,32768,0.0601846,0.0015121,False,False
snippets-v1__imo_1968_p5_1__training-A__seed0,12,28c60b2996c54c7981f69f6e4d0459a2,32768,0.060096,0.0049276,False,False
snippets-v1__imo_1968_p5_1__training-A__seed0,13,837c9f05c2dc45b19e00e1ea2343de23,32768,0.0611896,0.005513199999999999,False,False
snippets-v1__imo_1963_p5__training-A__seed0,1,d30fc47af51a466ab66d29e4f03341f9,32768,0.0527968,0.002141,False,False
snippets-v1__imo_1963_p5__training-A__seed0,2,36cb8b37da164081a247ad27b9ec53b2,32768,0.0535454,0.0007937599999999999,False,False
snippets-v1__imo_1963_p5__training-A__seed0,3,b0962f3a5d9f407390c0f5d850285f2e,32768,0.054451,0.00041424,False,False
snippets-v1__imo_1963_p5__training-A__seed0,4,e89a7ab6335844b2830c5a7b56058c78,32768,0.054830199999999996,0.0007199999999999999,False,False
snippets-v1__imo_1963_p5__training-A__seed0,5,ca10e0edc65240de9186e2ba9235acc6,32768,0.0555586,0.0019551,False,False
snippets-v1__imo_1963_p5__training-A__seed0,6,b45246ac8e764c3ab0cadf41613730f7,32768,0.0545842,0.0015629600000000002,False,False
snippets-v1__imo_1963_p5__training-A__seed0,7,a9cb1375055a4f9a85342bc95bec0ab5,32768,0.05511099999999999,0.00142354,False,False
snippets-v1__imo_1963_p5__training-A__seed0,8,5142b92560614f73b20e9f7fe9031461,32768,0.056357,0.00111688,False,False
snippets-v1__imo_1963_p5__training-A__seed0,9,ca8840f8e25643d3beba9360d083d8d7,32768,0.055862999999999996,0.0037366,False,False
snippets-v1__imo_1963_p5__training-A__seed0,10,5ab0186a4ba24c9ba75125a8057b18eb,32768,0.056939199999999995,0.004288999999999999,False,False
snippets-v1__imo_1963_p5__training-A__seed0,11,ea53db6315a542c0b0a5b7d8d01a024e,32768,0.058003799999999994,0.0034088,False,False
snippets-v1__imo_1963_p5__training-A__seed0,12,60134ddb6c72423cab4b670560130148,32768,0.058448,0.00041162,False,False
snippets-v1__imo_1963_p5__training-A__seed0,13,681f84f2737f4cb98045c3adb4d80082,32768,0.058854199999999995,0.00042066,False,False
snippets-v1__imo_1963_p5__training-A__seed0,14,c6e8e3cc7a4d4cb2a2da894e8e8a0e35,32768,0.05899,0.00050648,False,False
snippets-v1__imo_1963_p5__training-A__seed0,15,f337c95b7beb41709651b45bee9e5dde,32768,0.0594614,0.00048550000000000004,False,False
snippets-v1__imo_1963_p5__training-A__seed0,16,c2d02731ee0944ee935ffd0502a1b75d,32768,0.0599158,0.0012557,False,False
snippets-v1__imo_1963_p5__training-A__seed0,17,2d8e6e017fc54436ace29ff896d3ac43,32768,0.061119999999999994,0.0013021399999999998,False,False
snippets-v1__imo_1963_p5__training-A__seed0,18,1a91849a430042b796978e37479e93fd,32768,0.060444399999999995,0.0056222,False,False
snippets-v1__imo_1963_p5__training-A__seed0,19,d0f7a288b5c84aba8bbee29dcf9940c4,32768,0.0616622,0.0056381999999999995,False,False
snippets-v1__imo_1963_p5__training-A__seed0,20,045ca213144d4f27a96e4a5eb43390a1,32768,0.0626218,0.00461752,False,False
snippets-v1__amc12a_2020_p13__training-A__seed0,1,250501fad6ae47a39581ae3b858a261e,32768,0.052914199999999995,0.002196,False,False
snippets-v1__amc12a_2020_p13__training-A__seed0,2,e37a51a5151142c894eef64c3aea8a7c,32768,0.054249599999999995,0.00060878,False,False
snippets-v1__amc12a_2020_p13__training-A__seed0,3,1e49eb2a321947b5aa44553683e897da,32768,0.0547432,0.00079488,False,False
snippets-v1__amc12a_2020_p13__training-A__seed0,4,71b8d22cd5164a9daf9e5b3ad1a9ff57,32768,0.055652599999999997,0.00048064,False,False
snippets-v1__amc12a_2020_p13__training-A__seed0,5,22317286113c4989a269d9e30ebfa339,32768,0.056077999999999996,0.00092138,False,False
snippets-v1__amc12a_2020_p13__training-A__seed0,6,822aa115062f4646977c42dc00b23834,32768,0.0571198,0.0005637600000000001,False,False
snippets-v1__amc12a_2020_p13__training-A__seed0,7,a707471669314d69a9a2470b673d5802,32768,0.0575644,0.00098198,False,False
snippets-v1__amc12a_2020_p13__training-A__seed0,8,e6c8461f6c864dd5babd8d921fed00db,32768,0.058715199999999995,0.00056696,False,False
snippets-v1__amc12a_2020_p13__training-A__seed0,9,edccc1df38654a1297b58d96127b7ee5,32768,0.0591222,0.00043488,False,False
snippets-v1__amc12a_2020_p13__training-A__seed0,10,7b8c34763a3e4820a39958caf093fc92,32768,0.0595314,0.00089224,False,False
snippets-v1__amc12a_2020_p13__training-A__seed0,11,66c6e0a6a9d74c9c8fbbdb6623dd86d7,32768,0.060423199999999996,0.00091762,False,False
snippets-v1__amc12a_2020_p13__training-A__seed0,12,485b4bcc41b44ba0a4b944d3c02d7370,32768,0.0612356,0.00157048,False,False
snippets-v1__amc12a_2020_p13__training-A__seed0,13,581a9efbbfc048a79bb14d05ccea035e,32768,0.058297,0.005495399999999999,False,False
snippets-v1__amc12a_2020_p13__training-A__seed0,14,cc0499a6ccf54b6281918605b6857fad,32768,0.05974,0.006252199999999999,False,False
snippets-v1__amc12a_2020_p13__training-A__seed0,15,35217558b10849db838e1e72217d8ea0,32768,0.0614396,0.0063208,False,False
snippets-v1__amc12a_2020_p13__training-A__seed0,16,9c43bb6c99d54f3398f718efd81b3381,32768,0.0628998,0.0065699999999999995,False,False
snippets-v1__amc12a_2017_p7__training-A__seed0,1,75e9bb677de545febcab262e4e2269cf,32768,0.052903399999999996,0.0026322,False,False
snippets-v1__amc12a_2017_p7__training-A__seed0,2,e937bee09cd341e3a596ffebbb909605,32768,0.0543248,0.00062784,False,False
snippets-v1__amc12a_2017_p7__training-A__seed0,3,4ce170cf976246479c8e883a27ba4c77,32768,0.054806999999999995,0.00043084,False,False
snippets-v1__amc12a_2017_p7__training-A__seed0,4,7ee972db083e4404bddd1983b4587aa2,32768,0.05597339999999999,0.00169082,False,False
snippets-v1__amc12a_2017_p7__training-A__seed0,5,08055e6b44bd4e8fba9d671186a19809,32768,0.05540779999999999,0.0035568,False,False
snippets-v1__amc12a_2017_p7__training-A__seed0,6,3daae55c503846aab2a8486c4edcd108,32768,0.0561676,0.0035789999999999997,False,False
snippets-v1__amc12a_2017_p7__training-A__seed0,7,906250d8e1044a73b446150f127e34bd,32768,0.057002199999999996,0.0042804,False,False
snippets-v1__amc12a_2017_p7__training-A__seed0,8,b35bef2ee2814d128dea86b3ed5768ba,32768,0.0579892,0.0047274,False,False
snippets-v1__amc12a_2017_p7__training-A__seed0,9,6cd1a251d8a045ebb53198b1c46ddf8c,32768,0.05902879999999999,0.0047602,False,False
snippets-v1__amc12a_2017_p7__training-A__seed0,10,90e2a26d54bb46d988605397f5a130f2,32768,0.0601658,0.0046968,False,False
snippets-v1__amc12a_2017_p7__training-A__seed0,11,5d8438f938ef4bc1a06de89c1ca50ece,32768,0.0613096,0.0047326,False,False
snippets-v1__amc12a_2017_p7__training-A__seed0,12,fc6036e17816488085d850dc242619d2,32768,0.061999,0.00053808,False,False
snippets-v1__amc12a_2017_p7__training-A__seed0,13,452952ac22ab416faa35f216da94570e,32768,0.0628446,0.0017293999999999999,False,False
snippets-v1__aime_1990_p4__training-A__seed0,1,1bc20e677e274c1cba3bb841459c3279,32768,0.0528414,0.0024526,False,False
snippets-v1__aime_1990_p4__training-A__seed0,2,5c15e9df17a343ab8112e34dafdf6132,32768,0.053755199999999996,0.000473,False,False
snippets-v1__aime_1990_p4__training-A__seed0,3,d28d099599674fbb92fce74f0c15d160,32768,0.053508799999999995,0.0028368,False,False
snippets-v1__aime_1990_p4__training-A__seed0,4,6ad8a5e4c3304e39820e30c277a1c952,32768,0.054043999999999995,0.0025862,False,False
snippets-v1__aime_1990_p4__training-A__seed0,5,5167d00a0c844f67bea41a960cdd20b4,32768,0.054669999999999996,0.00035072,False,False
snippets-v1__aime_1990_p4__training-A__seed0,6,5443720882be48f99d42cfbc6a4d38e5,32768,0.055038199999999995,0.0011102199999999999,False,False
snippets-v1__aime_1990_p4__training-A__seed0,7,599e142fd0c445149fa951f1ce220fe3,32768,0.0565272,0.00063722,False,False
snippets-v1__aime_1990_p4__training-A__seed0,8,11b626b4b8a84862959a4c9497b617dd,32768,0.0546694,0.0034541999999999997,False,False
snippets-v1__aime_1990_p4__training-A__seed0,9,df23d45979b04521b5a012ffb72fa1ee,32768,0.055245999999999996,0.0040772,False,False
snippets-v1__aime_1990_p4__training-A__seed0,10,8bfc0453ef08442fae6e4d8b462874fc,32768,0.055929999999999994,0.0032665999999999997,False,False
snippets-v1__aime_1991_p6__validation-A__seed0,1,2f8a01f3af334954b60a6150227ee80d,32768,0.053027,0.0021568,False,False
snippets-v1__aime_1991_p6__validation-A__seed0,2,f2690b7afb464b2cba4538c414b583e1,32768,0.054322999999999996,0.0006071799999999999,False,False
snippets-v1__aime_1991_p6__validation-A__seed0,3,8a73fea0b3ff4c2aa66db3409da0b209,32768,0.0549626,0.00047735999999999997,False,False
snippets-v1__aime_1991_p6__validation-A__seed0,4,026d50e06c044724ad0a1eae3a306b54,32768,0.055890999999999996,0.00063486,False,False
snippets-v1__aime_1991_p6__validation-A__seed0,5,aeae491426214947bce7e324bc246675,32768,0.0564244,0.00080802,False,False
snippets-v1__aime_1991_p6__validation-A__seed0,6,09238127c94c4cda8361e570f776dcc6,32768,0.056044399999999994,0.0062536,False,False
snippets-v1__aime_1991_p6__validation-A__seed0,7,1cffaca6b17f475bb49f17232535b93f,32768,0.059257599999999994,0.0043526,False,False
snippets-v1__aime_1991_p6__validation-A__seed0,8,aa291e8114404e4db3dc14f8153b9660,32768,0.0615318,0.0018132399999999998,False,False
snippets-v1__aime_1991_p6__validation-A__seed0,9,d0937184ee564375b4601368f12c1cc9,32768,0.0641412,0.0024023200000000003,False,False
snippets-v1__aime_1991_p6__validation-A__seed0,10,94ecd71df81f4203b1b578e5f0bdf702,32768,0.067278,0.00283468,False,False
snippets-v1__aime_1991_p6__validation-A__seed0,11,afe21f9bc18e41d48631406bda0714e9,32768,0.0668048,0.007736799999999999,False,False
snippets-v1__aime_1991_p6__validation-A__seed0,12,b38005ef60df47ffa37a0ae50da74b71,32768,0.0684362,0.005421539999999999,False,False
snippets-v1__mathd_numbertheory_405__validation-A__seed0,1,fac17d2a0356410e8b37c13ffe7d75fe,32768,0.052968,0.0045444000000000005,False,False
snippets-v1__mathd_numbertheory_405__validation-A__seed0,2,1c46513cf9574f038af8cce0608edadc,32768,0.054354799999999995,0.004837599999999999,False,False
snippets-v1__mathd_numbertheory_405__validation-A__seed0,3,2618c8f43b3940d5aa75756f4da36f41,32768,0.057090999999999996,0.0056072,False,False
snippets-v1__mathd_numbertheory_405__validation-A__seed0,4,da1fc46d1a8f4b9b9645728cd312aa86,32768,0.059986399999999995,0.0069292,False,False
snippets-v1__mathd_numbertheory_405__validation-A__seed0,5,cffcf0cd3ec54d3e87a1fd8e2032724c,32768,0.0629,0.0073942,False,False
snippets-v1__mathd_numbertheory_405__validation-A__seed0,6,034f4a491a2943a9858ca08a1356cd16,32768,0.0655434,0.00332968,False,False
snippets-v1__amc12a_2013_p8__validation-A__seed0,1,44fe380b8b824299b68cfad86b540f82,32768,0.0527864,0.0020984,False,False
snippets-v1__amc12a_2013_p8__validation-A__seed0,2,d1fb08cef0ce4bb1b605c2bde8f03fc8,32768,0.053326799999999994,0.0008266199999999999,False,False
snippets-v1__amc12a_2013_p8__validation-A__seed0,3,fb80f2f20a69453e8a3e7fcb186860b4,32768,0.054221,0.00055896,False,False
snippets-v1__amc12a_2013_p8__validation-A__seed0,4,29c8eeca2bc848e49927e56ce1db63a7,32768,0.0547884,0.0006957599999999999,False,False
snippets-v1__amc12a_2013_p8__validation-A__seed0,5,e725e0ad0f6341cc9fbf1421237b2c59,32768,0.0536978,0.0039402,False,False
snippets-v1__amc12a_2013_p8__validation-A__seed0,6,bd73890fd443462a8e524e73fbd0a3c1,32768,0.054359,0.0027294,False,False
snippets-v1__amc12a_2013_p8__validation-A__seed0,7,b48b00d4c0104ab499cd71c3cc7ffa2f,32768,0.055088399999999996,0.00036359999999999995,False,False
snippets-v1__amc12a_2013_p8__validation-A__seed0,8,2a88eb0f8eb04af0a01f87f5ce24a82a,32768,0.055478599999999996,0.00062064,False,False
snippets-v1__amc12a_2013_p8__validation-A__seed0,9,3a29ae9c8f2b4834b473a7e5265f807c,32768,0.054882,0.00223394,False,False
snippets-v1__amc12a_2013_p8__validation-A__seed0,10,04cb3ccd1e764241994d8a96e56cab91,32768,0.0552726,0.0032614,False,False
snippets-v1__amc12a_2013_p8__validation-A__seed0,11,0943136da96647f5a1cefb0c14cc0a0c,32768,0.0557422,0.0040533999999999995,False,False
snippets-v1__amc12a_2013_p8__validation-A__seed0,12,1d40a5931556454ab656f3eff730d468,32768,0.0563964,0.0035129999999999996,False,False
snippets-v1__amc12_2001_p21__validation-A__seed0,1,39663f13a91b4ad8be8967671db39544,32768,0.0530148,0.0022686,False,False
snippets-v1__amc12_2001_p21__validation-A__seed0,2,ae9eeb9c01134f5dba65ba273e3e87ae,32768,0.053648,0.00038396,False,False
snippets-v1__amc12_2001_p21__validation-A__seed0,3,feb8dfd510684609b6427318e76a0332,32768,0.053477399999999994,0.0028202,False,False
snippets-v1__amc12_2001_p21__validation-A__seed0,4,80d1fda412af49168ff814b738c12506,32768,0.0542586,0.0031223999999999996,False,False
snippets-v1__amc12_2001_p21__validation-A__seed0,5,2584239b4f6b4d288cddce9dd1eaac74,32768,0.0555306,0.00209814,False,False
snippets-v1__amc12_2001_p21__validation-A__seed0,6,f27228336eea472aaaef9ea528c2a8f0,32768,0.058226599999999996,0.00115284,False,False
snippets-v1__amc12_2001_p21__validation-A__seed0,7,859d627fabdc4897bfdb4a1845804849,32768,0.059162599999999996,0.00111772,False,False
snippets-v1__amc12_2001_p21__validation-A__seed0,8,7ec2d68d273d4ad8869b98516fc5c540,32768,0.0610748,0.0010337,False,False
snippets-v1__amc12_2001_p21__validation-A__seed0,9,9b9687f17cb64086b96e0a24bcaa2256,32768,0.0579688,0.0036772000000000003,False,False
snippets-v1__mathd_numbertheory_284__validation-A__seed0,1,3341773e953e4a65b335860155511fce,32768,0.052764399999999996,0.0020231999999999997,False,False
snippets-v1__mathd_algebra_234__validation-A__seed0,1,34388861d2e84811b9134e4bd00ded2d,32768,0.0527556,0.0021394,False,False
snippets-v1__algebra_others_exirrpowirrrat__validation-A__seed0,1,ce9b7c3627a240968f4974fb83c559cb,32768,0.0528512,0.0021363999999999997,False,False
snippets-v1__algebra_others_exirrpowirrrat__validation-A__seed0,2,e99ef2be256d4a9f8fae510084f061c5,32768,0.0533624,0.00037885999999999996,False,False
snippets-v1__algebra_others_exirrpowirrrat__validation-A__seed0,3,7d4a5b78b97f47b0abaf17f3687de0ff,32768,0.0540038,0.00045533999999999993,False,False
snippets-v1__algebra_others_exirrpowirrrat__validation-A__seed0,4,e339971db25c40f191d8c63b8f5b3094,32768,0.054632599999999996,0.0005158599999999999,False,False
snippets-v1__algebra_others_exirrpowirrrat__validation-A__seed0,5,ea01a7b30ff545dab0fd2ecd3e849a90,32768,0.0552996,0.00047996,False,False
snippets-v1__algebra_others_exirrpowirrrat__validation-A__seed0,6,4f8a8db593334cf083282a03b9ff969a,32768,0.055808399999999994,0.0005317799999999999,False,False
snippets-v1__algebra_others_exirrpowirrrat__validation-A__seed0,7,f298612f43454b36ba37436af87df351,32768,0.056530199999999996,0.00039338,False,False
snippets-v1__algebra_others_exirrpowirrrat__validation-A__seed0,8,1b6449e3a7b44591b0108ed8bae9fdf5,32768,0.056887999999999994,0.0005677599999999999,False,False
snippets-v1__algebra_others_exirrpowirrrat__validation-A__seed0,9,7b36f1a81e6b46aaaeada713a421f0a6,32768,0.05771079999999999,0.0005694399999999999,False,False
snippets-v1__algebra_others_exirrpowirrrat__validation-A__seed0,10,8387234058334b76b25407f110c04c69,32768,0.058586799999999994,0.00050502,False,False
snippets-v1__algebra_others_exirrpowirrrat__validation-A__seed0,11,a074006a05b345509fcef7f7e331c9cf,32768,0.05898439999999999,0.00039478000000000007,False,False
snippets-v1__algebra_others_exirrpowirrrat__validation-A__seed0,12,325a970b1daa44b99fe6f1aaac3b4ffa,32768,0.0593934,0.00042178,False,False
snippets-v1__algebra_others_exirrpowirrrat__validation-A__seed0,13,ed4e14f2396949938db0a792bf167f89,32768,0.0598234,0.00067906,False,False
snippets-v1__algebra_others_exirrpowirrrat__validation-A__seed0,14,bf279456801346b891457887f8ddd91b,32768,0.060705999999999996,0.00070302,False,False
snippets-v1__algebra_others_exirrpowirrrat__validation-A__seed0,15,999204099ad9428cbbfb0dac2630330a,32768,0.0616926,0.00094332,False,False
snippets-v1__algebra_others_exirrpowirrrat__validation-A__seed0,16,2406ee4b27624b1db14cf09bed9eb5dc,32768,0.06252279999999999,0.0007045199999999999,False,False
snippets-v1__algebra_others_exirrpowirrrat__validation-A__seed0,17,0781abb617934793acf12b9548c50280,32768,0.06325539999999999,0.0005333,False,False
snippets-v1__algebra_others_exirrpowirrrat__validation-A__seed0,18,99f3dfdb6b9d48f5ad3e8738544c03c9,32768,0.0636538,0.00069132,False,False
snippets-v1__algebra_others_exirrpowirrrat__validation-A__seed0,19,6d735ec59ec2425aadfcac404db53ec0,32768,0.06427179999999999,0.00049928,False,False
snippets-v1__algebra_others_exirrpowirrrat__validation-A__seed0,20,65a95214c79a43b78fa0e37a23f0423c,32768,0.0646602,0.00078068,False,False
snippets-v1__algebra_others_exirrpowirrrat__validation-A__seed0,21,b6c9ae7d2bd24dfd9115696d0c3fddc6,32768,0.06716939999999999,0.00225002,False,False
snippets-v1__algebra_others_exirrpowirrrat__validation-A__seed0,22,3cfae397aa844f52a53224dc385f8d12,32768,0.0605372,0.004817,False,False
snippets-v1__algebra_others_exirrpowirrrat__validation-A__seed0,23,fec5ff93bb68465dbbd478c9a425a463,32768,0.0617654,0.00068496,False,False
snippets-v1__algebra_others_exirrpowirrrat__validation-A__seed0,24,05d96bf7a066413c859c99ca3e2c76cf,32768,0.06215999999999999,0.00132194,False,False
snippets-v1__algebra_others_exirrpowirrrat__validation-A__seed0,25,700a47a30e874d5580af82fc1306ac84,32768,0.0636524,0.0010173,False,False
snippets-v1__algebra_others_exirrpowirrrat__validation-A__seed0,26,765d083d7a944b6fafe447a6ccc0c6f5,32768,0.0644154,0.0007632,False,False
snippets-v1__algebra_others_exirrpowirrrat__validation-A__seed0,27,bdab65ea468e472db15a4065fd2fc011,32768,0.06493779999999999,0.00153484,False,False
snippets-v1__algebra_others_exirrpowirrrat__validation-A__seed0,28,39b275de95cd43cbaa3e64568886aa0d,32768,0.0622586,0.0044979,False,False
snippets-v1__algebra_others_exirrpowirrrat__validation-A__seed0,29,ecc659efb1364c53bc7a9235b3dc0b29,32768,0.062954,0.0052128,False,False
snippets-v1__algebra_others_exirrpowirrrat__validation-A__seed0,30,d122249e9be64639a38b5dd637da1258,32768,0.0639914,0.00174486,False,False
snippets-v1__mathd_algebra_327__validation-A__seed0,1,fe50e1960c19475bbdfffdb68465f8c4,32768,0.052744599999999996,0.0020515999999999998,False,False
snippets-v1__mathd_algebra_327__validation-A__seed0,2,7c3b92164f2d466d95e2993a6ce35eb9,32768,0.0531914,0.00027306,False,False
snippets-v1__mathd_algebra_327__validation-A__seed0,3,e4540805197c4cab9057705c775f7893,32768,0.054934399999999994,0.00102606,False,False
snippets-v1__mathd_numbertheory_64__validation-A__seed0,1,9d79fb63b1194d6d9af16a90e063950f,32768,0.0527674,0.002104,False,False
snippets-v1__mathd_numbertheory_64__validation-A__seed0,2,aadf52a7e942433b9f436c715606c92a,32768,0.0532812,0.00028754000000000003,False,False
snippets-v1__mathd_numbertheory_64__validation-A__seed0,3,a509479a9b1c495f947233acb53394e4,32768,0.0536706,0.00043712,False,False
snippets-v1__mathd_numbertheory_64__validation-A__seed0,4,2940dee916474eb581d4870791f0b3b8,32768,0.0533092,0.0021068000000000003,False,False
snippets-v1__mathd_numbertheory_64__validation-A__seed0,5,a06c39e471a5424f950ac73ee6153993,32768,0.053549,0.0025182,False,False
snippets-v1__mathd_numbertheory_64__validation-A__seed0,6,f40bd37dbf354ce2bf7ea50a3ff33022,32768,0.054310399999999995,0.00059532,False,False
snippets-v1__mathd_numbertheory_64__validation-A__seed0,7,2786a45a84ee43329fbd4164f9e68241,32768,0.05550479999999999,0.00190922,False,False
snippets-v1__mathd_numbertheory_64__validation-A__seed0,8,7bb64359f46245569948fbaa49f7620b,32768,0.0574926,0.00065014,False,False
snippets-v1__mathd_numbertheory_64__validation-A__seed0,9,547463b539404cb7810fef0ad009e9d8,32768,0.0579258,0.00040087999999999994,False,False
snippets-v1__mathd_numbertheory_64__validation-A__seed0,10,69c8979d414e45d28d8424859bf83c3b,32768,0.058322799999999994,0.00132778,False,False
snippets-v1__imo_1981_p6__validation-A__seed0,1,06e7cd5a94f245c1a3c1d56679bd624d,32768,0.052828599999999996,0.0040766,False,False
snippets-v1__imo_1981_p6__validation-A__seed0,2,665b7026481241f1bc8b6de4e0d3dba5,32768,0.054050799999999996,0.0033312,False,False
snippets-v1__mathd_numbertheory_37__validation-A__seed0,1,8d8512fc64084750976476bdbc9ccd20,32768,0.0528456,0.002124,False,False
snippets-v1__mathd_numbertheory_37__validation-A__seed0,2,7001c97e8114458bae7c046b6a27fe9e,32768,0.0534706,0.00054262,False,False
snippets-v1__mathd_numbertheory_37__validation-A__seed0,3,cf103f051c35410fba16f8b46e40d055,32768,0.0542068,0.00041708,False,False
snippets-v1__mathd_numbertheory_37__validation-A__seed0,4,31d369cd15144d47afaa10f7e4c3e418,32768,0.0547656,0.00033482,False,False
snippets-v1__mathd_numbertheory_37__validation-A__seed0,5,73c12df68c5b44b9984cec1c3107de28,32768,0.0538252,0.00161948,False,False
snippets-v1__mathd_numbertheory_37__validation-A__seed0,6,0e83748aeb6f4a4ba70b514770b480a2,32768,0.0541568,0.00147008,False,False
snippets-v1__mathd_numbertheory_37__validation-A__seed0,7,f9aee3ff4cc846789f8225903fd59060,32768,0.0548026,0.0003279,False,False
snippets-v1__mathd_numbertheory_37__validation-A__seed0,8,1321876a6a154bacb4536e7ee97e0f85,32768,0.055012,0.00057134,False,False
snippets-v1__mathd_numbertheory_37__validation-A__seed0,9,e1db33087fe04e56be69fff947b652bb,32768,0.0557764,0.00050334,False,False
snippets-v1__mathd_numbertheory_37__validation-A__seed0,10,a38542f8ae0c4beba8c6b10c9eac784f,32768,0.055180999999999994,0.0026141999999999997,False,False
snippets-v1__mathd_numbertheory_37__validation-A__seed0,11,867dbf5945704b8099b6f21e568a48ab,32768,0.055522,0.00177216,False,False
snippets-v1__mathd_numbertheory_37__validation-A__seed0,12,5e8c95ab4dc048a28f93553088d09964,32768,0.0560894,0.00066288,False,False
snippets-v1__mathd_numbertheory_37__validation-A__seed0,13,cda78cc7da71495bb3c4a2e66a56a386,32768,0.0564548,0.0009367,False,False
snippets-v1__mathd_numbertheory_37__validation-A__seed0,14,fed56b9504ee4ba9bdebd520f86b53a9,32768,0.0572,0.0004823,False,False
snippets-v1__mathd_numbertheory_37__validation-A__seed0,15,2eb54b7dc2e54a7188ff4a8ba1f0334a,32768,0.0574124,0.0009545199999999999,False,False
snippets-v1__mathd_numbertheory_37__validation-A__seed0,16,9d4e7548ae42486a8af484f55c930e63,32768,0.056960399999999994,0.0025725599999999998,False,False
snippets-v1__mathd_numbertheory_37__validation-A__seed0,17,3b6af4b416af4523980e9ff4c9a5027a,32768,0.058900999999999995,0.0005863,False,False
snippets-v1__mathd_numbertheory_37__validation-A__seed0,18,b0c78168f3964a95a0ba8421206b8750,32768,0.059404399999999996,0.0004165,False,False
snippets-v1__mathd_numbertheory_37__validation-A__seed0,19,d1e6844e8b3d437080cbd150943e10a4,32768,0.05961519999999999,0.0009602199999999999,False,False
snippets-v1__mathd_numbertheory_37__validation-A__seed0,20,49b1735e98ba47ecbf306d290d6a250d,32768,0.0606952,0.00052892,False,False
snippets-v1__mathd_numbertheory_37__validation-A__seed0,21,3be166f19f88439488539e7414923f7e,32768,0.061184199999999994,0.00067246,False,False
snippets-v1__mathd_numbertheory_37__validation-A__seed0,22,cced6f905b124a85bb14aafaead34d06,32768,0.0618582,0.00049802,False,False
snippets-v1__mathd_numbertheory_37__validation-A__seed0,23,06fdfeb38f784d6584b28e7134af6e29,32768,0.0623474,0.0004542,False,False
snippets-v1__mathd_numbertheory_37__validation-A__seed0,24,4e119a2885ad43b68860d61800727196,32768,0.0625582,0.00045678,False,False
snippets-v1__mathd_numbertheory_37__validation-A__seed0,25,646f0e86f0064954af187ad236c39174,32768,0.06276899999999999,0.00048588,False,False
snippets-v1__mathd_numbertheory_37__validation-A__seed0,26,7215a16ed4144d28834d098ad5f7503a,32768,0.0632674,0.00047098,False,False
snippets-v1__mathd_numbertheory_37__validation-A__seed0,27,336f7591d54046f3a5a2dd4d7ac36524,32768,0.0634782,0.00048568,False,False
snippets-v1__induction_prod1p1onk3le3m1onn__validation-A__seed0,1,4ae10d4818f94750b595f6eda98ceed2,32768,0.052909,0.0023597999999999996,False,False
snippets-v1__induction_prod1p1onk3le3m1onn__validation-A__seed0,2,d7dab57ed0a94f84b1ec47099bf7d042,32768,0.0542864,0.00122824,False,False
snippets-v1__induction_prod1p1onk3le3m1onn__validation-A__seed0,3,d60ce937b01145edb4cfe3a8bb8e0dde,32768,0.054331199999999996,0.0028878,False,False
snippets-v1__induction_prod1p1onk3le3m1onn__validation-A__seed0,4,9c21c013ef674c22967edaedaaa1e23b,32768,0.05507959999999999,0.0034782,False,False
snippets-v1__induction_prod1p1onk3le3m1onn__validation-A__seed0,5,e6af4d291b8b4940839a4d5b0438c32a,32768,0.055934399999999995,0.0032124,False,False
snippets-v1__induction_prod1p1onk3le3m1onn__validation-A__seed0,6,e8f2a76f221749d4953628afc30a8baa,32768,0.056853,0.0014655,False,False
snippets-v1__induction_prod1p1onk3le3m1onn__validation-A__seed0,7,3b9c1f2f1bc64b569807a4177eb4154e,32768,0.0586738,0.00062862,False,False
snippets-v1__induction_prod1p1onk3le3m1onn__validation-A__seed0,8,2c0e785fc99f490ba2cd338e46d75481,32768,0.0592598,0.00213046,False,False
snippets-v1__induction_prod1p1onk3le3m1onn__validation-A__seed0,9,2082ff8fdd774d5fbc581a4506d07adb,32768,0.058165999999999995,0.0047424,False,False
snippets-v1__induction_prod1p1onk3le3m1onn__validation-A__seed0,10,efdfe334040c4de4bf045adf68dd5ad4,32768,0.05903219999999999,0.0050428,False,False
snippets-v1__induction_prod1p1onk3le3m1onn__validation-A__seed0,11,4e34053b20ce43c6b8c0787c0e428e13,32768,0.059955999999999995,0.0042016,False,False
snippets-v1__induction_prod1p1onk3le3m1onn__validation-A__seed0,12,3c68aadb9b3d4991929177c166701c59,32768,0.0604348,0.00048882,False,False
snippets-v1__induction_prod1p1onk3le3m1onn__validation-A__seed0,13,e296a6b6cb6a4dc6ab4a88ea23b4b88e,32768,0.0610368,0.00174324,False,False
snippets-v1__induction_prod1p1onk3le3m1onn__validation-A__seed0,14,c0ecf5cc9f3445198b14f4c1ca41535e,32768,0.061013399999999995,0.0053127999999999995,False,False
snippets-v1__imo_1984_p6__validation-A__seed0,1,78de35d05c204d10babe47e051dec143,32768,0.0530862,0.0022146,False,False
snippets-v1__imo_1984_p6__validation-A__seed0,2,6e10dc09447040a285c93555faa1221f,32768,0.0541204,0.0006272399999999999,False,False
snippets-v1__imo_1984_p6__validation-A__seed0,3,5663720a8d9c425bb260319d4d9c4f9d,32768,0.054088199999999996,0.00185896,False,False
snippets-v1__imo_1984_p6__validation-A__seed0,4,5a7c2a57acb54d8393b3db8120d736e4,32768,0.054479599999999996,0.0026336,False,False
snippets-v1__imo_1984_p6__validation-A__seed0,5,178bee602fad473ab0bd2ec5b6ff7c1d,32768,0.0551042,0.00095994,False,False
snippets-v1__imo_1984_p6__validation-A__seed0,6,b4093811e53244deab96eabeabc0d3d5,32768,0.0562506,0.0005583999999999999,False,False
snippets-v1__imo_1984_p6__validation-A__seed0,7,fc3290300ee54035aad654f3366e88ac,32768,0.0568216,0.00072744,False,False
snippets-v1__mathd_numbertheory_303__validation-A__seed0,1,2e6173adb52648cebbef3be19a5c104b,32768,0.052839399999999995,0.0022536,False,False
snippets-v1__mathd_numbertheory_303__validation-A__seed0,2,8d9bf08d2f484812bc57d40da88387be,32768,0.053527599999999995,0.00030302000000000004,False,False
snippets-v1__mathd_numbertheory_303__validation-A__seed0,3,e889e526f678468ab6521074c1c6909b,32768,0.0546766,0.00061696,False,False
snippets-v1__mathd_numbertheory_303__validation-A__seed0,4,4cfd95f1602847149fbd7869297f96f4,32768,0.0551658,0.00031885999999999997,False,False
snippets-v1__mathd_numbertheory_303__validation-A__seed0,5,82c1173d8d2c452ab377e236b318198c,32768,0.055730999999999996,0.00047242,False,False
snippets-v1__mathd_numbertheory_303__validation-A__seed0,6,10f2e82788a4447685767f7627ff4d28,32768,0.056212399999999996,0.00050432,False,False
snippets-v1__mathd_numbertheory_303__validation-A__seed0,7,2f9be3d29da646489978b84ef32bd81e,32768,0.056772199999999995,0.00043858,False,False
snippets-v1__mathd_numbertheory_303__validation-A__seed0,8,075d611be5304bd9b305f42f34d2104b,32768,0.05729479999999999,0.00041799999999999997,False,False
snippets-v1__mathd_numbertheory_303__validation-A__seed0,9,d23d141988004f01ad7f221776e12aa1,32768,0.0577556,0.00078088,False,False
snippets-v1__mathd_numbertheory_303__validation-A__seed0,10,8cd98da1fbbe418cae795388c6db0e07,32768,0.0585576,0.00041772,False,False
snippets-v1__mathd_numbertheory_303__validation-A__seed0,11,2eb162aeeca74a19b52e47919568644c,32768,0.0589442,0.0008544799999999999,False,False
snippets-v1__mathd_numbertheory_303__validation-A__seed0,12,050400c35b4240e491d8c30c1b245d1a,32768,0.0598412,0.00196202,False,False
snippets-v1__mathd_numbertheory_303__validation-A__seed0,13,e0e6d1a688014890ab2cddecce9b3b45,32768,0.062197,0.00202304,False,False
snippets-v1__mathd_numbertheory_303__validation-A__seed0,14,8141b825ed3e4a398e2529d5e83564a5,32768,0.0571104,0.0058536,False,False
snippets-v1__mathd_numbertheory_303__validation-A__seed0,15,c523f4c9b115426ba0c5df4fe566702c,32768,0.060595399999999994,0.0033656199999999997,False,False
snippets-v1__mathd_numbertheory_303__validation-A__seed0,16,81a992e1207f4f838539eea47390b568,32768,0.06071359999999999,0.00485152,False,False
snippets-v1__mathd_numbertheory_303__validation-A__seed0,17,3d9e799bbd2a419792de895491e55430,32768,0.062729,0.0064468,False,False
snippets-v1__mathd_numbertheory_303__validation-A__seed0,18,f6c2e839732e4156b8d487678969202d,32768,0.0646032,0.005518799999999999,False,False
snippets-v1__amc12b_2002_p3__validation-A__seed0,1,52e42be4d89c43c3911c4afa537ab34b,32768,0.052815,0.0020551999999999996,False,False
snippets-v1__amc12b_2002_p3__validation-A__seed0,2,80e6c6552be74add9c5d2e2558f8f332,32768,0.053299799999999994,0.00031321999999999996,False,False
snippets-v1__amc12b_2002_p3__validation-A__seed0,3,5430031702e444eb8e28264145234762,32768,0.053765999999999994,0.00049708,False,False
snippets-v1__amc12b_2002_p3__validation-A__seed0,4,aff5336034824be3979e564441a3319c,32768,0.054294999999999996,0.00032234,False,False
snippets-v1__amc12b_2002_p3__validation-A__seed0,5,ebf4b26a8906424b9f730912d8091550,32768,0.0548986,0.0007359599999999999,False,False
snippets-v1__amc12b_2002_p3__validation-A__seed0,6,2bee40cdad204ac5ba748af0c9444af1,32768,0.055581399999999996,0.00036056,False,False
snippets-v1__amc12b_2002_p3__validation-A__seed0,7,d986492a77864c958c3b5f50f6260b55,32768,0.0559684,0.0003293,False,False
snippets-v1__amc12b_2002_p3__validation-A__seed0,8,d7cecfe869b0473fbfc5068ab80d77b8,32768,0.056437,0.00039799999999999997,False,False
snippets-v1__amc12b_2002_p3__validation-A__seed0,9,676349aa3d194c80b02a3ee531926e83,32768,0.056878,0.0008709999999999999,False,False
snippets-v1__amc12b_2002_p3__validation-A__seed0,10,0c0f53ed93ed4532bfa24322cab1d93f,32768,0.0548392,0.0034568,False,False
snippets-v1__amc12b_2002_p3__validation-A__seed0,11,c544fa77d7d2422ca893923d8b42295d,32768,0.0556874,0.0039306,False,False
snippets-v1__amc12b_2002_p3__validation-A__seed0,12,53c930c735784e7f91c356909b8c770a,32768,0.056725399999999995,0.0042204,False,False
snippets-v1__amc12b_2002_p3__validation-A__seed0,13,8b18f8a2bd17444eaaa6a7d4ad1046be,32768,0.057825,0.0041834,False,False
snippets-v1__amc12b_2002_p3__validation-A__seed0,14,05a3423af80241f2ad345fb3834608e9,32768,0.058897599999999994,0.0047583999999999994,False,False
snippets-v1__amc12b_2002_p3__validation-A__seed0,15,5d071cf565f748d68a3584549dab0167,32768,0.0599534,0.0053836,False,False
snippets-v1__amc12b_2002_p3__validation-A__seed0,16,c00b8a41f7b04c0d8631fe00d25403b7,32768,0.060963199999999995,0.0054101999999999996,False,False
snippets-v1__imo_1964_p2__validation-A__seed0,1,d88a16f4a21e414e9751feb6b931892f,32768,0.052813399999999996,0.0029072,False,False
snippets-v1__imo_1964_p2__validation-A__seed0,2,8b5573d085ce45d1a07195fc45de01e6,32768,0.0541002,0.00067374,False,False
snippets-v1__imo_1964_p2__validation-A__seed0,3,395a7501c5d2492f9155e0acfb67878f,32768,0.054728,0.0009524199999999999,False,False
snippets-v1__imo_1964_p2__validation-A__seed0,4,a7477a68167f40dfad8c1401974592d6,32768,0.055736799999999996,0.00051684,False,False
snippets-v1__imo_1964_p2__validation-A__seed0,5,0910ea8ce5224d39bc91bc1cd01b6250,32768,0.0561928,0.00036566,False,False
snippets-v1__imo_1964_p2__validation-A__seed0,6,51cfd20f6e8a4881bcbb13e5c02524b3,32768,0.0566326,0.00057342,False,False
snippets-v1__imo_1964_p2__validation-A__seed0,7,c2a3bd5fcb4041018d3a3e471900303c,32768,0.0550006,0.0028948,False,False
snippets-v1__imo_1964_p2__validation-A__seed0,8,05392b3a61f24fb3b9b346789297a7b7,32768,0.0556162,0.00034198,False,False
snippets-v1__imo_1964_p2__validation-A__seed0,9,0a52e213276e439a979d61f41d118922,32768,0.0552692,0.00229954,False,False
snippets-v1__imo_1964_p2__validation-A__seed0,10,baff298aa587489c9d0fe5df55f549e1,32768,0.0558874,0.0034284,False,False
snippets-v1__imo_1964_p2__validation-A__seed0,11,16bc9d86b83b41379f6553c4ae3ea5cf,32768,0.0568506,0.004169999999999999,False,False
snippets-v1__imo_1964_p2__validation-A__seed0,12,92c3595650094d649cc52da7164ad8d5,32768,0.058209199999999996,0.005790999999999999,False,False
snippets-v1__imo_1964_p2__validation-A__seed0,13,178cb0f6f43b40c58b3b616a30a408d3,32768,0.0595722,0.0047664000000000005,False,False
snippets-v1__imo_1964_p2__validation-A__seed0,14,f18b073d90a64bd3baee0a3633f1eeb7,32768,0.060404599999999996,0.00172218,False,False
snippets-v1__imo_1964_p2__validation-A__seed0,15,47f9a0f87fdd4fb5b4e0281a1d205f8f,32768,0.060992199999999996,0.0060479999999999996,False,False
snippets-v1__imo_1964_p2__validation-A__seed0,16,47be1fffd6a64c34ac1e210ce017329e,32768,0.0619648,0.00565186,False,False
snippets-v1__mathd_algebra_433__validation-A__seed0,1,91b5bfe3c93b4deba3a1713e25ff40d8,32768,0.052699399999999993,0.0020584,False,False
snippets-v1__mathd_algebra_433__validation-A__seed0,2,a937332de52446b8b84ab628bc51b92e,32768,0.0531846,0.00043873999999999996,False,False
snippets-v1__mathd_algebra_433__validation-A__seed0,3,c3aa0b76aa7f45618e34002c3ae825ad,32768,0.0531684,0.002156,False,False
snippets-v1__amc12b_2003_p6__validation-A__seed0,1,be0680a7990f4059893ff5e7295237f8,32768,0.052854399999999996,0.0022351999999999997,False,False
snippets-v1__amc12b_2003_p6__validation-A__seed0,2,9e9600e3dd394fbea5f80f041296f47e,32768,0.0534242,0.00118126,False,False
snippets-v1__amc12b_2003_p6__validation-A__seed0,3,ce48f96050424ddda7c07e882ba19f78,32768,0.0536114,0.0027219999999999996,False,False
snippets-v1__amc12b_2003_p6__validation-A__seed0,4,ecc0b8a4b7074420b389750fbb4800fe,32768,0.0544512,0.0006229,False,False
snippets-v1__amc12b_2003_p6__validation-A__seed0,5,8348de5f08f94fb8aeba413a0ac266cc,32768,0.0550992,0.00043522000000000005,False,False
snippets-v1__amc12b_2003_p6__validation-A__seed0,6,5b522abd52a4493eacf4d38b69110940,32768,0.0555036,0.00042608,False,False
snippets-v1__amc12b_2003_p6__validation-A__seed0,7,02251e565f534834afed3db5d268825d,32768,0.056018399999999996,0.0010203999999999999,False,False
snippets-v1__amc12b_2003_p6__validation-A__seed0,8,b2dd911daada461593925fd200ee82f5,32768,0.0547944,0.0027416,False,False
snippets-v1__amc12b_2003_p6__validation-A__seed0,9,f263dbdd214f4051adad9e0699d2ec54,32768,0.0553918,0.0013631399999999999,False,False
snippets-v1__amc12b_2003_p6__validation-A__seed0,10,0f3ca546ae9c43bc9292d4188f764d49,32768,0.0555892,0.0034327999999999997,False,False
snippets-v1__amc12b_2003_p6__validation-A__seed0,11,c08a2ee6f7ff46369102197216200c60,32768,0.056178399999999996,0.004071,False,False
snippets-v1__amc12b_2003_p6__validation-A__seed0,12,6c84a47144104c81be07e7cb7df8f4aa,32768,0.0568332,0.0036402,False,False
snippets-v1__amc12b_2003_p6__validation-A__seed0,13,36291ef4b6854b0eb33c2870c5a9e66b,32768,0.0578366,0.0011056,False,False
snippets-v1__amc12b_2003_p6__validation-A__seed0,14,a56cd39bed2e471184f1c4b885c15ed5,32768,0.057929999999999995,0.0039716,False,False
snippets-v1__amc12b_2003_p6__validation-A__seed0,15,1198e9d75ab34bf2846395939c71381a,32768,0.058557399999999996,0.0037525999999999996,False,False
snippets-v1__amc12b_2003_p6__validation-A__seed0,16,f3e7178b1cb548bbae979d4b43226804,32768,0.05911759999999999,0.0041768,False,False
snippets-v1__amc12b_2020_p5__validation-A__seed0,1,8fd243b3bcd64a4c834bb569f91170ac,32768,0.0528776,0.002274,False,False
snippets-v1__amc12a_2008_p4__validation-A__seed0,1,048006b18c9d4beb8f0b5d1a0f8b203b,32768,0.052874399999999995,0.0024126,False,False
snippets-v1__amc12a_2008_p4__validation-A__seed0,2,08da33cf269f4cdb9d47ba6d3d1b3b55,32768,0.053626599999999996,0.00033792,False,False
snippets-v1__amc12a_2008_p4__validation-A__seed0,3,d950135a4563429c93b72a1c4f574de9,32768,0.053992399999999996,0.00029916000000000003,False,False
snippets-v1__amc12a_2008_p4__validation-A__seed0,4,c8cb762932274ee79e627e9ffb58d92e,32768,0.054391999999999996,0.0014130199999999999,False,False
snippets-v1__amc12a_2008_p4__validation-A__seed0,5,5ceef7c235994fa5933d25b202594471,32768,0.0538892,0.0029608,False,False
snippets-v1__amc12a_2008_p4__validation-A__seed0,6,be8eb0c5f7b34c3b9f595b1fe7c1bed1,32768,0.0544874,0.0044568,False,False
snippets-v1__amc12a_2008_p4__validation-A__seed0,7,5696cb0c1ef54988a30b37c6d5ab9c8d,32768,0.0552214,0.0037668,False,False
snippets-v1__amc12a_2008_p4__validation-A__seed0,8,6564fc7bff2046e6a0888885737e468d,32768,0.0557366,0.0027044799999999996,False,False
snippets-v1__amc12a_2008_p4__validation-A__seed0,9,92691a25e3a44b5f8d1cae6b3011ad76,32768,0.0564428,0.00244088,False,False
snippets-v1__amc12a_2008_p4__validation-A__seed0,10,70c29973686c4536899e0ef8e80ecfb8,32768,0.0569014,0.0036993999999999994,False,False
snippets-v1__amc12a_2008_p4__validation-A__seed0,11,919e2f5519c24375b5b525e18f223b26,32768,0.0574428,0.0038691999999999997,False,False
snippets-v1__amc12a_2008_p4__validation-A__seed0,12,be2c2ca56aad41a2ba79eb499b33a1e9,32768,0.058017799999999994,0.0038071999999999997,False,False
snippets-v1__amc12a_2008_p4__validation-A__seed0,13,6166668d31af4b17bc4f4eb9d9fa4ca3,32768,0.058592399999999996,0.0037492,False,False
snippets-v1__amc12a_2008_p4__validation-A__seed0,14,db87d7ad6b34476ba901574c32999b08,32768,0.059263399999999994,0.0052564,False,False
snippets-v1__mathd_numbertheory_530__validation-A__seed0,1,a361b2f6147242ab8e75e267d59ebfae,32768,0.052944399999999996,0.0022046,False,False
snippets-v1__mathd_numbertheory_530__validation-A__seed0,2,6aac5d59ebb64417add9961a71961ecf,32768,0.053461999999999996,0.00040184,False,False
snippets-v1__mathd_numbertheory_530__validation-A__seed0,3,435d074ee6a1415388d9b9a97c5c1ba3,32768,0.0541368,0.00053896,False,False
snippets-v1__mathd_numbertheory_530__validation-A__seed0,4,74123a6884984eb5a61463bd879129f0,32768,0.0548178,0.0005057799999999999,False,False
snippets-v1__mathd_numbertheory_530__validation-A__seed0,5,cf92dbfd1178421da0c3623dba086836,32768,0.0553448,0.00045488,False,False
snippets-v1__mathd_numbertheory_530__validation-A__seed0,6,868886356a4e4a0aad259165747ce1c0,32768,0.0558756,0.00041299999999999996,False,False
snippets-v1__mathd_numbertheory_530__validation-A__seed0,7,61ad19ab400f45368d35e34981020b7b,32768,0.056313,0.00047822,False,False
snippets-v1__mathd_numbertheory_530__validation-A__seed0,8,bc005194073b4488a2386351e29ab7b9,32768,0.056889999999999996,0.0003991,False,False
snippets-v1__mathd_numbertheory_530__validation-A__seed0,9,e6ad2aa5f6314b399be6a89e2a0faf14,32768,0.0573046,0.0006008000000000001,False,False
snippets-v1__mathd_numbertheory_530__validation-A__seed0,10,08aacd1d6b9349da974e0bdbde6788fa,32768,0.0580804,0.00069924,False,False
snippets-v1__mathd_numbertheory_530__validation-A__seed0,11,4c729876b1244c4e9c86fcadbee5f4f5,32768,0.05890479999999999,0.0005281,False,False
snippets-v1__mathd_numbertheory_530__validation-A__seed0,12,afc73f181c0b4404a6f9360b5f64a515,32768,0.05932659999999999,0.00038287999999999994,False,False
snippets-v1__mathd_numbertheory_530__validation-A__seed0,13,89d21b2b6c224684869791d8fba9db9e,32768,0.0597274,0.0010077200000000001,False,False
snippets-v1__mathd_numbertheory_530__validation-A__seed0,14,8b797e4450fd455d8ac136f5421dfdf9,32768,0.0610924,0.00115782,False,False
snippets-v1__mathd_numbertheory_530__validation-A__seed0,15,20485e45a6964fddb95b52028e2a465f,32768,0.056519599999999996,0.0039798,False,False
snippets-v1__mathd_numbertheory_530__validation-A__seed0,16,a4c69e0ed5db451f83544de1dbe3c7d7,32768,0.0578618,0.0013453200000000001,False,False
snippets-v1__mathd_numbertheory_530__validation-A__seed0,17,5ef94e3ffc9c4d999d68006af88e74f7,32768,0.0575964,0.0034008,False,False
snippets-v1__mathd_numbertheory_530__validation-A__seed0,18,2c98ae46f96940eaae1c383dd0d95a61,32768,0.058299199999999995,0.0047136,False,False
snippets-v1__mathd_numbertheory_530__validation-A__seed0,19,84b5ca6558514dabba1ab793793d13bc,32768,0.0590802,0.005178,False,False
snippets-v1__mathd_numbertheory_530__validation-A__seed0,20,f23e522d70164db5ba8b96673ee4227d,32768,0.0598412,0.00419932,False,False
snippets-v1__mathd_numbertheory_530__validation-A__seed0,21,8fdb7c98452846fca4298353d2e25ce9,32768,0.060671199999999995,0.0041642,False,False
snippets-v1__mathd_numbertheory_530__validation-A__seed0,22,deb1484e99034d729f7df4391c582da4,32768,0.0612886,0.00053012,False,False
snippets-v1__mathd_numbertheory_530__validation-A__seed0,23,3af4ce6b9207461ba65a9de415a25410,32768,0.0613606,0.00061078,False,False
snippets-v1__mathd_numbertheory_530__validation-A__seed0,24,d3851a78d5744ef1b41d0bfb1b76ab0b,32768,0.0619534,0.0016888399999999998,False,False
snippets-v1__imo_1960_p2__validation-A__seed0,1,22ad6ce6600645e3b0288b6a9b57d157,32768,0.0528212,0.002282,False,False
snippets-v1__imo_1960_p2__validation-A__seed0,2,d6a37ba364cf4b6bb6904470ae1b2d4e,32768,0.0534534,0.00092606,False,False
snippets-v1__imo_1960_p2__validation-A__seed0,3,3172cb44db824d50a0bcbe73465912e0,32768,0.053509999999999995,0.0021958,False,False
snippets-v1__imo_1960_p2__validation-A__seed0,4,e7fe0a38057643898974acb6c2f43abc,32768,0.05395,0.00081948,False,False
snippets-v1__mathd_algebra_393__validation-A__seed0,1,02d75d6c47c14d288d16b88cda9146ef,32768,0.052860599999999994,0.0028166,False,False
snippets-v1__mathd_algebra_393__validation-A__seed0,2,7eb128ac2b0147a59b4942b916891188,32768,0.0541194,0.00075552,False,False
snippets-v1__mathd_algebra_393__validation-A__seed0,3,8e43123e74d5465a84f1c8c12230695e,32768,0.0548662,0.00100846,False,False
snippets-v1__mathd_algebra_393__validation-A__seed0,4,bdb61f993d2545ee9109de9feb116aab,32768,0.05582959999999999,0.0008890599999999999,False,False
snippets-v1__mathd_algebra_393__validation-A__seed0,5,8b91b8dfa2444db7814cd71030391a34,32768,0.0545134,0.0028174,False,False
snippets-v1__mathd_algebra_393__validation-A__seed0,6,adddadd8e35f4a92a575818a2df13248,32768,0.0551668,0.0030694,False,False
snippets-v1__mathd_algebra_393__validation-A__seed0,7,da3f0801490f4f139d6b26bebc1a9310,32768,0.0553786,0.00215798,False,False
snippets-v1__mathd_algebra_393__validation-A__seed0,8,81ac89729cd24c999eeb2ab9a06a1fa2,32768,0.056422,0.00090428,False,False
snippets-v1__mathd_algebra_393__validation-A__seed0,9,61f40a54a3c244838424f4ac032d082d,32768,0.057154399999999994,0.00056092,False,False
snippets-v1__mathd_algebra_393__validation-A__seed0,10,3bc57041d32b48d98c086c27ff8b6ffd,32768,0.057669399999999996,0.00072782,False,False
snippets-v1__mathd_algebra_393__validation-A__seed0,11,ec58d42997414945aa5d2e5c7718d2b7,32768,0.0584766,0.0008448399999999999,False,False
snippets-v1__mathd_algebra_393__validation-A__seed0,12,be42de7e98144dcb948db4a8f7d30240,32768,0.059295799999999996,0.0005981000000000001,False,False
snippets-v1__mathd_algebra_393__validation-A__seed0,13,513c6d63df4d4c6c85a52460c2089725,32768,0.0598076,0.00095318,False,False
snippets-v1__mathd_algebra_393__validation-A__seed0,14,8abdc65556334b2a864f62d32163a2bf,32768,0.057987,0.0039794,False,False
snippets-v1__mathd_algebra_393__validation-A__seed0,15,e8374a4a5c0d4a539981628b790804a5,32768,0.058987,0.00108712,False,False
snippets-v1__aime_1991_p9__validation-A__seed0,1,30b4a0ee16944dbc9b3406f6625894cf,32768,0.0529886,0.0021548,False,False
snippets-v1__aime_1991_p9__validation-A__seed0,2,ee4428b22deb45d7b73e70f9307ab8b4,32768,0.0541218,0.00065482,False,False
snippets-v1__aime_1991_p9__validation-A__seed0,3,31b0d352014f47d99ba536c73ed8b31d,32768,0.0549626,0.00058,False,False
snippets-v1__aime_1991_p9__validation-A__seed0,4,1e135e6cdc344167bee50dd6eb1a5ad4,32768,0.055664,0.00044222,False,False
snippets-v1__aime_1991_p9__validation-A__seed0,5,dfd0633f5a014ff1910ee2efa3b88e5c,32768,0.056062799999999996,0.00045996,False,False
snippets-v1__aime_1991_p9__validation-A__seed0,6,ac688e7e53974c1a981538dc07c1e591,32768,0.056672,0.0008418,False,False
snippets-v1__aime_1991_p9__validation-A__seed0,7,b6bba41849eb43e0a9f03cca87c3bc5e,32768,0.0555868,0.0033372,False,False
snippets-v1__aime_1991_p9__validation-A__seed0,8,c43f5324eff04330bdaee1cf4bf4a046,32768,0.055961399999999994,0.0039114,False,False
snippets-v1__aime_1991_p9__validation-A__seed0,9,156f79e23b014d3ca3d90322f1e3eb7b,32768,0.05759399999999999,0.0007569999999999999,False,False
snippets-v1__aime_1991_p9__validation-A__seed0,10,a49c81eb93c742fb8c5856c7df738c46,32768,0.05672819999999999,0.0048432,False,False
snippets-v1__aime_1991_p9__validation-A__seed0,11,a0eef1d89210485596f75e6e8e06fc2f,32768,0.0572806,0.0038025,False,False
snippets-v1__aime_1991_p9__validation-A__seed0,12,e9add2f60ff441d491960ba6edc97800,32768,0.0579774,0.0035681999999999997,False,False
snippets-v1__aime_1991_p9__validation-A__seed0,13,10a3e6c1aa3b4e37ae9f11419abe5fc8,32768,0.0588118,0.00070904,False,False
snippets-v1__aime_1991_p9__validation-A__seed0,14,1e132089a0c54283b85ac50b9354fb60,32768,0.0595334,0.00052018,False,False
snippets-v1__aime_1991_p9__validation-A__seed0,15,e3d35615c1d94467975fe3768773ed42,32768,0.059992,0.0006661600000000001,False,False
snippets-v1__aime_1991_p9__validation-A__seed0,16,56c57b272f1e4e48a25b3a8aa7bdfbdc,32768,0.0607454,0.0007281,False,False
snippets-v1__aime_1991_p9__validation-A__seed0,17,06260b4f27ef4a7d9c50b6aba9fb36bf,32768,0.0592968,0.0047444,False,False
snippets-v1__aime_1991_p9__validation-A__seed0,18,bc6b57c6aa79454380ae2503a965583d,32768,0.059732999999999994,0.00347188,False,False
snippets-v1__aime_1991_p9__validation-A__seed0,19,84768a26f7cc45fe902765329fdcffa8,32768,0.06023579999999999,0.0043786,False,False
snippets-v1__amc12a_2002_p6__validation-A__seed0,1,4f3817df7bd54990a14dd4d38e97a22f,32768,0.052763199999999996,0.0020488,False,False
snippets-v1__amc12a_2016_p3__validation-A__seed0,1,a470dd80361346188c581db86c59542a,32768,0.053,0.00213,False,False
snippets-v1__amc12a_2016_p3__validation-A__seed0,2,c54612bec0fa49b2b71ec74865b14363,32768,0.0534754,0.00042641999999999995,False,False
snippets-v1__amc12a_2016_p3__validation-A__seed0,3,87993db2231b40ffb90a18a9e8032db9,32768,0.0541552,0.00087642,False,False
snippets-v1__amc12a_2016_p3__validation-A__seed0,4,0f3b3799c93747b9a5039198001ca2e3,32768,0.05501399999999999,0.0007333,False,False
snippets-v1__amc12a_2016_p3__validation-A__seed0,5,e78300ae81344c49a7fb69818010ec77,32768,0.05569879999999999,0.00091886,False,False
snippets-v1__amc12a_2016_p3__validation-A__seed0,6,f08f44cadb684f7d8da266117bf9d973,32768,0.0565826,0.00086692,False,False
snippets-v1__amc12a_2016_p3__validation-A__seed0,7,cdbcadfbaaa64293a421053ad6728806,32768,0.0550904,0.003191,False,False
snippets-v1__amc12a_2016_p3__validation-A__seed0,8,05211a2db4164ebc967427c2be72c2cc,32768,0.0556432,0.0035296,False,False
snippets-v1__amc12a_2016_p3__validation-A__seed0,9,c33a4458208341d79ae93d65d376c732,32768,0.056274199999999996,0.0038886,False,False
snippets-v1__amc12a_2016_p3__validation-A__seed0,10,68497a27073348868aafa09d89b3234c,32768,0.056930999999999995,0.0040506,False,False
snippets-v1__amc12a_2016_p3__validation-A__seed0,11,c4793413ae364b289811c07e43448618,32768,0.058400999999999995,0.0015685999999999999,False,False
snippets-v1__amc12a_2016_p3__validation-A__seed0,12,25d90ba42bc4427cbc1d406203758fc2,32768,0.0580136,0.0044358,False,False
snippets-v1__amc12a_2016_p3__validation-A__seed0,13,2bd6cf66b0ad4764926c735113ad0139,32768,0.0587502,0.004671,False,False
snippets-v1__amc12a_2016_p3__validation-A__seed0,14,73ead7939f084248a23271d9af67e93f,32768,0.0594568,0.0048871999999999995,False,False
snippets-v1__amc12a_2016_p3__validation-A__seed0,15,14c37fd7333f4b59aa3757c50a3fb8f9,32768,0.060087,0.0051794,False,False
snippets-v1__amc12_2000_p12__validation-A__seed0,1,d4fc487ba18f41d4b48ef881451ce3bb,32768,0.052834599999999995,0.00225,False,False
snippets-v1__amc12_2000_p12__validation-A__seed0,2,9b70bd3906ee47b2aef85c31e4f34c8f,32768,0.0531154,0.0014527999999999998,False,False
snippets-v1__amc12_2000_p12__validation-A__seed0,3,ff9646d7f5ba4212a82565cf414a1ce1,32768,0.053534,0.0048074,False,False
snippets-v1__amc12_2000_p12__validation-A__seed0,4,eec4ddfafbf34a209d6518c68cd35896,32768,0.0542306,0.00242592,False,False
snippets-v1__amc12_2000_p12__validation-A__seed0,5,a04812d9f9b14f9bb3ad39eec0918e4a,32768,0.0545492,0.00267372,False,False
snippets-v1__amc12_2000_p12__validation-A__seed0,6,ad58fdfda65a4de981dc000025d6841d,32768,0.0553498,0.0032138,False,False
snippets-v1__amc12_2000_p12__validation-A__seed0,7,41e8d314dbce4ae08a47d1e113b61fe0,32768,0.0559692,0.0037054,False,False
snippets-v1__amc12_2000_p12__validation-A__seed0,8,1bde29e1d7aa437687d515cd4bcc7e2b,32768,0.05648979999999999,0.0043460799999999996,False,False
snippets-v1__amc12_2000_p12__validation-A__seed0,9,359191f3603e4329830892e000719753,32768,0.0570718,0.00161548,False,False
snippets-v1__amc12_2000_p12__validation-A__seed0,10,44a96b9a708f464e837f143b21d60f39,32768,0.0572378,0.00206128,False,False
snippets-v1__amc12_2000_p12__validation-A__seed0,11,d615a2ffec454040a3c254baed4bae05,32768,0.058143,0.00445148,False,False
snippets-v1__amc12_2000_p12__validation-A__seed0,12,b0928059f10143fdb707cd8a9d850ae7,32768,0.0589144,0.0032434,False,False
snippets-v1__mathd_algebra_251__validation-A__seed0,1,6025638adf43406da3ffb690b9433f6c,32768,0.05276,0.0022042,False,False
snippets-v1__mathd_algebra_251__validation-A__seed0,2,b054c455930c426cb32e7ed6a0ea3d70,32768,0.0534368,0.00074828,False,False
snippets-v1__mathd_algebra_214__validation-A__seed0,1,f30ccd561ba14ade838642f8e53383f0,32768,0.052797199999999996,0.0020744,False,False
snippets-v1__amc12a_2019_p21__validation-A__seed0,1,0fb912f974e5464d98b6d2639e7453eb,32768,0.053015999999999994,0.002231,False,False
snippets-v1__amc12a_2019_p21__validation-A__seed0,2,fcb4e6867c1f4a20823e36e137912e6f,32768,0.0536114,0.00060012,False,False
snippets-v1__amc12a_2019_p21__validation-A__seed0,3,286ed26307674fa79b868f7dc47bb48c,32768,0.054298,0.00043979999999999996,False,False
snippets-v1__amc12a_2019_p21__validation-A__seed0,4,8acae5361713468aa28af0f8f6539c0f,32768,0.0547944,0.0003273,False,False
snippets-v1__amc12a_2019_p21__validation-A__seed0,5,44d0e0436f2e4d6982ae861370086c41,32768,0.0551944,0.00056114,False,False
snippets-v1__amc12a_2019_p21__validation-A__seed0,6,5ed984f4750345f49eaac5715f3698b7,32768,0.0541414,0.0026448,False,False
snippets-v1__amc12a_2019_p21__validation-A__seed0,7,1528695782c140faad88a0c943302525,32768,0.054882799999999995,0.00051342,False,False
snippets-v1__amc12a_2019_p21__validation-A__seed0,8,e750c32f97d7429e9a2c90d811ef5d24,32768,0.05541,0.00038806,False,False
snippets-v1__amc12a_2019_p21__validation-A__seed0,9,dfabad3558be4ba585a32113b68b0b90,32768,0.055894799999999994,0.00108164,False,False
snippets-v1__amc12a_2019_p21__validation-A__seed0,10,5e61a670a0344f689358db5f8007c849,32768,0.055247199999999996,0.0028128,False,False
snippets-v1__amc12a_2019_p21__validation-A__seed0,11,ea26cab3557c46d485dc37e13945ce48,32768,0.0557106,0.00041237999999999995,False,False
snippets-v1__amc12a_2019_p21__validation-A__seed0,12,b8e84b14b12a45e2a6c28c99f2201d32,32768,0.0561196,0.00042414,False,False
snippets-v1__amc12a_2019_p21__validation-A__seed0,13,cfda3b18539442a29117e18cffb80654,32768,0.0581894,0.0013458,False,False
snippets-v1__amc12a_2019_p21__validation-A__seed0,14,747cba19bcc242c499576b59e034f0d1,32768,0.058891799999999994,0.00059196,False,False
snippets-v1__amc12a_2019_p21__validation-A__seed0,15,581849328b344dc8b9d217654b0ad091,32768,0.0595624,0.0006774,False,False
snippets-v1__amc12a_2019_p21__validation-A__seed0,16,89158d053cc540b994ede6d2d049737f,32768,0.0579384,0.0040098,False,False
snippets-v1__amc12a_2019_p21__validation-A__seed0,17,750c03c55c774eb68cb75467d9953805,32768,0.0584914,0.00079028,False,False
snippets-v1__amc12a_2019_p21__validation-A__seed0,18,c3ddb114f3da42c8acb7dd3120a5a92a,32768,0.059202,0.00137178,False,False
snippets-v1__amc12a_2019_p21__validation-A__seed0,19,8dac3dd2a0954bbaaa128a7988af6a89,32768,0.058906,0.004723399999999999,False,False
snippets-v1__amc12a_2019_p21__validation-A__seed0,20,234d159bd04647c79ea4f293a2918037,32768,0.059407,0.0045816,False,False
snippets-v1__amc12a_2019_p21__validation-A__seed0,21,9600f3489fa2480794b6c07ebb65d7eb,32768,0.06014459999999999,0.005257599999999999,False,False
snippets-v1__amc12a_2019_p21__validation-A__seed0,22,c0e5a170ee324a859ec45f86488c59f7,32768,0.060654,0.0050082,False,False
snippets-v1__aime_1989_p8__validation-A__seed0,1,303308533bed4220a476eb69430eb313,32768,0.0529874,0.0021546,False,False
snippets-v1__mathd_numbertheory_33__validation-A__seed0,1,52ddbf6ad18345bdbe2ad6adbb41e208,32768,0.052730599999999996,0.0022234,False,False
snippets-v1__amc12a_2020_p21__validation-A__seed0,1,da3f8aed3e0a437da450b4f8e1534fcd,32768,0.0530866,0.0028218,False,False
snippets-v1__amc12a_2020_p21__validation-A__seed0,2,a1935a4a5e9c4fc2bbc480c548572dd8,32768,0.0554502,0.0010865599999999999,False,False
snippets-v1__amc12a_2020_p21__validation-A__seed0,3,3eaec3929520414b9b3db2f065b34e81,32768,0.0563984,0.00125314,False,False
snippets-v1__amc12a_2020_p21__validation-A__seed0,4,d6b48767691f4e3fa33ef8f07ec782b5,32768,0.057822799999999994,0.00049622,False,False
snippets-v1__amc12a_2020_p21__validation-A__seed0,5,d53f42c667c34c448de0ef5680eef7f2,32768,0.0582346,0.00045339999999999996,False,False
snippets-v1__amc12a_2020_p21__validation-A__seed0,6,307a7f94c76e4ef784f22e3d7a680976,32768,0.0586924,0.00038508000000000005,False,False
snippets-v1__amc12a_2020_p21__validation-A__seed0,7,6015c5c61850442abcf95376599f3a65,32768,0.059125399999999995,0.00143232,False,False
snippets-v1__amc12a_2020_p21__validation-A__seed0,8,06e912ccad08416c93305f8bcb5cc5bc,32768,0.056311599999999996,0.00431164,False,False
snippets-v1__amc12a_2020_p21__validation-A__seed0,9,597093bf9f9b4512b83b456970d4dc8c,32768,0.057376399999999994,0.0030276,False,False
snippets-v1__amc12a_2020_p21__validation-A__seed0,10,4215f827caaa478e934f110137d83ec9,32768,0.057891399999999996,0.00079714,False,False
snippets-v1__amc12a_2020_p21__validation-A__seed0,11,688e1c76e6ae488690a7987e9c365ff9,32768,0.057956799999999996,0.0033802,False,False
snippets-v1__amc12a_2020_p21__validation-A__seed0,12,3a80c596212448ac9ade3da5aa47eb1d,32768,0.059101,0.00201884,False,False
snippets-v1__amc12a_2020_p21__validation-A__seed0,13,bb9eb6536556416dbb1d1a49e106960b,32768,0.0592452,0.0037588599999999993,False,False
snippets-v1__amc12a_2020_p21__validation-A__seed0,14,d37ab8cd324448cfaedcb0dc6338d757,32768,0.060374,0.003955,False,False
snippets-v1__amc12a_2020_p21__validation-A__seed0,15,2f5b2cd13344486c869127e3e2922c7b,32768,0.0613704,0.00115144,False,False
snippets-v1__amc12a_2020_p21__validation-A__seed0,16,94fc3af2f9c34d0e83d98abedd917dea,32768,0.0625938,0.00067834,False,False
snippets-v1__amc12a_2020_p21__validation-A__seed0,17,0214a2b2225b45dfbb32ba2f060fe778,32768,0.063341,0.0017639399999999999,False,False
snippets-v1__amc12a_2020_p21__validation-A__seed0,18,4845ab1b037e4c4c879e6dd30b096e33,32768,0.0630552,0.0044122,False,False
snippets-v1__imo_1969_p2__validation-A__seed0,1,21914ace0f4c4a369968a5f026f40d9a,32768,0.0528348,0.0022084,False,False
snippets-v1__imo_1969_p2__validation-A__seed0,2,48a6ac13f2244f1f84c78497bba677bf,32768,0.054238999999999996,0.00074018,False,False
snippets-v1__imo_1969_p2__validation-A__seed0,3,7ea595c59a7646348b2507a0f0c056c1,32768,0.0550424,0.00098262,False,False
snippets-v1__imo_1969_p2__validation-A__seed0,4,394b6c67623a421eac32eceedbe9ae7a,32768,0.056241599999999996,0.00064772,False,False
snippets-v1__imo_1969_p2__validation-A__seed0,5,08f5cf7d931740e68591861a761de819,32768,0.056888799999999996,0.00128288,False,False
snippets-v1__imo_1969_p2__validation-A__seed0,6,f7b99bd6342b40c89dd8f4f583c3131e,32768,0.05548259999999999,0.002948,False,False
snippets-v1__imo_1969_p2__validation-A__seed0,7,f1cc3b5e2e1a4d8fb74968477b0560ce,32768,0.056142,0.00037978,False,False
snippets-v1__imo_1969_p2__validation-A__seed0,8,146be6f664d24da5b29a3c7d4aa3fd5d,32768,0.056214599999999997,0.0010472799999999998,False,False
snippets-v1__imo_1969_p2__validation-A__seed0,9,35d69e4d93324c2d9207f28442f1580a,32768,0.05735899999999999,0.00045617999999999993,False,False
snippets-v1__imo_1969_p2__validation-A__seed0,10,fc706fad88274271b4b5c7563e2b4d9a,32768,0.0578302,0.00078358,False,False
snippets-v1__imo_1969_p2__validation-A__seed0,11,d4af0a0f96b94225a2ca49f820af68ef,32768,0.056591199999999994,0.0031417999999999997,False,False
snippets-v1__imo_1969_p2__validation-A__seed0,12,b9759899bfde4a3b904f462b507e37fa,32768,0.0575138,0.0006144799999999999,False,False
snippets-v1__imo_1969_p2__validation-A__seed0,13,b1076e21cd2d40e2828ee9ac453fb69f,32768,0.057997999999999994,0.0007729599999999999,False,False
snippets-v1__imo_1969_p2__validation-A__seed0,14,f0440428a3e945eca889e1727737b79c,32768,0.0589012,0.0007556800000000001,False,False
snippets-v1__imo_1969_p2__validation-A__seed0,15,bd5041e28d26448e813c08b0121c5508,32768,0.05969479999999999,0.00062736,False,False
snippets-v1__imo_1969_p2__validation-A__seed0,16,7a5efd12bbe14f70b8c6c92e521a209c,32768,0.060351999999999996,0.00048395999999999997,False,False
snippets-v1__imo_1969_p2__validation-A__seed0,17,ab2bdd95225a4bbcb2f1bf4a1717ac35,32768,0.060600799999999996,0.00054364,False,False
snippets-v1__imo_1969_p2__validation-A__seed0,18,3011a075330a4246b9fa242479440d5a,32768,0.0611884,0.00049148,False,False
snippets-v1__imo_1969_p2__validation-A__seed0,19,7e05e8ed2bce44a39523481df5314b23,32768,0.0614372,0.00051252,False,False
snippets-v1__imo_1969_p2__validation-A__seed0,20,793e0f8591ac457cb61d6e42609df999,32768,0.0619696,0.00050036,False,False
snippets-v1__imo_1969_p2__validation-A__seed0,21,52cbd23bd06046538dd4994cb52efdca,32768,0.06221839999999999,0.000555,False,False
snippets-v1__imo_1969_p2__validation-A__seed0,22,25924fb6297c449689e91056372ac8fb,32768,0.0627848,0.0005208400000000001,False,False
snippets-v1__imo_1969_p2__validation-A__seed0,23,b1717d3c2c184ada8d8e80ef081cc166,32768,0.0630336,0.00054392,False,False
snippets-v1__imo_1969_p2__validation-A__seed0,24,ac2fd33735c345b4a8a70fbca88f49fa,32768,0.0635658,0.00057476,False,False
snippets-v1__imo_1969_p2__validation-A__seed0,25,e4a09e9ef7874589ac1815268aedc71c,32768,0.0603714,0.00350588,False,False
snippets-v1__imo_1969_p2__validation-A__seed0,26,fa7034903a8542ecbc83353d0e09cb91,32768,0.0614186,0.00126656,False,False
snippets-v1__imo_1969_p2__validation-A__seed0,27,852157e4367045aabc3e6239a6ef7a91,32768,0.06495319999999999,0.00079278,False,False
snippets-v1__imo_1969_p2__validation-A__seed0,28,576e02c9214d43a1bf1e18cc8a454e02,32768,0.0655156,0.00064114,False,False
snippets-v1__imo_1969_p2__validation-A__seed0,29,9ee446eb5bb44c8a9dc237fc8521316f,32768,0.0660936,0.00059982,False,False
snippets-v1__imo_1969_p2__validation-A__seed0,30,52815ee6234c49a5aab15a625757698c,32768,0.0666204,0.00070198,False,False
snippets-v1__imo_1969_p2__validation-A__seed0,31,d03e57f3899e494183265d2f27250a83,32768,0.067249,0.00062026,False,False
snippets-v1__imo_1969_p2__validation-A__seed0,32,327b07bb7228462b901c28ff962d6b7a,32768,0.0677662,0.00061464,False,False
snippets-v1__imo_1969_p2__validation-A__seed0,33,96f41bafc72540bda20c84fa225c2886,32768,0.0682878,0.00062544,False,False
snippets-v1__mathd_numbertheory_461__validation-A__seed0,1,778849430c3944d4810e2692e1f44290,32768,0.0527556,0.002136,False,False
snippets-v1__aime_1984_p7__validation-A__seed0,1,501f91beade24796b3d0a674fb3c9b2f,32768,0.0529252,0.0033066,False,False
snippets-v1__aime_1984_p7__validation-A__seed0,2,0d6ea6f11ad74f4d9535c043c86680a8,32768,0.053537999999999995,0.0031049999999999997,False,False
snippets-v1__aime_1984_p7__validation-A__seed0,3,1137d13b2f164781b739e3f6aeba2bd7,32768,0.0553854,0.00072896,False,False
snippets-v1__aime_1984_p7__validation-A__seed0,4,6d72057edc044b67a47673876916a424,32768,0.0543564,0.0040326,False,False
snippets-v1__aime_1984_p7__validation-A__seed0,5,abce7537adbb4314af3487e135f3fb5d,32768,0.055003399999999994,0.0029976,False,False
snippets-v1__aime_1984_p7__validation-A__seed0,6,022c22417b084ff393238205dd4ebd7e,32768,0.0554454,0.0050662,False,False
snippets-v1__aime_1984_p7__validation-A__seed0,7,54de0b1d674c4e4eacd03e24aca8b18d,32768,0.0561494,0.0034692,False,False
snippets-v1__aime_1984_p7__validation-A__seed0,8,cd0ede63975f4d48b01cea33c845ab52,32768,0.05660659999999999,0.0056418,False,False
snippets-v1__aime_1984_p7__validation-A__seed0,9,9efd9cd785b24def9530d80e4742c167,32768,0.0610488,0.00104408,False,False
snippets-v1__aime_1984_p7__validation-A__seed0,10,77ef633a3e154b8aa5e7d91100773ed1,32768,0.0579306,0.005665399999999999,False,False
snippets-v1__aime_1984_p7__validation-A__seed0,11,2fcb5c5f33ed4271832ab4f9f8765db1,32768,0.058595799999999996,0.0042602,False,False
snippets-v1__aime_1984_p7__validation-A__seed0,12,77f7a8171107498698ac7ef0534dadbb,32768,0.0590384,0.006711999999999999,False,False
snippets-v1__mathd_numbertheory_43__validation-A__seed0,1,1e020342ebc148c69e13051bdf94d3e4,32768,0.052881399999999995,0.002725,False,False
snippets-v1__mathd_numbertheory_43__validation-A__seed0,2,764063a61a664a898afaddc1e71bcb88,32768,0.05507959999999999,0.0006568,False,False
snippets-v1__mathd_numbertheory_43__validation-A__seed0,3,c1dfb117af5f485cb34d226fee80400c,32768,0.0554666,0.00040318,False,False
snippets-v1__mathd_numbertheory_43__validation-A__seed0,4,f56b2c4f736241b6a572dce0b5c11fe5,32768,0.0560426,0.00036836,False,False
snippets-v1__mathd_numbertheory_43__validation-A__seed0,5,5ad7e241602440aeb5da65f5ffdf114d,32768,0.056410999999999996,0.00084616,False,False
snippets-v1__mathd_numbertheory_43__validation-A__seed0,6,200407bb21df4b1192f0699d38ae2784,32768,0.0575514,0.00138228,False,False
snippets-v1__mathd_numbertheory_43__validation-A__seed0,7,f78bf9acd2604d7a9b2610d7d0aba7ce,32768,0.0591342,0.0007157999999999999,False,False
snippets-v1__mathd_numbertheory_43__validation-A__seed0,8,f7f4f16be0e74e029842fedc11b98d66,32768,0.059713199999999994,0.00062844,False,False
snippets-v1__mathd_numbertheory_43__validation-A__seed0,9,a695156486de42f689f075dca3b4aed8,32768,0.060436199999999995,0.00066518,False,False
snippets-v1__mathd_numbertheory_43__validation-A__seed0,10,5134ce3d1bc34b958a07e928e763ac28,32768,0.06115759999999999,0.00044012,False,False
snippets-v1__mathd_numbertheory_43__validation-A__seed0,11,b57f0f5b89d949fd9dc2ea415c010fe9,32768,0.061569799999999994,0.00140114,False,False
snippets-v1__mathd_numbertheory_43__validation-A__seed0,12,27a74e58301f43b7b2935f6180745966,32768,0.0632132,0.0005468399999999999,False,False
snippets-v1__mathd_numbertheory_43__validation-A__seed0,13,dc0b311ca8334e519487ea532a58f00e,32768,0.0635736,0.00118156,False,False
snippets-v1__mathd_numbertheory_43__validation-A__seed0,14,97b9c48f033f45dd8d5bea3332c43594,32768,0.0650636,0.00054674,False,False
snippets-v1__mathd_numbertheory_43__validation-A__seed0,15,ba7a27baceee49edb2c01e13a1206b4d,32768,0.0654458,0.00068576,False,False
snippets-v1__mathd_numbertheory_43__validation-A__seed0,16,ef22bca9e26242af913cc8f6b4f024b1,32768,0.057257,0.0030708,False,False
snippets-v1__mathd_numbertheory_43__validation-A__seed0,17,0ed172495832496a948a846ca9ea5801,32768,0.0579254,0.00056242,False,False
snippets-v1__mathd_numbertheory_43__validation-A__seed0,18,b597ba03ca8745ccac317afb9a642b83,32768,0.058619599999999994,0.00059802,False,False
snippets-v1__mathd_numbertheory_43__validation-A__seed0,19,d45152e57d62498ab8aa292754140c2e,32768,0.0592664,0.00062674,False,False
snippets-v1__mathd_numbertheory_43__validation-A__seed0,20,2f484422c35f4d318b5d54570010db34,32768,0.058268799999999996,0.003852,False,False
snippets-v1__mathd_numbertheory_43__validation-A__seed0,21,89a71e4f88244776954f01eb3182ade6,32768,0.0587242,0.0039872,False,False
snippets-v1__mathd_numbertheory_43__validation-A__seed0,22,2a5031e618d14b9aa39c3c5d8e7a056f,32768,0.059197799999999995,0.00260302,False,False
snippets-v1__mathd_numbertheory_43__validation-A__seed0,23,0b4b017097c540bbaca944723c7c8212,32768,0.059792399999999996,0.000789,False,False
snippets-v1__mathd_numbertheory_43__validation-A__seed0,24,1f3699d0c0114b508751cc63fcb3ee07,32768,0.060639399999999996,0.0008796399999999999,False,False
snippets-v1__mathd_numbertheory_43__validation-A__seed0,25,6a095a95a0ab4d28a84c38e7b94561cf,32768,0.0602666,0.004289,False,False
snippets-v1__mathd_numbertheory_43__validation-A__seed0,26,949015601450481387841a3df75ef08b,32768,0.0614692,0.00128564,False,False
snippets-v1__mathd_numbertheory_43__validation-A__seed0,27,f5a6c5c2f5d9410e893d6a4094fc1f95,32768,0.06271159999999999,0.00114232,False,False
snippets-v1__mathd_algebra_190__validation-A__seed0,1,c161cbbdf2ed4a2e910710a2640edc51,32768,0.052720199999999995,0.0019858,False,False
snippets-v1__mathd_algebra_421__validation-A__seed0,1,4539e56cd0084a0e83d62a53134c409b,32768,0.052884799999999996,0.0022332,False,False
snippets-v1__mathd_algebra_421__validation-A__seed0,2,30ec0aa519fb47b3809c1159939a572f,32768,0.0533478,0.0024741999999999998,False,False
snippets-v1__mathd_algebra_282__validation-A__seed0,1,88d9b161674344e2a8bec032914e2691,32768,0.0529802,0.0022914,False,False
snippets-v1__mathd_algebra_282__validation-A__seed0,2,77b2f49318424ad6a559f5862aeeb855,32768,0.053868599999999996,0.0005480400000000001,False,False
snippets-v1__mathd_algebra_282__validation-A__seed0,3,3aacd077bff74677bca304ee9daeed15,32768,0.054913199999999995,0.00077858,False,False
snippets-v1__mathd_algebra_282__validation-A__seed0,4,e5656d0afbf2416d8a1446693ce5fcf4,32768,0.055759199999999995,0.00064792,False,False
snippets-v1__mathd_algebra_282__validation-A__seed0,5,e9a1139f523a496cb2b25b84548681b6,32768,0.056559,0.0007001399999999999,False,False
snippets-v1__mathd_algebra_282__validation-A__seed0,6,20c2513eb9294dd9b1f45f3e9cafc087,32768,0.0574258,0.00049584,False,False
snippets-v1__mathd_algebra_282__validation-A__seed0,7,0dbe9cd94c4a46a3958688374aedc32d,32768,0.05786379999999999,0.00043548,False,False
snippets-v1__mathd_algebra_282__validation-A__seed0,8,19ca954832bd479cb72aa00cbd458728,32768,0.0583024,0.00065094,False,False
snippets-v1__mathd_algebra_282__validation-A__seed0,9,db1bbf49590947a6bbc65e4a95b06300,32768,0.0589852,0.00084184,False,False
snippets-v1__mathd_algebra_282__validation-A__seed0,10,80cabeba15bb48c9a33d3f2c32480857,32768,0.05643139999999999,0.004101799999999999,False,False
snippets-v1__mathd_algebra_282__validation-A__seed0,11,f5664b95594d430997c14d24402f45b6,32768,0.05827979999999999,0.00081664,False,False
snippets-v1__mathd_algebra_282__validation-A__seed0,12,a36645fe3b9144379218c6cf66945097,32768,0.0570312,0.00271688,False,False
snippets-v1__mathd_algebra_282__validation-A__seed0,13,551799fc5b034f4e837d44e1f6bdd407,32768,0.0581218,0.0008871199999999999,False,False
snippets-v1__mathd_algebra_282__validation-A__seed0,14,28332a01ad90421bb78611fe0334cc45,32768,0.0589414,0.0012766000000000001,False,False
snippets-v1__mathd_algebra_282__validation-A__seed0,15,09ef5d90b87a4d20baed48354f923c23,32768,0.0584302,0.0036336,False,False
snippets-v1__mathd_algebra_282__validation-A__seed0,16,8fb17afdeeb1407d8d666f869af8b37a,32768,0.0589784,0.00044018000000000003,False,False
snippets-v1__mathd_algebra_282__validation-A__seed0,17,392afba90b6d44bdb718ed0a4b0a7b0b,32768,0.059085,0.00046511999999999996,False,False
snippets-v1__mathd_algebra_282__validation-A__seed0,18,3fdcd664589e4643b53cc6628d441455,32768,0.0594966,0.00044394000000000004,False,False
snippets-v1__mathd_algebra_282__validation-A__seed0,19,ddff79ab5e1a4e8696fd1f7311ae1b64,32768,0.060198999999999996,0.0007103599999999999,False,False
snippets-v1__mathd_algebra_282__validation-A__seed0,20,f4b45c1a9de345dbae967eb39efdeb6d,32768,0.0606602,0.0004975800000000001,False,False
snippets-v1__mathd_algebra_282__validation-A__seed0,21,ec3c39888288455da701eb6947f5f871,32768,0.0610796,0.0014029399999999999,False,False
snippets-v1__mathd_algebra_282__validation-A__seed0,22,463a260120e04dacb12f77c24cfdd6c4,32768,0.0601856,0.004146599999999999,False,False
snippets-v1__mathd_algebra_282__validation-A__seed0,23,7144a19830c64197b433ae8c28c470f3,32768,0.060765,0.00055316,False,False
snippets-v1__mathd_algebra_282__validation-A__seed0,24,f61c8eaa24294c3c992207507c5e1a83,32768,0.061240199999999995,0.0010138,False,False
snippets-v1__mathd_algebra_282__validation-A__seed0,25,99586185e18a46c98ad3d8127ae97f58,32768,0.061154799999999995,0.0048124,False,False
snippets-v1__mathd_algebra_282__validation-A__seed0,26,f5b3a9fb2abf4a5496a5182ddfe67337,32768,0.062084799999999996,0.00095266,False,False
snippets-v1__mathd_algebra_282__validation-A__seed0,27,1d562fcb4705431db8fab3c843ea1536,32768,0.0628644,0.00065594,False,False
snippets-v1__aime_1984_p1__writing-0-curator__seed0,1,09cd90aba3aa47d9b8286e60f433ebbc,8192,0.0194372,0.0011033999999999998,False,False
snippets-v1__amc12_2000_p1__writing-0-curator__seed0,1,1d8889830d3f4de9a5e36eefbd265869,8192,0.0194268,0.0010513999999999999,False,False
snippets-v1__amc12a_2020_p13__writing-0-curator__seed0,1,317295e22c3b40828f5823812ee31ee5,8192,0.0200866,0.0013326,False,False
snippets-v1__amc12b_2004_p3__writing-0-curator__seed0,1,71dcf5b6acf14d81ab8093241179279b,8192,0.0191734,0.0009896,False,False
snippets-v1__aime_1984_p1__writing-0-reducer__seed0,1,aa0e5a6fb6dd4578ad572974ef070865,8192,0.0224756,0.0021966,False,False
snippets-v1__aime_1984_p1__writing-0-reflector__seed0,1,aa8f040b1d614365866723ee0e96f699,8192,0.0326932,0.008013999999999999,False,False
snippets-v1__amc12_2000_p1__writing-0-reflector__seed0,1,8f9a3e711e894551a1de4a71e0b8fa12,8192,0.027931599999999997,0.0042978,False,False
snippets-v1__amc12a_2020_p13__writing-0-reflector__seed0,1,395d7cfc7bf0420ab7699a338584c806,8192,0.030873599999999998,0.005626999999999999,False,False
snippets-v1__amc12b_2004_p3__writing-0-reflector__seed0,1,a439a8857d9849f9b331a5fc019fb74a,8192,0.0292072,0.004536,False,False
snippets-v1__imo_1968_p5_1__writing-1-curator__seed0,1,db7b3fe191634f7baaf039e50e4e66b3,8192,0.0193938,0.0011324,False,False
snippets-v1__mathd_algebra_224__writing-1-curator__seed0,1,466748ff4d50468d9de0ef0f42c988ec,8192,0.019089,0.0009553999999999999,False,False
snippets-v1__mathd_algebra_28__writing-1-curator__seed0,1,48e7d972f7d0420eb90308ad55d2b4e7,8192,0.0187938,0.0008738,False,False
snippets-v1__mathd_numbertheory_629__writing-1-curator__seed0,1,c57a5c68f2a645258ec889dde3a29d50,8192,0.0190084,0.0009209999999999999,False,False
snippets-v1__imo_1968_p5_1__writing-1-reducer__seed0,1,0c3092fba8244987b7c6f6e7a563bb82,8192,0.0206652,0.0014927999999999999,False,False
snippets-v1__imo_1968_p5_1__writing-1-reflector__seed0,1,84f525da4d054248b7eb0fb34577ac72,8192,0.028241,0.005043799999999999,False,False
snippets-v1__mathd_algebra_224__writing-1-reflector__seed0,1,b84fb95a05274965bdbb2098e41485a9,8192,0.030901599999999998,0.0049006,False,False
snippets-v1__mathd_algebra_28__writing-1-reflector__seed0,1,123aa2dde26049f180093f247f04c26c,8192,0.0200534,0.0014108,False,False
snippets-v1__mathd_numbertheory_629__writing-1-reflector__seed0,1,3643ab1fb13846e39651d3d0416baafb,8192,0.0273344,0.0038745999999999997,False,False
snippets-v1__mathd_algebra_28__training-A__seed0,0,29f2101c9e6b441cae9ac3d307ed7821,32768,0.0516504,0.0,False,True
