theorem,old_nonace_source,old_nonace_cost,old_nonace_uncached,old_nonace_cached,old_nonace_input,old_nonace_output,old_nonace_solved,old_nonace_requests,old_nonace_book_sha256,old_x3_source,old_x3_cost,old_x3_uncached,old_x3_cached,old_x3_input,old_x3_output,old_x3_solved,old_x3_requests,old_x3_book_sha256,old_x3_seed1_source,old_x3_seed1_cost,old_x3_seed1_uncached,old_x3_seed1_cached,old_x3_seed1_input,old_x3_seed1_output,old_x3_seed1_solved,old_x3_seed1_requests,old_x3_seed1_book_sha256,old_saving,nonace_ordinary_solves,nonace_ordinary_mean_cost,nonace_matched_solves,nonace_matched_mean_cost,ace_historical_solves,ace_historical_mean_cost
imo_1960_p2,experiments/output/ace_attribution_20260912/validation/luna-none/configs/imo_1960_p2__luna-none-medium__gpt-5.6-luna__seed0,0.0391854,0.0793164,222950,342450,9022,False,24,12ae32cb1ec02d01eda3581b127c1fee3b0dc53572ed6baf239721a03d82e126,experiments/output/ace_polish_validation/configs/imo_1960_p2__reference-r64__gpt-5.6-luna__seed0,0.00632444,0.012938,36742,47752,2823,True,6,8a1af9956fa1de8341779cd6e6cf3be6c3986cd207b72881884087552a9e3f1a,experiments/output/ace_polish_validation/configs/imo_1960_p2__reference-r64__gpt-5.6-luna__seed1,0.0088124,0.01652,42820,60892,3618,True,7,8a1af9956fa1de8341779cd6e6cf3be6c3986cd207b72881884087552a9e3f1a,0.03286096,2,0.039172229999999995,2,0.014065919999999999,2,0.00509873
amc12b_2002_p3,experiments/output/ace_attribution_20260912/validation/luna-none/configs/amc12b_2002_p3__luna-none-medium__gpt-5.6-luna__seed0,0.03719388,0.0699834,182164,265455,14077,False,20,12ae32cb1ec02d01eda3581b127c1fee3b0dc53572ed6baf239721a03d82e126,experiments/output/ace_polish_validation/configs/amc12b_2002_p3__reference-r64__gpt-5.6-luna__seed0,0.005691659999999999,0.0111354,30243,39957,2620,True,5,8a1af9956fa1de8341779cd6e6cf3be6c3986cd207b72881884087552a9e3f1a,experiments/output/ace_polish_validation/configs/amc12b_2002_p3__reference-r64__gpt-5.6-luna__seed1,0.00526412,0.0131528,43826,52396,2228,True,6,8a1af9956fa1de8341779cd6e6cf3be6c3986cd207b72881884087552a9e3f1a,0.03150222,2,0.007203289999999999,2,0.00629227,2,0.009706300000000001
mathd_numbertheory_37,experiments/output/ace_attribution_20260912/validation/luna-none/configs/mathd_numbertheory_37__luna-none-medium__gpt-5.6-luna__seed0,0.03252764,0.058226599999999996,142772,252901,6372,False,23,12ae32cb1ec02d01eda3581b127c1fee3b0dc53572ed6baf239721a03d82e126,experiments/output/ace_polish_validation/configs/mathd_numbertheory_37__reference-r64__gpt-5.6-luna__seed0,0.018928359999999998,0.059517999999999995,225498,255428,7027,False,23,8a1af9956fa1de8341779cd6e6cf3be6c3986cd207b72881884087552a9e3f1a,experiments/output/ace_polish_validation/configs/mathd_numbertheory_37__reference-r64__gpt-5.6-luna__seed1,0.0349318,0.0741718,218000,308345,10419,False,25,8a1af9956fa1de8341779cd6e6cf3be6c3986cd207b72881884087552a9e3f1a,0.013599279999999998,0,0.02272037,0,0.02257671,0,0.02525156
aime_1984_p7,experiments/output/ace_attribution_20260912/validation/luna-none/configs/aime_1984_p7__luna-none-medium__gpt-5.6-luna__seed0,0.033174659999999995,0.037398,23463,101334,14276,True,9,12ae32cb1ec02d01eda3581b127c1fee3b0dc53572ed6baf239721a03d82e126,experiments/output/ace_polish_validation/configs/aime_1984_p7__reference-r64__gpt-5.6-luna__seed0,0.02100072,0.038298,96096,113952,12923,True,11,8a1af9956fa1de8341779cd6e6cf3be6c3986cd207b72881884087552a9e3f1a,experiments/output/ace_polish_validation/configs/aime_1984_p7__reference-r64__gpt-5.6-luna__seed1,0.03016264,0.049192599999999996,105722,167507,13076,True,12,8a1af9956fa1de8341779cd6e6cf3be6c3986cd207b72881884087552a9e3f1a,0.012173939999999994,1,0.03572848,1,0.05560074999999999,0,0.06384558
amc12a_2008_p4,experiments/output/ace_attribution_20260912/validation/luna-none/configs/amc12a_2008_p4__luna-none-medium__gpt-5.6-luna__seed0,0.020060619999999998,0.031190199999999998,61831,107807,8024,True,14,12ae32cb1ec02d01eda3581b127c1fee3b0dc53572ed6baf239721a03d82e126,experiments/output/ace_polish_validation/configs/amc12a_2008_p4__reference-r64__gpt-5.6-luna__seed0,0.0091323,0.0204408,62825,85350,2809,True,10,8a1af9956fa1de8341779cd6e6cf3be6c3986cd207b72881884087552a9e3f1a,experiments/output/ace_polish_validation/configs/amc12a_2008_p4__reference-r64__gpt-5.6-luna__seed1,0.02054932,0.0357586,84496,135887,7151,True,14,8a1af9956fa1de8341779cd6e6cf3be6c3986cd207b72881884087552a9e3f1a,0.010928319999999998,2,0.01131331,2,0.05960802999999999,2,0.024474489999999998
mathd_algebra_251,experiments/output/ace_attribution_20260912/validation/luna-none/configs/mathd_algebra_251__luna-none-medium__gpt-5.6-luna__seed0,0.00682706,0.0153272,47223,59416,2870,True,11,12ae32cb1ec02d01eda3581b127c1fee3b0dc53572ed6baf239721a03d82e126,experiments/output/ace_polish_validation/configs/mathd_algebra_251__reference-r64__gpt-5.6-luna__seed0,0.00034186000000000004,0.0014152,5963,5966,185,True,1,8a1af9956fa1de8341779cd6e6cf3be6c3986cd207b72881884087552a9e3f1a,experiments/output/ace_polish_validation/configs/mathd_algebra_251__reference-r64__gpt-5.6-luna__seed1,0.00076264,0.0016216,4772,5966,357,True,1,8a1af9956fa1de8341779cd6e6cf3be6c3986cd207b72881884087552a9e3f1a,0.0064852,2,0.00368966,2,0.0044266999999999996,2,0.0047937
aime_1991_p9,experiments/output/ace_attribution_20260912/validation/luna-none/configs/aime_1991_p9__luna-none-medium__gpt-5.6-luna__seed0,0.04211476,0.0707452,159058,281462,12044,False,26,12ae32cb1ec02d01eda3581b127c1fee3b0dc53572ed6baf239721a03d82e126,experiments/output/ace_polish_validation/configs/aime_1991_p9__reference-r64__gpt-5.6-luna__seed0,0.0356527,0.0724204,204265,299666,10406,True,23,8a1af9956fa1de8341779cd6e6cf3be6c3986cd207b72881884087552a9e3f1a,experiments/output/ace_polish_validation/configs/aime_1991_p9__reference-r64__gpt-5.6-luna__seed1,0.04051352,0.0676334,150666,246655,15252,False,21,8a1af9956fa1de8341779cd6e6cf3be6c3986cd207b72881884087552a9e3f1a,0.006462059999999999,2,0.02430978,1,0.06178989,0,0.062379729999999994
amc12_2001_p21,experiments/output/ace_attribution_20260912/validation/luna-none/configs/amc12_2001_p21__luna-none-medium__gpt-5.6-luna__seed0,0.0446155,0.0635452,105165,225368,15393,False,22,12ae32cb1ec02d01eda3581b127c1fee3b0dc53572ed6baf239721a03d82e126,experiments/output/ace_polish_validation/configs/amc12_2001_p21__reference-r64__gpt-5.6-luna__seed0,0.03846148,0.100591,345164,409067,15648,False,35,8a1af9956fa1de8341779cd6e6cf3be6c3986cd207b72881884087552a9e3f1a,experiments/output/ace_polish_validation/configs/amc12_2001_p21__reference-r64__gpt-5.6-luna__seed1,0.02169302,0.0399956,101681,147652,8721,True,15,8a1af9956fa1de8341779cd6e6cf3be6c3986cd207b72881884087552a9e3f1a,0.006154020000000003,0,0.04147402,0,0.023337269999999997,1,0.03145447
imo_1984_p6,experiments/output/ace_attribution_20260912/validation/luna-none/configs/imo_1984_p6__luna-none-medium__gpt-5.6-luna__seed0,0.03900012,0.077289,212716,329607,9473,False,24,12ae32cb1ec02d01eda3581b127c1fee3b0dc53572ed6baf239721a03d82e126,experiments/output/ace_polish_validation/configs/imo_1984_p6__reference-r64__gpt-5.6-luna__seed0,0.03317128,0.07207,216104,285968,12397,False,20,8a1af9956fa1de8341779cd6e6cf3be6c3986cd207b72881884087552a9e3f1a,experiments/output/ace_polish_validation/configs/imo_1984_p6__reference-r64__gpt-5.6-luna__seed1,0.038371999999999996,0.09241519999999999,300240,398992,10514,False,27,8a1af9956fa1de8341779cd6e6cf3be6c3986cd207b72881884087552a9e3f1a,0.005828840000000002,0,0.04056656,0,0.037306809999999996,0,0.052214039999999996
mathd_numbertheory_530,experiments/output/ace_attribution_20260912/validation/luna-none/configs/mathd_numbertheory_530__luna-none-medium__gpt-5.6-luna__seed0,0.04096698,0.0785148,208599,325944,11105,False,24,12ae32cb1ec02d01eda3581b127c1fee3b0dc53572ed6baf239721a03d82e126,experiments/output/ace_polish_validation/configs/mathd_numbertheory_530__reference-r64__gpt-5.6-luna__seed0,0.035738439999999996,0.0787768,239102,336170,9619,False,20,8a1af9956fa1de8341779cd6e6cf3be6c3986cd207b72881884087552a9e3f1a,experiments/output/ace_polish_validation/configs/mathd_numbertheory_530__reference-r64__gpt-5.6-luna__seed1,0.04194104,0.0878144,254852,355876,13866,False,22,8a1af9956fa1de8341779cd6e6cf3be6c3986cd207b72881884087552a9e3f1a,0.005228540000000004,0,0.03823731,0,0.06441985,0,0.06310989
amc12a_2020_p21,experiments/output/ace_attribution_20260912/validation/luna-none/configs/amc12a_2020_p21__luna-none-medium__gpt-5.6-luna__seed0,0.041066139999999994,0.06644019999999999,140967,247097,14184,False,22,12ae32cb1ec02d01eda3581b127c1fee3b0dc53572ed6baf239721a03d82e126,experiments/output/ace_polish_validation/configs/amc12a_2020_p21__reference-r64__gpt-5.6-luna__seed0,0.0363663,0.07545059999999999,217135,308055,11533,False,21,8a1af9956fa1de8341779cd6e6cf3be6c3986cd207b72881884087552a9e3f1a,experiments/output/ace_polish_validation/configs/amc12a_2020_p21__reference-r64__gpt-5.6-luna__seed1,0.0410846,0.084461,240980,326353,15992,False,25,8a1af9956fa1de8341779cd6e6cf3be6c3986cd207b72881884087552a9e3f1a,0.004699839999999997,0,0.02777198,0,0.05305369,0,0.05414439
imo_1981_p6,experiments/output/ace_attribution_20260912/validation/luna-none/configs/imo_1981_p6__luna-none-medium__gpt-5.6-luna__seed0,0.011709319999999999,0.018971599999999998,40346,64198,5110,True,8,12ae32cb1ec02d01eda3581b127c1fee3b0dc53572ed6baf239721a03d82e126,experiments/output/ace_polish_validation/configs/imo_1981_p6__reference-r64__gpt-5.6-luna__seed0,0.0078697,0.0124318,25345,43559,3100,True,5,8a1af9956fa1de8341779cd6e6cf3be6c3986cd207b72881884087552a9e3f1a,experiments/output/ace_polish_validation/configs/imo_1981_p6__reference-r64__gpt-5.6-luna__seed1,0.0043041799999999995,0.0062894000000000005,11029,15997,2575,True,2,8a1af9956fa1de8341779cd6e6cf3be6c3986cd207b72881884087552a9e3f1a,0.0038396199999999985,2,0.00859383,2,0.00494781,2,0.0033581799999999997
mathd_numbertheory_64,experiments/output/ace_attribution_20260912/validation/luna-none/configs/mathd_numbertheory_64__luna-none-medium__gpt-5.6-luna__seed0,0.00915588,0.016496999999999998,40784,51423,5177,True,9,12ae32cb1ec02d01eda3581b127c1fee3b0dc53572ed6baf239721a03d82e126,experiments/output/ace_polish_validation/configs/mathd_numbertheory_64__reference-r64__gpt-5.6-luna__seed0,0.00614216,0.0199118,76498,83119,2740,True,11,8a1af9956fa1de8341779cd6e6cf3be6c3986cd207b72881884087552a9e3f1a,experiments/output/ace_polish_validation/configs/mathd_numbertheory_64__reference-r64__gpt-5.6-luna__seed1,0.0034298999999999996,0.0078011999999999995,24285,31320,1281,True,4,8a1af9956fa1de8341779cd6e6cf3be6c3986cd207b72881884087552a9e3f1a,0.00301372,2,0.013951519999999999,2,0.013695039999999999,2,0.00935943
imo_1969_p2,experiments/output/ace_attribution_20260912/validation/luna-none/configs/imo_1969_p2__luna-none-medium__gpt-5.6-luna__seed0,0.04147332,0.0726414,173156,293973,11539,False,21,12ae32cb1ec02d01eda3581b127c1fee3b0dc53572ed6baf239721a03d82e126,experiments/output/ace_polish_validation/configs/imo_1969_p2__reference-r64__gpt-5.6-luna__seed0,0.03866376,0.069204,169668,278496,11254,False,19,8a1af9956fa1de8341779cd6e6cf3be6c3986cd207b72881884087552a9e3f1a,experiments/output/ace_polish_validation/configs/imo_1969_p2__reference-r64__gpt-5.6-luna__seed1,0.03513798,0.06670799999999999,175389,280572,8828,False,18,8a1af9956fa1de8341779cd6e6cf3be6c3986cd207b72881884087552a9e3f1a,0.0028095600000000026,0,0.03729677,0,0.06396422,0,0.06267828
imo_1964_p2,experiments/output/ace_attribution_20260912/validation/luna-none/configs/imo_1964_p2__luna-none-medium__gpt-5.6-luna__seed0,0.01614792,0.022249199999999997,33896,67026,7370,True,9,12ae32cb1ec02d01eda3581b127c1fee3b0dc53572ed6baf239721a03d82e126,experiments/output/ace_polish_validation/configs/imo_1964_p2__reference-r64__gpt-5.6-luna__seed0,0.01376906,0.021059599999999998,40503,64240,6843,True,7,8a1af9956fa1de8341779cd6e6cf3be6c3986cd207b72881884087552a9e3f1a,experiments/output/ace_polish_validation/configs/imo_1964_p2__reference-r64__gpt-5.6-luna__seed1,0.039577799999999996,0.0755112,199630,299508,13008,True,22,8a1af9956fa1de8341779cd6e6cf3be6c3986cd207b72881884087552a9e3f1a,0.00237886,2,0.02100475,2,0.01561044,2,0.032731249999999996
mathd_algebra_433,experiments/output/ace_attribution_20260912/validation/luna-none/configs/mathd_algebra_433__luna-none-medium__gpt-5.6-luna__seed0,0.003656,0.006896,18000,29242,873,True,6,12ae32cb1ec02d01eda3581b127c1fee3b0dc53572ed6baf239721a03d82e126,experiments/output/ace_polish_validation/configs/mathd_algebra_433__reference-r64__gpt-5.6-luna__seed0,0.0018152399999999999,0.004596599999999999,15452,20625,393,True,3,8a1af9956fa1de8341779cd6e6cf3be6c3986cd207b72881884087552a9e3f1a,experiments/output/ace_polish_validation/configs/mathd_algebra_433__reference-r64__gpt-5.6-luna__seed1,0.00289328,0.0065336000000000005,20224,27742,821,True,4,8a1af9956fa1de8341779cd6e6cf3be6c3986cd207b72881884087552a9e3f1a,0.00184076,2,0.0024319600000000004,2,0.0030405199999999997,2,0.00256114
mathd_numbertheory_33,experiments/output/ace_attribution_20260912/validation/luna-none/configs/mathd_numbertheory_33__luna-none-medium__gpt-5.6-luna__seed0,0.0026127,0.0064638,21395,25065,1209,True,5,12ae32cb1ec02d01eda3581b127c1fee3b0dc53572ed6baf239721a03d82e126,experiments/output/ace_polish_validation/configs/mathd_numbertheory_33__reference-r64__gpt-5.6-luna__seed0,0.00092788,0.0030616,11854,12284,504,True,2,8a1af9956fa1de8341779cd6e6cf3be6c3986cd207b72881884087552a9e3f1a,experiments/output/ace_polish_validation/configs/mathd_numbertheory_33__reference-r64__gpt-5.6-luna__seed1,0.00073328,0.002867,11854,12205,355,True,2,8a1af9956fa1de8341779cd6e6cf3be6c3986cd207b72881884087552a9e3f1a,0.00168482,2,0.00254235,2,0.00229808,2,0.0007657300000000001
mathd_algebra_214,experiments/output/ace_attribution_20260912/validation/luna-none/configs/mathd_algebra_214__luna-none-medium__gpt-5.6-luna__seed0,0.00205382,0.0034615999999999996,7821,12694,769,True,3,12ae32cb1ec02d01eda3581b127c1fee3b0dc53572ed6baf239721a03d82e126,experiments/output/ace_polish_validation/configs/mathd_algebra_214__reference-r64__gpt-5.6-luna__seed0,0.00059424,0.0014532,4772,6072,199,True,1,8a1af9956fa1de8341779cd6e6cf3be6c3986cd207b72881884087552a9e3f1a,experiments/output/ace_polish_validation/configs/mathd_algebra_214__reference-r64__gpt-5.6-luna__seed1,0.00038597999999999996,0.0014784,6069,6072,220,True,1,8a1af9956fa1de8341779cd6e6cf3be6c3986cd207b72881884087552a9e3f1a,0.00145958,2,0.0014225199999999998,2,0.00128185,2,0.00061011
algebra_others_exirrpowirrrat,experiments/output/ace_attribution_20260912/validation/luna-none/configs/algebra_others_exirrpowirrrat__luna-none-medium__gpt-5.6-luna__seed0,0.03804408,0.0829854,249674,354207,10120,False,24,12ae32cb1ec02d01eda3581b127c1fee3b0dc53572ed6baf239721a03d82e126,experiments/output/ace_polish_validation/configs/algebra_others_exirrpowirrrat__reference-r64__gpt-5.6-luna__seed0,0.03667356,0.10907639999999999,402238,474066,11886,False,32,8a1af9956fa1de8341779cd6e6cf3be6c3986cd207b72881884087552a9e3f1a,experiments/output/ace_polish_validation/configs/algebra_others_exirrpowirrrat__reference-r64__gpt-5.6-luna__seed1,0.03446712,0.0886392,300956,379482,10619,False,22,8a1af9956fa1de8341779cd6e6cf3be6c3986cd207b72881884087552a9e3f1a,0.00137052,0,0.03572108,0,0.06530507999999999,0,0.06201146
mathd_algebra_327,experiments/output/ace_attribution_20260912/validation/luna-none/configs/mathd_algebra_327__luna-none-medium__gpt-5.6-luna__seed0,0.00247056,0.0045455999999999995,11528,19260,578,True,3,12ae32cb1ec02d01eda3581b127c1fee3b0dc53572ed6baf239721a03d82e126,experiments/output/ace_polish_validation/configs/mathd_algebra_327__reference-r64__gpt-5.6-luna__seed0,0.0012978399999999998,0.0034437999999999995,11922,15161,343,True,2,8a1af9956fa1de8341779cd6e6cf3be6c3986cd207b72881884087552a9e3f1a,experiments/output/ace_polish_validation/configs/mathd_algebra_327__reference-r64__gpt-5.6-luna__seed1,0.0016775,0.0047186,16895,21451,357,True,3,8a1af9956fa1de8341779cd6e6cf3be6c3986cd207b72881884087552a9e3f1a,0.0011727200000000004,2,0.0023423,2,0.00226447,2,0.0010604499999999999
amc12b_2003_p6,experiments/output/ace_attribution_20260912/validation/luna-none/configs/amc12b_2003_p6__luna-none-medium__gpt-5.6-luna__seed0,0.02409354,0.0471168,127907,190854,7455,True,19,12ae32cb1ec02d01eda3581b127c1fee3b0dc53572ed6baf239721a03d82e126,experiments/output/ace_polish_validation/configs/amc12b_2003_p6__reference-r64__gpt-5.6-luna__seed0,0.0230909,0.036231799999999995,73005,123457,9617,True,12,8a1af9956fa1de8341779cd6e6cf3be6c3986cd207b72881884087552a9e3f1a,experiments/output/ace_polish_validation/configs/amc12b_2003_p6__reference-r64__gpt-5.6-luna__seed1,0.04324058,0.0672038,133129,258013,13001,True,21,8a1af9956fa1de8341779cd6e6cf3be6c3986cd207b72881884087552a9e3f1a,0.001002639999999999,2,0.02544417,2,0.02560861,2,0.03626216
mathd_algebra_421,experiments/output/ace_attribution_20260912/validation/luna-none/configs/mathd_algebra_421__luna-none-medium__gpt-5.6-luna__seed0,0.00219164,0.00464,13602,17968,872,True,4,12ae32cb1ec02d01eda3581b127c1fee3b0dc53572ed6baf239721a03d82e126,experiments/output/ace_polish_validation/configs/mathd_algebra_421__reference-r64__gpt-5.6-luna__seed0,0.00162758,0.0048062,17659,19747,714,True,3,8a1af9956fa1de8341779cd6e6cf3be6c3986cd207b72881884087552a9e3f1a,experiments/output/ace_polish_validation/configs/mathd_algebra_421__reference-r64__gpt-5.6-luna__seed1,0.0036539399999999996,0.0064992,15807,23250,1541,True,3,8a1af9956fa1de8341779cd6e6cf3be6c3986cd207b72881884087552a9e3f1a,0.0005640599999999999,2,0.00575208,2,0.0012241700000000001,2,0.00290364
amc12a_2013_p8,experiments/output/ace_attribution_20260912/validation/luna-none/configs/amc12a_2013_p8__luna-none-medium__gpt-5.6-luna__seed0,0.006025399999999999,0.0115046,30440,40945,2763,True,8,12ae32cb1ec02d01eda3581b127c1fee3b0dc53572ed6baf239721a03d82e126,experiments/output/ace_polish_validation/configs/amc12a_2013_p8__reference-r64__gpt-5.6-luna__seed0,0.0056448,0.0093942,20830,26559,3402,True,4,8a1af9956fa1de8341779cd6e6cf3be6c3986cd207b72881884087552a9e3f1a,experiments/output/ace_polish_validation/configs/amc12a_2013_p8__reference-r64__gpt-5.6-luna__seed1,0.00759892,0.0137758,34316,45083,3966,True,6,8a1af9956fa1de8341779cd6e6cf3be6c3986cd207b72881884087552a9e3f1a,0.00038059999999999917,2,0.009625169999999999,2,0.007203940000000001,2,0.00427926
mathd_algebra_190,experiments/output/ace_attribution_20260912/validation/luna-none/configs/mathd_algebra_190__luna-none-medium__gpt-5.6-luna__seed0,0.0005643,0.0017081999999999998,6355,7755,131,True,2,12ae32cb1ec02d01eda3581b127c1fee3b0dc53572ed6baf239721a03d82e126,experiments/output/ace_polish_validation/configs/mathd_algebra_190__reference-r64__gpt-5.6-luna__seed0,0.00030785999999999997,0.0013775999999999999,5943,5946,157,True,1,8a1af9956fa1de8341779cd6e6cf3be6c3986cd207b72881884087552a9e3f1a,experiments/output/ace_polish_validation/configs/mathd_algebra_190__reference-r64__gpt-5.6-luna__seed1,0.00055944,0.0014183999999999998,4772,5946,191,True,1,8a1af9956fa1de8341779cd6e6cf3be6c3986cd207b72881884087552a9e3f1a,0.00025644000000000003,2,0.00029924,2,0.00035645,2,0.00033765
amc12b_2020_p5,experiments/output/ace_attribution_20260912/validation/luna-none/configs/amc12b_2020_p5__luna-none-medium__gpt-5.6-luna__seed0,0.00053394,0.0010032,2607,4014,167,True,1,12ae32cb1ec02d01eda3581b127c1fee3b0dc53572ed6baf239721a03d82e126,experiments/output/ace_polish_validation/configs/amc12b_2020_p5__reference-r64__gpt-5.6-luna__seed0,0.00033951999999999995,0.0014566,6206,6209,179,True,1,8a1af9956fa1de8341779cd6e6cf3be6c3986cd207b72881884087552a9e3f1a,experiments/output/ace_polish_validation/configs/amc12b_2020_p5__reference-r64__gpt-5.6-luna__seed1,0.00039232,0.0015094,6206,6209,223,True,1,8a1af9956fa1de8341779cd6e6cf3be6c3986cd207b72881884087552a9e3f1a,0.00019442000000000005,2,0.00030252999999999996,2,0.00043069,2,0.00045178
aime_1989_p8,experiments/output/ace_attribution_20260912/validation/luna-none/configs/aime_1989_p8__luna-none-medium__gpt-5.6-luna__seed0,0.00048434,0.0009536,2607,4378,65,True,1,12ae32cb1ec02d01eda3581b127c1fee3b0dc53572ed6baf239721a03d82e126,experiments/output/ace_polish_validation/configs/aime_1989_p8__reference-r64__gpt-5.6-luna__seed0,0.000312,0.0014946,6570,6573,150,True,1,8a1af9956fa1de8341779cd6e6cf3be6c3986cd207b72881884087552a9e3f1a,experiments/output/ace_polish_validation/configs/aime_1989_p8__reference-r64__gpt-5.6-luna__seed1,0.0003072,0.0014898,6570,6573,146,True,1,8a1af9956fa1de8341779cd6e6cf3be6c3986cd207b72881884087552a9e3f1a,0.00017234,2,0.0001751,2,0.00032462,2,0.00046061999999999996
mathd_algebra_234,experiments/output/ace_attribution_20260912/validation/luna-none/configs/mathd_algebra_234__luna-none-medium__gpt-5.6-luna__seed0,0.00049274,0.000962,2607,3766,174,True,1,12ae32cb1ec02d01eda3581b127c1fee3b0dc53572ed6baf239721a03d82e126,experiments/output/ace_polish_validation/configs/mathd_algebra_234__reference-r64__gpt-5.6-luna__seed0,0.00035376,0.0014262,5958,5961,195,True,1,8a1af9956fa1de8341779cd6e6cf3be6c3986cd207b72881884087552a9e3f1a,experiments/output/ace_polish_validation/configs/mathd_algebra_234__reference-r64__gpt-5.6-luna__seed1,0.00060564,0.0014646,4772,5961,227,True,1,8a1af9956fa1de8341779cd6e6cf3be6c3986cd207b72881884087552a9e3f1a,0.00013897999999999997,2,0.0006965,2,0.00031908999999999996,2,0.00041850000000000004
amc12a_2016_p3,experiments/output/ace_attribution_20260912/validation/luna-none/configs/amc12a_2016_p3__luna-none-medium__gpt-5.6-luna__seed0,0.00682014,0.0095304,15057,39072,1430,True,4,12ae32cb1ec02d01eda3581b127c1fee3b0dc53572ed6baf239721a03d82e126,experiments/output/ace_polish_validation/configs/amc12a_2016_p3__reference-r64__gpt-5.6-luna__seed0,0.00671758,0.0133594,36899,49865,2822,True,6,8a1af9956fa1de8341779cd6e6cf3be6c3986cd207b72881884087552a9e3f1a,experiments/output/ace_polish_validation/configs/amc12a_2016_p3__reference-r64__gpt-5.6-luna__seed1,0.01299464,0.029333599999999998,90772,118876,4632,True,11,8a1af9956fa1de8341779cd6e6cf3be6c3986cd207b72881884087552a9e3f1a,0.0001025599999999998,2,0.0143153,2,0.01149188,2,0.02304441
mathd_numbertheory_284,experiments/output/ace_attribution_20260912/validation/luna-none/configs/mathd_numbertheory_284__luna-none-medium__gpt-5.6-luna__seed0,0.00038374,0.000853,2607,3785,80,True,1,12ae32cb1ec02d01eda3581b127c1fee3b0dc53572ed6baf239721a03d82e126,experiments/output/ace_polish_validation/configs/mathd_numbertheory_284__reference-r64__gpt-5.6-luna__seed0,0.00047744,0.0013364,4772,5980,117,True,1,8a1af9956fa1de8341779cd6e6cf3be6c3986cd207b72881884087552a9e3f1a,experiments/output/ace_polish_validation/configs/mathd_numbertheory_284__reference-r64__gpt-5.6-luna__seed1,0.00046573999999999997,0.0015416,5977,5980,288,True,1,8a1af9956fa1de8341779cd6e6cf3be6c3986cd207b72881884087552a9e3f1a,-9.37e-05,2,0.00017104000000000002,2,0.00039978999999999997,2,0.00048719
amc12a_2002_p6,experiments/output/ace_attribution_20260912/validation/luna-none/configs/amc12a_2002_p6__luna-none-medium__gpt-5.6-luna__seed0,0.00043074,0.0009,2607,3810,115,True,1,12ae32cb1ec02d01eda3581b127c1fee3b0dc53572ed6baf239721a03d82e126,experiments/output/ace_polish_validation/configs/amc12a_2002_p6__reference-r64__gpt-5.6-luna__seed0,0.00055204,0.001411,4772,6005,175,True,1,8a1af9956fa1de8341779cd6e6cf3be6c3986cd207b72881884087552a9e3f1a,experiments/output/ace_polish_validation/configs/amc12a_2002_p6__reference-r64__gpt-5.6-luna__seed1,0.00048063999999999995,0.0015609999999999999,6002,6005,300,True,1,8a1af9956fa1de8341779cd6e6cf3be6c3986cd207b72881884087552a9e3f1a,-0.00012129999999999997,2,0.00058017,2,0.00022374,2,0.00045334
mathd_numbertheory_461,experiments/output/ace_attribution_20260912/validation/luna-none/configs/mathd_numbertheory_461__luna-none-medium__gpt-5.6-luna__seed0,0.0004723399999999999,0.0009415999999999999,2607,3802,151,True,1,12ae32cb1ec02d01eda3581b127c1fee3b0dc53572ed6baf239721a03d82e126,experiments/output/ace_polish_validation/configs/mathd_numbertheory_461__reference-r64__gpt-5.6-luna__seed0,0.0006368400000000001,0.0014958,4772,5997,247,True,1,8a1af9956fa1de8341779cd6e6cf3be6c3986cd207b72881884087552a9e3f1a,experiments/output/ace_polish_validation/configs/mathd_numbertheory_461__reference-r64__gpt-5.6-luna__seed1,0.00039048,0.0014694,5994,5997,225,True,1,8a1af9956fa1de8341779cd6e6cf3be6c3986cd207b72881884087552a9e3f1a,-0.00016450000000000015,2,0.00026977999999999995,2,0.00028646,2,0.00054126
mathd_numbertheory_43,experiments/output/ace_attribution_20260912/validation/luna-none/configs/mathd_numbertheory_43__luna-none-medium__gpt-5.6-luna__seed0,0.018451679999999998,0.0442518,143334,178689,7095,False,20,12ae32cb1ec02d01eda3581b127c1fee3b0dc53572ed6baf239721a03d82e126,experiments/output/ace_polish_validation/configs/mathd_numbertheory_43__reference-r64__gpt-5.6-luna__seed0,0.0190502,0.08518579999999999,367420,384079,6975,False,29,8a1af9956fa1de8341779cd6e6cf3be6c3986cd207b72881884087552a9e3f1a,experiments/output/ace_polish_validation/configs/mathd_numbertheory_43__reference-r64__gpt-5.6-luna__seed1,0.031390879999999996,0.0812534,277014,338749,11253,False,26,8a1af9956fa1de8341779cd6e6cf3be6c3986cd207b72881884087552a9e3f1a,-0.0005985200000000017,0,0.03198792,0,0.02131613,0,0.03234125
amc12a_2019_p21,experiments/output/ace_attribution_20260912/validation/luna-none/configs/amc12a_2019_p21__luna-none-medium__gpt-5.6-luna__seed0,0.03950654,0.0899816,280417,414958,5825,False,26,12ae32cb1ec02d01eda3581b127c1fee3b0dc53572ed6baf239721a03d82e126,experiments/output/ace_polish_validation/configs/amc12a_2019_p21__reference-r64__gpt-5.6-luna__seed0,0.040915639999999996,0.1325468,509062,622114,6770,False,27,8a1af9956fa1de8341779cd6e6cf3be6c3986cd207b72881884087552a9e3f1a,experiments/output/ace_polish_validation/configs/amc12a_2019_p21__reference-r64__gpt-5.6-luna__seed1,0.04223814,0.1014882,329167,461793,7608,False,29,8a1af9956fa1de8341779cd6e6cf3be6c3986cd207b72881884087552a9e3f1a,-0.0014090999999999965,0,0.036285769999999995,0,0.058703969999999994,0,0.04563122
aime_1991_p6,experiments/output/ace_attribution_20260912/validation/luna-none/configs/aime_1991_p6__luna-none-medium__gpt-5.6-luna__seed0,0.03157002,0.0511272,108651,210534,7517,False,11,12ae32cb1ec02d01eda3581b127c1fee3b0dc53572ed6baf239721a03d82e126,experiments/output/ace_polish_validation/configs/aime_1991_p6__reference-r64__gpt-5.6-luna__seed0,0.03469452,0.0556962,116676,166875,18601,False,13,8a1af9956fa1de8341779cd6e6cf3be6c3986cd207b72881884087552a9e3f1a,experiments/output/ace_polish_validation/configs/aime_1991_p6__reference-r64__gpt-5.6-luna__seed1,0.0421852,0.069709,152910,264911,13939,False,15,8a1af9956fa1de8341779cd6e6cf3be6c3986cd207b72881884087552a9e3f1a,-0.0031245000000000023,0,0.04580928,0,0.06610289,0,0.05964369
mathd_numbertheory_303,experiments/output/ace_attribution_20260912/validation/luna-none/configs/mathd_numbertheory_303__luna-none-medium__gpt-5.6-luna__seed0,0.036631239999999995,0.0670462,168972,246605,14771,False,23,12ae32cb1ec02d01eda3581b127c1fee3b0dc53572ed6baf239721a03d82e126,experiments/output/ace_polish_validation/configs/mathd_numbertheory_303__reference-r64__gpt-5.6-luna__seed0,0.04002686,0.0905768,280833,364522,14727,False,23,8a1af9956fa1de8341779cd6e6cf3be6c3986cd207b72881884087552a9e3f1a,experiments/output/ace_polish_validation/configs/mathd_numbertheory_303__reference-r64__gpt-5.6-luna__seed1,0.04075902,0.0903114,275291,358419,15523,False,24,8a1af9956fa1de8341779cd6e6cf3be6c3986cd207b72881884087552a9e3f1a,-0.003395620000000002,0,0.035477999999999996,0,0.06157593,0,0.06310952
mathd_numbertheory_405,experiments/output/ace_attribution_20260912/validation/luna-none/configs/mathd_numbertheory_405__luna-none-medium__gpt-5.6-luna__seed0,0.03685584,0.048136799999999993,62672,149280,15234,False,13,12ae32cb1ec02d01eda3581b127c1fee3b0dc53572ed6baf239721a03d82e126,experiments/output/ace_polish_validation/configs/mathd_numbertheory_405__reference-r64__gpt-5.6-luna__seed0,0.040541839999999996,0.0497402,51102,140923,17963,False,10,8a1af9956fa1de8341779cd6e6cf3be6c3986cd207b72881884087552a9e3f1a,experiments/output/ace_polish_validation/configs/mathd_numbertheory_405__reference-r64__gpt-5.6-luna__seed1,0.034205179999999995,0.044362399999999996,56429,148552,12210,False,10,8a1af9956fa1de8341779cd6e6cf3be6c3986cd207b72881884087552a9e3f1a,-0.003685999999999995,0,0.038394769999999995,0,0.06722982,2,0.04255314
mathd_algebra_393,experiments/output/ace_attribution_20260912/validation/luna-none/configs/mathd_algebra_393__luna-none-medium__gpt-5.6-luna__seed0,0.0072076399999999995,0.013254199999999999,33592,42961,3885,True,7,12ae32cb1ec02d01eda3581b127c1fee3b0dc53572ed6baf239721a03d82e126,experiments/output/ace_polish_validation/configs/mathd_algebra_393__reference-r64__gpt-5.6-luna__seed0,0.01220498,0.0279008,87199,107146,5393,True,11,8a1af9956fa1de8341779cd6e6cf3be6c3986cd207b72881884087552a9e3f1a,experiments/output/ace_polish_validation/configs/mathd_algebra_393__reference-r64__gpt-5.6-luna__seed1,0.00645398,0.0143936,44109,54082,2981,True,7,8a1af9956fa1de8341779cd6e6cf3be6c3986cd207b72881884087552a9e3f1a,-0.004997340000000001,2,0.00834752,2,0.00368078,2,0.00952062
mathd_algebra_282,experiments/output/ace_attribution_20260912/validation/luna-none/configs/mathd_algebra_282__luna-none-medium__gpt-5.6-luna__seed0,0.0312497,0.13165459999999998,557805,619921,6392,False,30,12ae32cb1ec02d01eda3581b127c1fee3b0dc53572ed6baf239721a03d82e126,experiments/output/ace_polish_validation/configs/mathd_algebra_282__reference-r64__gpt-5.6-luna__seed0,0.03626396,0.08134999999999999,250478,344590,10360,False,20,8a1af9956fa1de8341779cd6e6cf3be6c3986cd207b72881884087552a9e3f1a,experiments/output/ace_polish_validation/configs/mathd_algebra_282__reference-r64__gpt-5.6-luna__seed1,0.033549619999999995,0.1341302,558781,627451,7200,False,29,8a1af9956fa1de8341779cd6e6cf3be6c3986cd207b72881884087552a9e3f1a,-0.0050142599999999996,0,0.03479553,0,0.05532975999999999,0,0.04984438
amc12_2000_p12,experiments/output/ace_attribution_20260912/validation/luna-none/configs/amc12_2000_p12__luna-none-medium__gpt-5.6-luna__seed0,0.00550832,0.009316399999999999,21156,32812,2295,True,6,12ae32cb1ec02d01eda3581b127c1fee3b0dc53572ed6baf239721a03d82e126,experiments/output/ace_polish_validation/configs/amc12_2000_p12__reference-r64__gpt-5.6-luna__seed0,0.01450842,0.022038,41831,61698,8082,True,8,8a1af9956fa1de8341779cd6e6cf3be6c3986cd207b72881884087552a9e3f1a,experiments/output/ace_polish_validation/configs/amc12_2000_p12__reference-r64__gpt-5.6-luna__seed1,0.018235039999999998,0.033281599999999995,83592,113734,8779,True,11,8a1af9956fa1de8341779cd6e6cf3be6c3986cd207b72881884087552a9e3f1a,-0.0090001,2,0.02066281,1,0.04202512,2,0.01831295
induction_prod1p1onk3le3m1onn,experiments/output/ace_attribution_20260912/validation/luna-none/configs/induction_prod1p1onk3le3m1onn__luna-none-medium__gpt-5.6-luna__seed0,0.0229819,0.031107999999999997,45145,108176,7894,True,11,12ae32cb1ec02d01eda3581b127c1fee3b0dc53572ed6baf239721a03d82e126,experiments/output/ace_polish_validation/configs/induction_prod1p1onk3le3m1onn__reference-r64__gpt-5.6-luna__seed0,0.04039864,0.0636298,129062,237491,13443,True,17,8a1af9956fa1de8341779cd6e6cf3be6c3986cd207b72881884087552a9e3f1a,experiments/output/ace_polish_validation/configs/induction_prod1p1onk3le3m1onn__reference-r64__gpt-5.6-luna__seed1,0.039679139999999995,0.0585066,104597,213357,13196,False,14,8a1af9956fa1de8341779cd6e6cf3be6c3986cd207b72881884087552a9e3f1a,-0.01741674,0,0.041017689999999996,0,0.06642332,1,0.05807409999999999
