stage,arm,stopping_allowance,n,solves,mean_solves_per_40,all_attempt_cost,all_attempt_cost_lower,all_attempt_cost_upper,invoice_exact,mean_cost_per_40,cost_per_solve,baseline,saving_vs_same_cap,saving_vs_same_cap_interval,solve_difference_vs_same_cap,saving_vs_ordinary_ten_cents,saving_vs_ordinary_ten_cents_interval,solve_difference_vs_ordinary_ten_cents,dominated_by_a_matched_nonace_budget,preparation_cost,cost_including_preparation_at_measured_n,cost_including_preparation_interval,break_even_problems_at_same_cap,problems_for_ten_percent_total_saving_at_same_cap
train,A0,0.05,80,61,30.5,1.43027771,1.43027771,1.43027771,True,0.715138855,0.02344717557377049,A0,0.0,"[0.0, 0.0]",0.0,0.16592021203579854,"[0.16592021203579854, 0.16592021203579854]",-1.0,False,0.0,1.43027771,"[1.43027771, 1.43027771]",,
train,A0,0.075,80,62,31.0,1.6388340899999998,1.6388340899999998,1.6388340899999998,True,0.8194170449999999,0.026432807903225802,A0,0.0,"[0.0, 0.0]",0.0,0.0442986136617447,"[0.0442986136617447, 0.0442986136617447]",-0.5,False,0.0,1.6388340899999998,"[1.6388340899999998, 1.6388340899999998]",,
train,A0,0.09,80,62,31.0,1.7033922799999999,1.7033922799999999,1.7033922799999999,True,0.8516961399999999,0.02747406903225806,A0,0.0,"[0.0, 0.0]",0.0,0.006650902975857909,"[0.006650902975857909, 0.006650902975857909]",-0.5,True,0.0,1.7033922799999999,"[1.7033922799999999, 1.7033922799999999]",,
train,A0,0.1,80,63,31.5,1.7147972299999998,1.7147972299999998,1.7147972299999998,True,0.8573986149999999,0.027219003650793647,A0,0.0,"[0.0, 0.0]",0.0,0.0,"[0.0, 0.0]",0.0,False,0.0,1.7147972299999998,"[1.7147972299999998, 1.7147972299999998]",,
train,A1,0.05,80,62,31.0,1.37221124,1.37221124,1.37221124,True,0.68610562,0.022132439354838707,A0,0.040598038824222415,"[0.040598038824222415, 0.040598038824222415]",0.5,0.19978221565006837,"[0.19978221565006837, 0.19978221565006837]",-0.5,False,,,,,
train,A1,0.075,80,66,33.0,1.56358771,1.56358771,1.56358771,True,0.781793855,0.023690722878787877,A0,0.045914580651663095,"[0.045914580651663095, 0.045914580651663095]",2.0,0.08817924204367877,"[0.08817924204367877, 0.08817924204367877]",1.5,False,,,,,
train,A1,0.09,80,67,33.5,1.62517104,1.62517104,1.62517104,True,0.81258552,0.024256284179104477,A0,0.04592086093051917,"[0.04592086093051917, 0.04592086093051917]",2.5,0.05226634871576041,"[0.05226634871576041, 0.05226634871576041]",2.0,False,,,,,
train,A1,0.1,80,67,33.5,1.6362074199999999,1.6362074199999999,1.6362074199999999,True,0.8181037099999999,0.024421006268656714,A0,0.045830380773358215,"[0.045830380773358215, 0.045830380773358215]",2.0,0.045830380773358215,"[0.045830380773358215, 0.045830380773358215]",2.0,False,,,,,
train,A2,0.05,80,59,29.5,1.47305191,1.47305191,1.47305191,True,0.736525955,0.024966981525423728,A0,-0.029906220100430758,"[-0.029906220100430758, -0.029906220100430758]",-1.0,0.14097603831562056,"[0.14097603831562056, 0.14097603831562056]",-2.0,True,21.16027059,22.6333225,"[22.6333225, 22.6333225]",,
train,A2,0.075,80,61,30.5,1.6468821200000001,1.6468821200000001,1.6468821200000001,True,0.8234410600000001,0.02699806754098361,A0,-0.004910826574275218,"[-0.004910826574275218, -0.004910826574275218]",-0.5,0.039605329896643116,"[0.039605329896643116, 0.039605329896643116]",-1.0,True,21.16027059,22.80715271,"[22.80715271, 22.80715271]",,
train,A2,0.09,80,61,30.5,1.7093384600000001,1.7093384600000001,1.7093384600000001,True,0.8546692300000001,0.028021941967213117,A0,-0.003490787219019298,"[-0.003490787219019298, -0.003490787219019298]",-0.5,0.003183332643941661,"[0.003183332643941661, 0.003183332643941661]",-1.0,True,21.16027059,22.86960905,"[22.86960905, 22.86960905]",,
train,A2,0.1,80,61,30.5,1.7093384600000001,1.7093384600000001,1.7093384600000001,True,0.8546692300000001,0.028021941967213117,A0,0.003183332643941661,"[0.003183332643941661, 0.003183332643941661]",-1.0,0.003183332643941661,"[0.003183332643941661, 0.003183332643941661]",-1.0,True,21.16027059,22.86960905,"[22.86960905, 22.86960905]",310111,
train,B0,0.05,80,59,29.5,1.5380061,1.5380061,1.5380061,True,0.76900305,0.0260679,B0,0.0,"[0.0, 0.0]",0.0,0.15081870414542708,"[0.15081870414542708, 0.15081870414542708]",-1.0,False,0.0,1.5380061,"[1.5380061, 1.5380061]",,
train,B0,0.075,80,61,30.5,1.73951207,1.73951207,1.73951207,True,0.869756035,0.02851659131147541,B0,0.0,"[0.0, 0.0]",0.0,0.03956095248434288,"[0.03956095248434288, 0.03956095248434288]",0.0,False,0.0,1.73951207,"[1.73951207, 1.73951207]",,
train,B0,0.09,80,61,30.5,1.80228301,1.80228301,1.80228301,True,0.901141505,0.0295456231147541,B0,0.0,"[0.0, 0.0]",0.0,0.004903152251164555,"[0.004903152251164555, 0.004903152251164555]",0.0,True,0.0,1.80228301,"[1.80228301, 1.80228301]",,
train,B0,0.1,80,61,30.5,1.81116342,1.81116342,1.81116342,True,0.90558171,0.029691203606557377,B0,0.0,"[0.0, 0.0]",0.0,0.0,"[0.0, 0.0]",0.0,True,0.0,1.81116342,"[1.81116342, 1.81116342]",,
train,B1,0.05,80,64,32.0,1.53202329,1.30963057,1.53202329,False,0.766011645,0.02393786390625,B0,0.0038899780696579622,"[0.0038899780696579622, 0.1484880521605214]",2.5,0.15412200076346505,"[0.15412200076346505, 0.27691198069802003]",1.5,False,27.57797978,29.11000307,"[28.88761035, 29.11000307]",368763,
train,B1,0.075,80,64,32.0,1.70653473,1.48414201,1.70653473,False,0.853267365,0.02666460515625,B0,0.018957810393347763,"[0.018957810393347763, 0.1468055694491387]",1.5,0.057768773841512355,"[0.057768773841512355, 0.18055875377606734]",1.5,False,27.57797978,29.28451451,"[29.06212179, 29.28451451]",66902,
train,B1,0.09,80,65,32.5,1.82759158,1.60519886,1.82759158,False,0.91379579,0.028116793538461537,B0,-0.01404250601019652,"[-0.01404250601019652, 0.10935249841810357]",2.0,-0.009070501214075932,"[-0.009070501214075932, 0.11371947872047905]",2.0,False,27.57797978,29.40557136,"[29.18317864, 29.40557136]",,
train,B1,0.1,80,65,32.5,1.87338304,1.65099032,1.87338304,False,0.93669152,0.02882127753846154,B0,-0.03435339920900127,"[-0.03435339920900127, 0.08843658072555372]",2.0,-0.03435339920900127,"[-0.03435339920900127, 0.08843658072555372]",2.0,False,27.57797978,29.45136282,"[29.228970099999998, 29.45136282]",,
train,B2,0.05,80,64,32.0,1.4189427,1.4189427,1.4189427,True,0.70947135,0.0221709796875,B0,0.0774141272911727,"[0.0774141272911727, 0.0774141272911727]",2.5,0.216557333075996,"[0.216557333075996, 0.216557333075996]",1.5,False,44.71989878,46.13884148,"[46.13884148, 46.13884148]",30048,
train,B2,0.075,80,66,33.0,1.61831669,1.61831669,1.61831669,True,0.809158345,0.024519949848484848,B0,0.06967205464691029,"[0.06967205464691029, 0.06967205464691029]",2.5,0.1064767142878803,"[0.1064767142878803, 0.1064767142878803]",2.5,False,44.71989878,46.33821547,"[46.33821547, 46.33821547]",29520,
train,B2,0.09,80,66,33.0,1.6813156999999999,1.6813156999999999,1.6813156999999999,True,0.8406578499999999,0.0254744803030303,B0,0.0671189315600329,"[0.0671189315600329, 0.0671189315600329]",2.5,0.07169298947082314,"[0.07169298947082314, 0.07169298947082314]",2.5,False,44.71989878,46.40121448,"[46.40121448, 46.40121448]",29575,
train,B2,0.1,80,66,33.0,1.8124201599999998,1.8124201599999998,1.8124201599999998,True,0.9062100799999999,0.027460911515151513,B0,-0.0006938854805271788,"[-0.0006938854805271788, -0.0006938854805271788]",2.5,-0.0006938854805271788,"[-0.0006938854805271788, -0.0006938854805271788]",2.5,False,44.71989878,46.53231894,"[46.53231894, 46.53231894]",,
train,O1,0.05,80,63,31.5,1.31622431,1.31622431,1.31622431,True,0.658112155,0.020892449365079363,A0,0.07974213623171122,"[0.07974213623171122, 0.07974213623171122]",1.0,0.23243151611575663,"[0.23243151611575663, 0.23243151611575663]",0.0,False,23.46235247,24.778576779999998,"[24.778576779999998, 24.778576779999998]",16458,
train,O1,0.075,80,64,32.0,1.47520136,1.47520136,1.47520136,True,0.73760068,0.02305002125,A0,0.09984703820750995,"[0.09984703820750995, 0.09984703820750995]",1.0,0.13972256649843073,"[0.13972256649843073, 0.13972256649843073]",0.5,False,23.46235247,24.93755383,"[24.93755383, 24.93755383]",11471,
train,O1,0.09,80,64,32.0,1.48851472,1.48851472,1.48851472,True,0.74425736,0.0232580425,A0,0.12614684387321506,"[0.12614684387321506, 0.12614684387321506]",1.0,0.13195875642976163,"[0.13195875642976163, 0.13195875642976163]",0.5,False,23.46235247,24.95086719,"[24.95086719, 24.95086719]",8736,42144
train,O1,0.1,80,64,32.0,1.49239593,1.49239593,1.49239593,True,0.746197965,0.02331868640625,A0,0.1296953926150206,"[0.1296953926150206, 0.1296953926150206]",0.5,0.1296953926150206,"[0.1296953926150206, 0.1296953926150206]",0.5,False,23.46235247,24.9547484,"[24.9547484, 24.9547484]",8440,36861
train,P1,0.05,80,58,29.0,1.45318676,1.45318676,1.45318676,True,0.72659338,0.025054944137931034,A0,-0.01601720409947527,"[-0.01601720409947527, -0.01601720409947527]",-1.5,0.15256058583672893,"[0.15256058583672893, 0.15256058583672893]",-2.5,True,2.09789942,3.55108618,"[3.55108618, 3.55108618]",,
train,P1,0.075,80,59,29.5,1.65426221,1.65426221,1.65426221,True,0.827131105,0.02803834254237288,A0,-0.009414082910613741,"[-0.009414082910613741, -0.009414082910613741]",-1.5,0.03530156157296793,"[0.03530156157296793, 0.03530156157296793]",-2.0,True,2.09789942,3.75216163,"[3.75216163, 3.75216163]",,
train,P1,0.09,80,59,29.5,1.7391292999999999,1.7391292999999999,1.7391292999999999,True,0.8695646499999999,0.029476767796610168,A0,-0.020979911920230077,"[-0.020979911920230077, -0.020979911920230077]",-1.5,-0.014189473585748624,"[-0.014189473585748624, -0.014189473585748624]",-2.0,True,2.09789942,3.83702872,"[3.83702872, 3.83702872]",,
train,P1,0.1,80,59,29.5,1.7450815,1.7450815,1.7450815,True,0.87254075,0.029577652542372882,A0,-0.017660554536818474,"[-0.017660554536818474, -0.017660554536818474]",-2.0,-0.017660554536818474,"[-0.017660554536818474, -0.017660554536818474]",-2.0,True,2.09789942,3.84298092,"[3.84298092, 3.84298092]",,
train,R1,0.05,80,64,32.0,1.3910366299999999,1.3910366299999999,1.3910366299999999,True,0.6955183149999999,0.021734947343749998,A0,0.02743598653998458,"[0.02743598653998458, 0.02743598653998458]",1.5,0.18880401387165757,"[0.18880401387165757, 0.18880401387165757]",0.5,False,21.16027059,22.551307219999998,"[22.551307219999998, 22.551307219999998]",43140,
train,R1,0.075,80,66,33.0,1.50358891,1.50358891,1.50358891,True,0.751794455,0.02278165015151515,A0,0.08252524207621281,"[0.08252524207621281, 0.08252524207621281]",2.0,0.12316810192188143,"[0.12316810192188143, 0.12316810192188143]",1.5,False,21.16027059,22.6638595,"[22.6638595, 22.6638595]",12517,
train,R1,0.09,80,66,33.0,1.5228957,1.5228957,1.5228957,True,0.76144785,0.023074177272727273,A0,0.10596301399229058,"[0.10596301399229058, 0.10596301399229058]",2.0,0.11190916724305633,"[0.11190916724305633, 0.11190916724305633]",1.5,False,21.16027059,22.68316629,"[22.68316629, 22.68316629]",9379,166660
train,R1,0.1,80,66,33.0,1.58172861,1.58172861,1.58172861,True,0.790864305,0.023965585,A0,0.07760020699356962,"[0.07760020699356962, 0.07760020699356962]",1.5,0.07760020699356962,"[0.07760020699356962, 0.07760020699356962]",1.5,False,21.16027059,22.7419992,"[22.7419992, 22.7419992]",12722,
train,S1,0.05,80,61,30.5,1.3816287399999998,1.3816287399999998,1.3816287399999998,True,0.6908143699999999,0.022649651475409833,A0,0.034013653194665316,"[0.034013653194665316, 0.034013653194665316]",0.0,0.19429031268029284,"[0.19429031268029284, 0.19429031268029284]",-1.0,False,1.7553568899999998,3.13698563,"[3.13698563, 3.13698563]",2887,
train,S1,0.075,80,62,31.0,1.6300866299999999,1.6300866299999999,1.6300866299999999,True,0.8150433149999999,0.026291719838709676,A0,0.005337611691980326,"[0.005337611691980326, 0.005337611691980326]",0.0,0.04939977655550565,"[0.04939977655550565, 0.04939977655550565]",-0.5,False,1.7553568899999998,3.38544352,"[3.38544352, 3.38544352]",16054,
train,S1,0.09,80,62,31.0,1.6858059499999998,1.6858059499999998,1.6858059499999998,True,0.8429029749999999,0.027190418548387094,A0,0.010324298287884726,"[0.010324298287884726, 0.010324298287884726]",0.0,0.016906535357536168,"[0.016906535357536168, 0.016906535357536168]",-0.5,True,1.7553568899999998,3.4411628399999996,"[3.4411628399999996, 3.4411628399999996]",7986,
train,S1,0.1,80,63,31.5,1.7035855599999998,1.7035855599999998,1.7035855599999998,True,0.8517927799999999,0.027041040634920632,A0,0.0065381899409763244,"[0.0065381899409763244, 0.0065381899409763244]",0.0,0.0065381899409763244,"[0.0065381899409763244, 0.0065381899409763244]",0.0,False,1.7553568899999998,3.4589424499999994,"[3.4589424499999994, 3.4589424499999994]",12526,
validation,A0,0.05,80,55,27.5,1.54628491,1.54628491,1.54628491,True,0.773142455,0.028114271090909092,A0,0.0,"[0.0, 0.0]",0.0,0.11859501591426624,"[0.11859501591426624, 0.11859501591426624]",-0.5,False,0.0,1.54628491,"[1.54628491, 1.54628491]",,
validation,A0,0.075,80,56,28.0,1.71198751,1.71198751,1.71198751,True,0.855993755,0.030571205535714286,A0,0.0,"[0.0, 0.0]",0.0,0.02414211362476215,"[0.02414211362476215, 0.02414211362476215]",0.0,False,0.0,1.71198751,"[1.71198751, 1.71198751]",,
validation,A0,0.09,80,56,28.0,1.7543410099999999,1.7543410099999999,1.7543410099999999,True,0.8771705049999999,0.031327518035714284,A0,0.0,"[0.0, 0.0]",0.0,0.0,"[0.0, 0.0]",0.0,True,0.0,1.7543410099999999,"[1.7543410099999999, 1.7543410099999999]",,
validation,A0,0.1,80,56,28.0,1.7543410099999999,1.7543410099999999,1.7543410099999999,True,0.8771705049999999,0.031327518035714284,A0,0.0,"[0.0, 0.0]",0.0,0.0,"[0.0, 0.0]",0.0,True,0.0,1.7543410099999999,"[1.7543410099999999, 1.7543410099999999]",,
validation,A1,0.05,80,56,28.0,1.7479195699999999,1.7479195699999999,1.7479195699999999,True,0.8739597849999999,0.03121284946428571,A0,-0.13039942296274476,"[-0.13039942296274476, -0.13039942296274476]",0.5,0.003660314592999203,"[0.003660314592999203, 0.003660314592999203]",0.0,True,,,,,
validation,A1,0.075,80,57,28.5,1.95725565,1.95725565,1.95725565,True,0.978627825,0.03433781842105263,A0,-0.143265145666863,"[-0.143265145666863, -0.143265145666863]",0.5,-0.11566430861694332,"[-0.11566430861694332, -0.11566430861694332]",0.5,False,,,,,
validation,A1,0.09,80,57,28.5,1.9873969999999999,1.9873969999999999,1.9873969999999999,True,0.9936984999999999,0.034866614035087715,A0,-0.1328453183682914,"[-0.1328453183682914, -0.1328453183682914]",0.5,-0.1328453183682914,"[-0.1328453183682914, -0.1328453183682914]",0.5,False,,,,,
validation,A1,0.1,80,57,28.5,2.00053497,2.00053497,2.00053497,True,1.000267485,0.035097104736842105,A0,-0.14033415316444087,"[-0.14033415316444087, -0.14033415316444087]",0.5,-0.14033415316444087,"[-0.14033415316444087, -0.14033415316444087]",0.5,False,,,,,
validation,A2,0.05,80,52,26.0,1.71229613,1.71229613,1.71229613,True,0.856148065,0.03292877173076923,A0,-0.10736134002626985,"[-0.10736134002626985, -0.10736134002626985]",-1.5,0.02396619571698888,"[0.02396619571698888, 0.02396619571698888]",-2.0,True,21.16027059,22.87256672,"[22.87256672, 22.87256672]",,
validation,A2,0.075,80,52,26.0,1.8202565,1.8202565,1.8202565,True,0.91012825,0.03500493269230769,A0,-0.06324169386025491,"[-0.06324169386025491, -0.06324169386025491]",-2.0,-0.03757279207649611,"[-0.03757279207649611, -0.03757279207649611]",-2.0,True,21.16027059,22.98052709,"[22.98052709, 22.98052709]",,
validation,A2,0.09,80,52,26.0,1.90256966,1.90256966,1.90256966,True,0.95128483,0.036587878076923076,A0,-0.08449249556105398,"[-0.08449249556105398, -0.08449249556105398]",-2.0,-0.08449249556105398,"[-0.08449249556105398, -0.08449249556105398]",-2.0,True,21.16027059,23.06284025,"[23.06284025, 23.06284025]",,
validation,A2,0.1,80,52,26.0,1.91452169,1.91452169,1.91452169,True,0.957260845,0.036817724807692305,A0,-0.09130532723509677,"[-0.09130532723509677, -0.09130532723509677]",-2.0,-0.09130532723509677,"[-0.09130532723509677, -0.09130532723509677]",-2.0,True,21.16027059,23.07479228,"[23.07479228, 23.07479228]",,
validation,B0,0.05,80,48,24.0,1.57059862,1.57059862,1.57059862,True,0.78529931,0.03272080458333333,B0,0.0,"[0.0, 0.0]",0.0,0.1568598961243608,"[0.1568598961243608, 0.1568598961243608]",-0.5,False,0.0,1.57059862,"[1.57059862, 1.57059862]",,
validation,B0,0.075,80,49,24.5,1.74625885,1.74625885,1.74625885,True,0.873129425,0.035637935714285716,B0,0.0,"[0.0, 0.0]",0.0,0.06256070173883488,"[0.06256070173883488, 0.06256070173883488]",0.0,False,0.0,1.74625885,"[1.74625885, 1.74625885]",,
validation,B0,0.09,80,49,24.5,1.83442501,1.83442501,1.83442501,True,0.917212505,0.037437245102040814,B0,0.0,"[0.0, 0.0]",0.0,0.015230706440153119,"[0.015230706440153119, 0.015230706440153119]",0.0,True,0.0,1.83442501,"[1.83442501, 1.83442501]",,
validation,B0,0.1,80,49,24.5,1.86279672,1.86279672,1.86279672,True,0.93139836,0.038016259591836736,B0,0.0,"[0.0, 0.0]",0.0,0.0,"[0.0, 0.0]",0.0,True,0.0,1.86279672,"[1.86279672, 1.86279672]",,
validation,B1,0.05,80,49,24.5,1.7880202399999998,1.7880202399999998,1.7880202399999998,True,0.8940101199999999,0.036490208979591834,B0,-0.13843232588603693,"[-0.13843232588603693, -0.13843232588603693]",0.5,0.04014205049706132,"[0.04014205049706132, 0.04014205049706132]",0.0,True,27.57797978,29.36600002,"[29.36600002, 29.36600002]",,
validation,B1,0.075,80,49,24.5,2.1062541599999998,2.1062541599999998,2.1062541599999998,True,1.0531270799999999,0.0429847787755102,B0,-0.20615231814000534,"[-0.20615231814000534, -0.20615231814000534]",0.0,-0.1306945827132442,"[-0.1306945827132442, -0.1306945827132442]",0.0,True,27.57797978,29.68423394,"[29.68423394, 29.68423394]",,
validation,B1,0.09,80,49,24.5,2.2512907099999997,2.2512907099999997,2.2512907099999997,True,1.1256453549999998,0.04594470836734693,B0,-0.2272459750208049,"[-0.2272459750208049, -0.2272459750208049]",0.0,-0.2085541518454035,"[-0.2085541518454035, -0.2085541518454035]",0.0,True,27.57797978,29.82927049,"[29.82927049, 29.82927049]",,
validation,B1,0.1,80,49,24.5,2.3974495399999998,2.3974495399999998,2.3974495399999998,True,1.1987247699999999,0.04892754163265306,B0,-0.287016191439289,"[-0.287016191439289, -0.287016191439289]",0.0,-0.287016191439289,"[-0.287016191439289, -0.287016191439289]",0.0,True,27.57797978,29.97542932,"[29.97542932, 29.97542932]",,
validation,B2,0.05,80,50,25.0,1.56853629,1.56853629,1.56853629,True,0.784268145,0.0313707258,B0,0.0013130853253900954,"[0.0013130853253900954, 0.0013130853253900954]",1.0,0.15796701102200783,"[0.15796701102200783, 0.15796701102200783]",0.5,False,44.71989878,46.28843507,"[46.28843507, 46.28843507]",1734733,
validation,B2,0.075,80,51,25.5,1.69703508,1.69703508,1.69703508,True,0.84851754,0.03327519764705882,B0,0.028188129153933872,"[0.028188129153933872, 0.028188129153933872]",1.0,0.08898536175219374,"[0.08898536175219374, 0.08898536175219374]",1.0,False,44.71989878,46.41693386,"[46.41693386, 46.41693386]",72681,
validation,B2,0.09,80,52,26.0,1.7938077000000001,1.7938077000000001,1.7938077000000001,True,0.8969038500000001,0.03449630192307693,B0,0.02214171185989211,"[0.02214171185989211, 0.02214171185989211]",1.5,0.037035184386624787,"[0.037035184386624787, 0.037035184386624787]",1.5,False,44.71989878,46.51370648,"[46.51370648, 46.51370648]",88081,
validation,B2,0.1,80,52,26.0,1.80228558,1.80228558,1.80228558,True,0.90114279,0.03465933807692308,B0,0.03248402756474689,"[0.03248402756474689, 0.03248402756474689]",1.5,0.03248402756474689,"[0.03248402756474689, 0.03248402756474689]",1.5,False,44.71989878,46.522184360000004,"[46.522184360000004, 46.522184360000004]",59123,
validation,O1,0.05,80,55,27.5,1.47902182,1.47902182,1.47902182,True,0.73951091,0.026891305818181818,A0,0.043499803668135106,"[0.043499803668135106, 0.043499803668135106]",0.0,0.15693595967411134,"[0.15693595967411134, 0.15693595967411134]",-0.5,False,23.46235247,24.94137429,"[24.94137429, 24.94137429]",27906,
validation,O1,0.075,80,56,28.0,1.58575407,1.58575407,1.58575407,True,0.792877035,0.028317036964285714,A0,0.0737350239196547,"[0.0737350239196547, 0.0737350239196547]",0.0,0.09609701821882388,"[0.09609701821882388, 0.09609701821882388]",0.0,False,23.46235247,25.04810654,"[25.04810654, 25.04810654]",14870,
validation,O1,0.09,80,56,28.0,1.63852108,1.63852108,1.63852108,True,0.81926054,0.029259305000000003,A0,0.06601905179198875,"[0.06601905179198875, 0.06601905179198875]",0.0,0.06601905179198875,"[0.06601905179198875, 0.06601905179198875]",0.0,False,23.46235247,25.10087355,"[25.10087355, 25.10087355]",16207,
validation,O1,0.1,80,56,28.0,1.67463898,1.67463898,1.67463898,True,0.83731949,0.0299042675,A0,0.045431321245804845,"[0.045431321245804845, 0.045431321245804845]",0.0,0.045431321245804845,"[0.045431321245804845, 0.045431321245804845]",0.0,False,23.46235247,25.13699145,"[25.13699145, 25.13699145]",23551,
validation,P1,0.05,80,49,24.5,1.4730329,1.4730329,1.4730329,True,0.73651645,0.030061895918367346,A0,0.04737290620006118,"[0.04737290620006118, 0.04737290620006118]",-3.0,0.16034973154962606,"[0.16034973154962606, 0.16034973154962606]",-3.5,False,2.09789942,3.57093232,"[3.57093232, 3.57093232]",2292,
validation,P1,0.075,80,50,25.0,1.60907045,1.60907045,1.60907045,True,0.804535225,0.032181409,A0,0.060115543716787956,"[0.060115543716787956, 0.060115543716787956]",-3.0,0.082806341054525,"[0.082806341054525, 0.082806341054525]",-3.0,True,2.09789942,3.70696987,"[3.70696987, 3.70696987]",1631,
validation,P1,0.09,80,50,25.0,1.68645702,1.68645702,1.68645702,True,0.84322851,0.033729140399999996,A0,0.0386948658288504,"[0.0386948658288504, 0.0386948658288504]",-3.0,0.0386948658288504,"[0.0386948658288504, 0.0386948658288504]",-3.0,True,2.09789942,3.78435644,"[3.78435644, 3.78435644]",2473,
validation,P1,0.1,80,50,25.0,1.70540656,1.70540656,1.70540656,True,0.85270328,0.034108131199999996,A0,0.027893351247600395,"[0.027893351247600395, 0.027893351247600395]",-3.0,0.027893351247600395,"[0.027893351247600395, 0.027893351247600395]",-3.0,True,2.09789942,3.80330598,"[3.80330598, 3.80330598]",3430,
validation,S1,0.05,80,55,27.5,1.72812986,1.72812986,1.72812986,True,0.86406493,0.03142054290909091,A0,-0.11760119291340687,"[-0.11760119291340687, -0.11760119291340687]",0.0,0.014940738345961546,"[0.014940738345961546, 0.014940738345961546]",-0.5,True,1.7553568899999998,3.48348675,"[3.48348675, 3.48348675]",,
validation,S1,0.075,80,55,27.5,1.90376605,1.90376605,1.90376605,True,0.951883025,0.03461392818181818,A0,-0.11202099248960051,"[-0.11202099248960051, -0.11202099248960051]",-0.5,-0.08517445533579604,"[-0.08517445533579604, -0.08517445533579604]",-0.5,True,1.7553568899999998,3.6591229399999996,"[3.6591229399999996, 3.6591229399999996]",,
validation,S1,0.09,80,55,27.5,1.94269714,1.94269714,1.94269714,True,0.97134857,0.03532176618181818,A0,-0.10736574527206666,"[-0.10736574527206666, -0.10736574527206666]",-0.5,-0.10736574527206666,"[-0.10736574527206666, -0.10736574527206666]",-0.5,True,1.7553568899999998,3.6980540299999998,"[3.6980540299999998, 3.6980540299999998]",,
validation,S1,0.1,80,55,27.5,1.95597527,1.95597527,1.95597527,True,0.977987635,0.035563186727272725,A0,-0.11493447331542472,"[-0.11493447331542472, -0.11493447331542472]",-0.5,-0.11493447331542472,"[-0.11493447331542472, -0.11493447331542472]",-0.5,True,1.7553568899999998,3.7113321599999995,"[3.7113321599999995, 3.7113321599999995]",,
