stage,arm,seed,n,theorems,solves,coverage,cost,cost_per_solve,failed_cost,requests,auto_finished,missing_usage,max_cell_cost,input_cost,output_cost,large_context_requests,cost_interval,cost_per_solve_interval,failed_cost_interval,bounded_cost_cells,unknown_charge_upper,cost_is_exact,billing_note
train,A0,0,40,40,31,0.775,0.9787314399999999,0.03157198193548387,0.5722889899999999,533,11,0,0.12912617999999998,0.48402244,0.49470899999999995,1,,,,,,,
train,A0,1,40,40,32,0.8,0.7360657899999999,0.023002055937499998,0.42707315999999995,520,9,0,0.08985352999999999,0.34499899,0.3910668,0,,,,,,,
train,A1,0,40,40,33,0.825,0.82080106,0.024872759393939393,0.42584795999999997,483,7,0,0.10541994,0.39872866,0.4220724,0,,,,,,,
train,A1,1,40,40,34,0.85,0.81540636,0.02398254,0.33239483,479,7,0,0.1173948,0.37005636,0.44534999999999997,0,,,,,,,
train,A2,0,40,40,32,0.8,0.72009943,0.0225031071875,0.35502276,499,8,0,0.1188013,0.32289823,0.3972012,0,,,,,,,
train,A2,1,40,40,29,0.725,0.98923903,0.03411169068965517,0.7104684600000001,578,6,0,0.10516041,0.45871902999999997,0.53052,0,,,,,,,
train,B0,0,40,40,31,0.775,0.90422764,0.029168633548387096,0.51246385,599,0,0,0.12077202000000001,0.39633004,0.5078976,0,,,,,,,
train,B0,1,40,40,30,0.75,0.90693578,0.030231192666666667,0.57875932,574,0,0,0.11388632999999998,0.40235857999999997,0.5045772,0,,,,,,,
train,B1,0,40,40,34,0.85,1.01154553,0.02975133911764706,0.59056519,467,0,1,0.25971182000000004,0.35277641,0.4363764,0,"[0.78915281, 1.01154553]","[0.023210376764705883, 0.02975133911764706]","[0.36817247, 0.59056519]",1,0.22239272,False,Cost fields use retained upper liability. The actual invoice is within cost_interval; input/output components cover only observed usage.
train,B1,1,40,40,31,0.775,0.86183751,0.02780121,0.59924583,526,0,0,0.12160035,0.37091751,0.49091999999999997,0,,,,,,,
train,B2,0,40,40,33,0.825,0.9459593199999999,0.028665433939393938,0.56311897,462,0,0,0.13455362999999998,0.40236772,0.5435916,0,,,,,,,
train,B2,1,40,40,33,0.825,0.86646084,0.02625638909090909,0.45385081,533,0,0,0.14132288999999998,0.38057484,0.485886,0,,,,,,,
train,O1,0,40,40,32,0.8,0.77930315,0.0243532234375,0.46325679999999997,451,7,0,0.10570252999999999,0.35115515,0.428148,0,,,,,,,
train,O1,1,40,40,32,0.8,0.71309278,0.022284149375,0.3952953,480,7,0,0.07896795,0.33267598,0.3804168,0,,,,,,,
train,P1,0,40,40,29,0.725,0.98283918,0.03389100620689655,0.70656998,582,5,0,0.13115788,0.47905277999999996,0.5037864,0,,,,,,,
train,P1,1,40,40,30,0.75,0.76224232,0.025408077333333334,0.48914501,550,9,0,0.08536818,0.36989632,0.392346,0,,,,,,,
train,R1,0,40,40,32,0.8,0.70627703,0.0220711571875,0.36403592999999995,476,7,0,0.10316596,0.39357383,0.3127032,0,,,,,,,
train,R1,1,40,40,34,0.85,0.87545158,0.02574857588235294,0.38244784,505,7,0,0.13836804000000003,0.40699078,0.4684608,0,,,,,,,
train,S1,0,40,40,32,0.8,0.82432968,0.0257603025,0.40732551999999994,486,10,0,0.12036926999999999,0.39610488,0.42822479999999996,0,,,,,,,
train,S1,1,40,40,31,0.775,0.8792558799999999,0.028363092903225803,0.58010953,477,7,0,0.10180602,0.42584308,0.45341279999999995,0,,,,,,,
train,online_A2,0,40,40,33,0.825,0.83458347,0.025290408181818182,0.42141417999999997,498,7,0,0.10323842999999999,0.43280067,0.4017828,0,,,,,,,
train,online_A2,1,40,40,31,0.775,0.78696859,0.025386083548387096,0.47655372999999995,533,9,0,0.08065167,0.41237419,0.3745944,0,,,,,,,
train,online_B1,0,40,40,32,0.8,0.7879169,0.024622403125,0.39048856,532,0,0,0.08413434,0.4175357,0.37038119999999997,0,,,,,,,
train,online_B1,1,40,40,32,0.8,0.9452376499999999,0.029538676562499998,0.53373896,501,0,0,0.15968534,0.50277125,0.4424664,1,,,,,,,
train,online_B2,0,40,40,33,0.825,0.83877565,0.02541744393939394,0.37718116,535,0,0,0.12397928999999999,0.38789605,0.4508796,0,,,,,,,
train,online_B2,1,40,40,31,0.775,0.95302296,0.030742676129032257,0.58503759,528,0,0,0.11857411,0.45500256,0.4980204,0,,,,,,,
validation,A0,0,40,40,28,0.7,0.8513016699999999,0.03040363107142857,0.60726801,566,9,0,0.13000575999999997,0.45628987,0.39501179999999997,1,,,,,,,
validation,A0,1,40,40,28,0.7,0.90303934,0.032251405,0.55454993,607,3,0,0.11172664999999998,0.49243774,0.4106016,1,,,,,,,
validation,A1,0,40,40,29,0.725,1.12215001,0.03869482793103448,0.8191951399999999,536,6,0,0.27332516,0.7716630099999999,0.350487,2,,,,,,,
validation,A1,1,40,40,28,0.7,0.87838496,0.031370891428571426,0.6324457,556,7,0,0.17190054999999999,0.51243116,0.3659538,1,,,,,,,
validation,A2,0,40,40,25,0.625,1.09481351,0.0437925404,0.92335547,590,5,0,0.26603846,0.71162951,0.383184,1,,,,,,,
validation,A2,1,40,40,27,0.675,0.81970818,0.030359562222222223,0.62587322,569,9,0,0.10059798,0.41358498,0.40612319999999996,0,,,,,,,
validation,B0,0,40,40,25,0.625,0.90755318,0.0363021272,0.67009136,681,0,0,0.10313854000000001,0.42189038,0.4856628,0,,,,,,,
validation,B0,1,40,40,24,0.6,0.95524354,0.039801814166666664,0.7843774800000001,666,0,0,0.11751567000000002,0.42434914,0.5308944,0,,,,,,,
validation,B1,0,40,40,26,0.65,1.1557898,0.044453453846153845,0.8979104099999999,647,0,0,0.1580936,0.5980946,0.5576952,1,,,,,,,
validation,B1,1,40,40,23,0.575,1.24165974,0.05398520608695652,1.09048407,662,0,0,0.14002596,0.51514734,0.7265124,0,,,,,,,
validation,B2,0,40,40,25,0.625,1.01230417,0.0404921668,0.74647078,619,0,0,0.13905541999999999,0.59317357,0.41913059999999996,1,,,,,,,
validation,B2,1,40,40,27,0.675,0.78998141,0.02925857074074074,0.57459708,584,0,0,0.10090557,0.47945141,0.31053,0,,,,,,,
validation,O1,0,40,40,28,0.7,0.9150645700000001,0.032680877500000004,0.65669234,558,8,0,0.12493967999999998,0.60505837,0.3100062,1,,,,,,,
validation,O1,1,40,40,28,0.7,0.7595744099999999,0.027127657499999996,0.53101037,567,4,0,0.0928317,0.38697321,0.37260119999999997,0,,,,,,,
validation,P1,0,40,40,27,0.675,0.81140304,0.030051964444444444,0.6080775199999999,594,3,0,0.11975482,0.41031384,0.4010892,0,,,,,,,
validation,P1,1,40,40,23,0.575,0.8940035199999999,0.03886971826086956,0.71850019,665,3,0,0.10193231999999999,0.46217272,0.43183079999999996,0,,,,,,,
validation,S1,0,40,40,28,0.7,0.99579635,0.03556415535714286,0.7538678400000001,548,7,0,0.24873624000000003,0.62361035,0.37218599999999996,1,,,,,,,
validation,S1,1,40,40,27,0.675,0.9601789199999999,0.03556218222222222,0.7411215899999999,574,6,0,0.17683286999999998,0.58414212,0.37603679999999995,1,,,,,,,
